<?xml version="1.0" encoding="UTF-8"?>
<osm version="0.6" generator="openstreetmap-cgimap 2.1.0 (244691 spike-07.openstreetmap.org)" copyright="OpenStreetMap and contributors" attribution="http://www.openstreetmap.org/copyright" license="http://opendatacommons.org/licenses/odbl/1-0/">
 <bounds minlat="34.2348940" minlon="-118.5944940" maxlat="34.2387250" maxlon="-118.5860720"/>
 <node id="122746953" visible="true" version="13" changeset="152051943" timestamp="2024-05-30T19:29:02Z" user="TheDutchMan13" uid="1330847" lat="34.2354638" lon="-118.5939818">
  <tag k="highway" v="traffic_signals"/>
  <tag k="traffic_signals" v="traffic_lights"/>
 </node>
 <node id="122746956" visible="true" version="7" changeset="34733005" timestamp="2015-10-19T13:42:39Z" user="Adam Martin" uid="1539368" lat="34.2354651" lon="-118.5924257"/>
 <node id="122746960" visible="true" version="8" changeset="34733005" timestamp="2015-10-19T13:42:39Z" user="Adam Martin" uid="1539368" lat="34.2354669" lon="-118.5907335"/>
 <node id="122902226" visible="true" version="6" changeset="114935156" timestamp="2021-12-14T18:32:58Z" user="Clarke22" uid="703694" lat="34.2330482" lon="-118.5907326">
  <tag k="highway" v="stop"/>
  <tag k="stop" v="all"/>
 </node>
 <node id="122902228" visible="true" version="7" changeset="116045693" timestamp="2022-01-12T00:25:15Z" user="Clarke22" uid="703694" lat="34.2384078" lon="-118.5919600"/>
 <node id="123132814" visible="true" version="8" changeset="113826752" timestamp="2021-11-15T22:03:58Z" user="Clarke22" uid="703694" lat="34.2382589" lon="-118.5885550">
  <tag k="highway" v="traffic_signals"/>
 </node>
 <node id="123132817" visible="true" version="6" changeset="136918202" timestamp="2023-06-03T23:42:51Z" user="Smol_Ame" uid="17331026" lat="34.2383184" lon="-118.5892429"/>
 <node id="123161651" visible="true" version="8" changeset="116047811" timestamp="2022-01-12T03:34:17Z" user="Clarke22" uid="703694" lat="34.2372386" lon="-118.5871755"/>
 <node id="123161657" visible="true" version="5" changeset="85469158" timestamp="2020-05-20T02:23:17Z" user="Clarke22" uid="703694" lat="34.2383759" lon="-118.5871838">
  <tag k="highway" v="turning_circle"/>
 </node>
 <node id="123218514" visible="true" version="7" changeset="34731791" timestamp="2015-10-19T13:03:50Z" user="Adam Martin" uid="1539368" lat="34.2329626" lon="-118.5942710"/>
 <node id="123218516" visible="true" version="7" changeset="113631005" timestamp="2021-11-11T00:50:10Z" user="Clarke22" uid="703694" lat="34.2374547" lon="-118.5940525"/>
 <node id="123218519" visible="true" version="5" changeset="114939221" timestamp="2021-12-14T20:45:12Z" user="Clarke22" uid="703694" lat="34.2401382" lon="-118.5950643"/>
 <node id="123218521" visible="true" version="8" changeset="114939221" timestamp="2021-12-14T20:45:12Z" user="Clarke22" uid="703694" lat="34.2409684" lon="-118.5957384"/>
 <node id="123218523" visible="true" version="5" changeset="34733005" timestamp="2015-10-19T13:42:39Z" user="Adam Martin" uid="1539368" lat="34.2414475" lon="-118.5963219">
  <tag k="highway" v="turning_circle"/>
 </node>
 <node id="123473939" visible="true" version="5" changeset="85469158" timestamp="2020-05-20T02:23:17Z" user="Clarke22" uid="703694" lat="34.2372406" lon="-118.5854720"/>
 <node id="123645492" visible="true" version="7" changeset="116047811" timestamp="2022-01-12T03:34:17Z" user="Clarke22" uid="703694" lat="34.2372030" lon="-118.5842242"/>
 <node id="123645495" visible="true" version="10" changeset="114935156" timestamp="2021-12-14T18:32:58Z" user="Clarke22" uid="703694" lat="34.2372277" lon="-118.5885557"/>
 <node id="365307773" visible="true" version="5" changeset="34736352" timestamp="2015-10-19T16:17:20Z" user="Adam Martin" uid="1539368" lat="34.2382611" lon="-118.5888341"/>
 <node id="365307774" visible="true" version="5" changeset="34736352" timestamp="2015-10-19T16:17:20Z" user="Adam Martin" uid="1539368" lat="34.2382877" lon="-118.5890822"/>
 <node id="365567200" visible="true" version="5" changeset="34736352" timestamp="2015-10-19T16:17:22Z" user="Adam Martin" uid="1539368" lat="34.2410580" lon="-118.5942401"/>
 <node id="365567202" visible="true" version="4" changeset="857083" timestamp="2009-03-25T14:27:19Z" user="mattmaxon" uid="96974" lat="34.2390037" lon="-118.5934538"/>
 <node id="365567203" visible="true" version="4" changeset="857083" timestamp="2009-03-25T14:27:19Z" user="mattmaxon" uid="96974" lat="34.2370453" lon="-118.5927157"/>
 <node id="365567204" visible="true" version="4" changeset="857083" timestamp="2009-03-25T14:27:19Z" user="mattmaxon" uid="96974" lat="34.2368537" lon="-118.5926642"/>
 <node id="365567206" visible="true" version="4" changeset="857083" timestamp="2009-03-25T14:27:19Z" user="mattmaxon" uid="96974" lat="34.2365060" lon="-118.5925869"/>
 <node id="365567207" visible="true" version="4" changeset="857083" timestamp="2009-03-25T14:27:19Z" user="mattmaxon" uid="96974" lat="34.2361158" lon="-118.5925440"/>
 <node id="365567208" visible="true" version="5" changeset="34733005" timestamp="2015-10-19T13:42:39Z" user="Adam Martin" uid="1539368" lat="34.2356054" lon="-118.5925323"/>
 <node id="365567209" visible="true" version="5" changeset="34733005" timestamp="2015-10-19T13:42:39Z" user="Adam Martin" uid="1539368" lat="34.2353256" lon="-118.5925341"/>
 <node id="365567211" visible="true" version="5" changeset="34733005" timestamp="2015-10-19T13:42:39Z" user="Adam Martin" uid="1539368" lat="34.2345164" lon="-118.5925578"/>
 <node id="365567212" visible="true" version="5" changeset="34733005" timestamp="2015-10-19T13:42:39Z" user="Adam Martin" uid="1539368" lat="34.2341027" lon="-118.5926160"/>
 <node id="365567213" visible="true" version="5" changeset="34733005" timestamp="2015-10-19T13:42:39Z" user="Adam Martin" uid="1539368" lat="34.2303393" lon="-118.5934511"/>
 <node id="365567215" visible="true" version="5" changeset="34733005" timestamp="2015-10-19T13:42:39Z" user="Adam Martin" uid="1539368" lat="34.2296278" lon="-118.5935075"/>
 <node id="365567216" visible="true" version="5" changeset="34733005" timestamp="2015-10-19T13:42:39Z" user="Adam Martin" uid="1539368" lat="34.2293962" lon="-118.5935002"/>
 <node id="365567218" visible="true" version="5" changeset="34733005" timestamp="2015-10-19T13:42:39Z" user="Adam Martin" uid="1539368" lat="34.2291404" lon="-118.5934747"/>
 <node id="365567219" visible="true" version="5" changeset="34733005" timestamp="2015-10-19T13:42:39Z" user="Adam Martin" uid="1539368" lat="34.2286576" lon="-118.5933783"/>
 <node id="365567220" visible="true" version="5" changeset="34733005" timestamp="2015-10-19T13:42:39Z" user="Adam Martin" uid="1539368" lat="34.2283278" lon="-118.5932818"/>
 <node id="366153495" visible="true" version="4" changeset="34733005" timestamp="2015-10-19T13:42:39Z" user="Adam Martin" uid="1539368" lat="34.2361847" lon="-118.5907291"/>
 <node id="366153567" visible="true" version="4" changeset="113631490" timestamp="2021-11-11T01:28:06Z" user="Clarke22" uid="703694" lat="34.2386193" lon="-118.5911455"/>
 <node id="366153701" visible="true" version="3" changeset="113631490" timestamp="2021-11-11T01:28:06Z" user="Clarke22" uid="703694" lat="34.2386389" lon="-118.5907863"/>
 <node id="366153703" visible="true" version="3" changeset="113631490" timestamp="2021-11-11T01:28:06Z" user="Clarke22" uid="703694" lat="34.2386433" lon="-118.5909619"/>
 <node id="366153790" visible="true" version="3" changeset="113631490" timestamp="2021-11-11T01:28:06Z" user="Clarke22" uid="703694" lat="34.2386233" lon="-118.5906539"/>
 <node id="366154451" visible="true" version="2" changeset="863225" timestamp="2009-03-27T22:39:12Z" user="mattmaxon" uid="96974" lat="34.2363828" lon="-118.5907335"/>
 <node id="366154452" visible="true" version="2" changeset="863225" timestamp="2009-03-27T22:39:12Z" user="mattmaxon" uid="96974" lat="34.2365318" lon="-118.5907850"/>
 <node id="366154454" visible="true" version="2" changeset="863225" timestamp="2009-03-27T22:39:12Z" user="mattmaxon" uid="96974" lat="34.2366525" lon="-118.5908622"/>
 <node id="366154456" visible="true" version="2" changeset="863225" timestamp="2009-03-27T22:39:12Z" user="mattmaxon" uid="96974" lat="34.2371918" lon="-118.5914201"/>
 <node id="366154457" visible="true" version="2" changeset="863225" timestamp="2009-03-27T22:39:12Z" user="mattmaxon" uid="96974" lat="34.2373124" lon="-118.5915060"/>
 <node id="366154459" visible="true" version="2" changeset="863225" timestamp="2009-03-27T22:39:12Z" user="mattmaxon" uid="96974" lat="34.2374472" lon="-118.5915918"/>
 <node id="366154461" visible="true" version="1" changeset="862678" timestamp="2009-03-27T12:28:42Z" user="mattmaxon" uid="96974" lat="34.2396823" lon="-118.5924415">
  <tag k="highway" v="turning_circle"/>
 </node>
 <node id="366154835" visible="true" version="8" changeset="113631005" timestamp="2021-11-11T00:50:10Z" user="Clarke22" uid="703694" lat="34.2370930" lon="-118.5939808"/>
 <node id="366155338" visible="true" version="7" changeset="34733005" timestamp="2015-10-19T13:42:39Z" user="Adam Martin" uid="1539368" lat="34.2330955" lon="-118.5941575"/>
 <node id="366155339" visible="true" version="7" changeset="34733005" timestamp="2015-10-19T13:42:39Z" user="Adam Martin" uid="1539368" lat="34.2331676" lon="-118.5941100"/>
 <node id="366155341" visible="true" version="7" changeset="34733005" timestamp="2015-10-19T13:42:39Z" user="Adam Martin" uid="1539368" lat="34.2334087" lon="-118.5940084"/>
 <node id="366155975" visible="true" version="5" changeset="34731791" timestamp="2015-10-19T13:03:50Z" user="Adam Martin" uid="1539368" lat="34.2329027" lon="-118.5943355"/>
 <node id="2592122690" visible="true" version="2" changeset="34733005" timestamp="2015-10-19T13:42:39Z" user="Adam Martin" uid="1539368" lat="34.2343255" lon="-118.5907335"/>
 <node id="3792676699" visible="true" version="1" changeset="34731791" timestamp="2015-10-19T13:03:46Z" user="Adam Martin" uid="1539368" lat="34.2328434" lon="-118.5944062"/>
 <node id="3792676705" visible="true" version="1" changeset="34731791" timestamp="2015-10-19T13:03:46Z" user="Adam Martin" uid="1539368" lat="34.2330333" lon="-118.5942074"/>
 <node id="3792676706" visible="true" version="2" changeset="34733005" timestamp="2015-10-19T13:42:39Z" user="Adam Martin" uid="1539368" lat="34.2332489" lon="-118.5940681"/>
 <node id="3792676707" visible="true" version="2" changeset="34733005" timestamp="2015-10-19T13:42:39Z" user="Adam Martin" uid="1539368" lat="34.2333265" lon="-118.5940360"/>
 <node id="3792676734" visible="true" version="1" changeset="34731791" timestamp="2015-10-19T13:03:47Z" user="Adam Martin" uid="1539368" lat="34.2320609" lon="-118.5951544"/>
 <node id="3792715275" visible="true" version="5" changeset="125063722" timestamp="2022-08-18T13:54:28Z" user="stst415" uid="15080366" lat="34.2282096" lon="-118.5933894"/>
 <node id="3792715277" visible="true" version="1" changeset="34733005" timestamp="2015-10-19T13:42:35Z" user="Adam Martin" uid="1539368" lat="34.2288998" lon="-118.5934347"/>
 <node id="3792715278" visible="true" version="1" changeset="34733005" timestamp="2015-10-19T13:42:35Z" user="Adam Martin" uid="1539368" lat="34.2298459" lon="-118.5935075"/>
 <node id="3792715279" visible="true" version="1" changeset="34733005" timestamp="2015-10-19T13:42:36Z" user="Adam Martin" uid="1539368" lat="34.2300595" lon="-118.5934893"/>
 <node id="3792715280" visible="true" version="1" changeset="34733005" timestamp="2015-10-19T13:42:36Z" user="Adam Martin" uid="1539368" lat="34.2305589" lon="-118.5934093"/>
 <node id="3792715281" visible="true" version="1" changeset="34733005" timestamp="2015-10-19T13:42:36Z" user="Adam Martin" uid="1539368" lat="34.2343193" lon="-118.5925796"/>
 <node id="3792715282" visible="true" version="1" changeset="34733005" timestamp="2015-10-19T13:42:36Z" user="Adam Martin" uid="1539368" lat="34.2346954" lon="-118.5925432"/>
 <node id="3792715283" visible="true" version="2" changeset="125063722" timestamp="2022-08-18T13:54:28Z" user="stst415" uid="15080366" lat="34.2354651" lon="-118.5926602"/>
 <node id="3792715284" visible="true" version="2" changeset="113631005" timestamp="2021-11-11T00:50:10Z" user="Clarke22" uid="703694" lat="34.2335022" lon="-118.5939880"/>
 <node id="3792715285" visible="true" version="2" changeset="113631005" timestamp="2021-11-11T00:50:10Z" user="Clarke22" uid="703694" lat="34.2336282" lon="-118.5939746"/>
 <node id="3792729596" visible="true" version="2" changeset="114939221" timestamp="2021-12-14T20:45:12Z" user="Clarke22" uid="703694" lat="34.2408648" lon="-118.5956154"/>
 <node id="3792729597" visible="true" version="2" changeset="114939221" timestamp="2021-12-14T20:45:12Z" user="Clarke22" uid="703694" lat="34.2407815" lon="-118.5955179"/>
 <node id="3792729598" visible="true" version="2" changeset="114939221" timestamp="2021-12-14T20:45:12Z" user="Clarke22" uid="703694" lat="34.2407070" lon="-118.5954397"/>
 <node id="3792729599" visible="true" version="2" changeset="114939221" timestamp="2021-12-14T20:45:12Z" user="Clarke22" uid="703694" lat="34.2405022" lon="-118.5952671"/>
 <node id="3792729600" visible="true" version="2" changeset="114939221" timestamp="2021-12-14T20:45:12Z" user="Clarke22" uid="703694" lat="34.2404267" lon="-118.5952126"/>
 <node id="3792729601" visible="true" version="1" changeset="34733693" timestamp="2015-10-19T14:17:52Z" user="Adam Martin" uid="1539368" lat="34.2403509" lon="-118.5951657"/>
 <node id="3792729603" visible="true" version="1" changeset="34733693" timestamp="2015-10-19T14:17:52Z" user="Adam Martin" uid="1539368" lat="34.2373681" lon="-118.5940245"/>
 <node id="3792729604" visible="true" version="2" changeset="113631005" timestamp="2021-11-11T00:50:10Z" user="Clarke22" uid="703694" lat="34.2371866" lon="-118.5939871"/>
 <node id="3792729605" visible="true" version="2" changeset="113631005" timestamp="2021-11-11T00:50:10Z" user="Clarke22" uid="703694" lat="34.2372839" lon="-118.5940040"/>
 <node id="3792885082" visible="true" version="1" changeset="34736352" timestamp="2015-10-19T16:17:18Z" user="Adam Martin" uid="1539368" lat="34.2365879" lon="-118.5960916"/>
 <node id="3792885083" visible="true" version="1" changeset="34736352" timestamp="2015-10-19T16:17:18Z" user="Adam Martin" uid="1539368" lat="34.2365927" lon="-118.5939795"/>
 <node id="3792885086" visible="true" version="1" changeset="34736352" timestamp="2015-10-19T16:17:18Z" user="Adam Martin" uid="1539368" lat="34.2382744" lon="-118.5889998"/>
 <node id="3792885087" visible="true" version="1" changeset="34736352" timestamp="2015-10-19T16:17:18Z" user="Adam Martin" uid="1539368" lat="34.2382649" lon="-118.5889159"/>
 <node id="3902625519" visible="true" version="2" changeset="40754369" timestamp="2016-07-15T06:28:46Z" user="PlaneMad" uid="1306" lat="34.2393663" lon="-118.5903732"/>
 <node id="3902625520" visible="true" version="2" changeset="40754369" timestamp="2016-07-15T06:28:46Z" user="PlaneMad" uid="1306" lat="34.2388197" lon="-118.5905027"/>
 <node id="3902625521" visible="true" version="2" changeset="40754369" timestamp="2016-07-15T06:28:46Z" user="PlaneMad" uid="1306" lat="34.2385814" lon="-118.5894950"/>
 <node id="3902625522" visible="true" version="2" changeset="40754369" timestamp="2016-07-15T06:28:46Z" user="PlaneMad" uid="1306" lat="34.2391517" lon="-118.5893689"/>
 <node id="4020500468" visible="true" version="2" changeset="114935156" timestamp="2021-12-14T18:32:58Z" user="Clarke22" uid="703694" lat="34.2347400" lon="-118.5885503"/>
 <node id="4035394763" visible="true" version="4" changeset="114935156" timestamp="2021-12-14T18:32:58Z" user="Clarke22" uid="703694" lat="34.2361339" lon="-118.5885506"/>
 <node id="4035394765" visible="true" version="3" changeset="113826979" timestamp="2021-11-15T22:11:12Z" user="Clarke22" uid="703694" lat="34.2375937" lon="-118.5885555"/>
 <node id="4035394766" visible="true" version="3" changeset="136918202" timestamp="2023-06-03T23:42:51Z" user="Smol_Ame" uid="17331026" lat="34.2378102" lon="-118.5885540"/>
 <node id="4035394768" visible="true" version="2" changeset="113826752" timestamp="2021-11-15T22:03:58Z" user="Clarke22" uid="703694" lat="34.2386681" lon="-118.5885558"/>
 <node id="4035394769" visible="true" version="5" changeset="136918202" timestamp="2023-06-03T23:42:51Z" user="Smol_Ame" uid="17331026" lat="34.2388337" lon="-118.5885533"/>
 <node id="4035566089" visible="true" version="1" changeset="37555616" timestamp="2016-03-01T21:38:19Z" user="karitotp" uid="2748195" lat="34.2354638" lon="-118.5947134"/>
 <node id="4035566091" visible="true" version="1" changeset="37555616" timestamp="2016-03-01T21:38:19Z" user="karitotp" uid="2748195" lat="34.2354651" lon="-118.5931662"/>
 <node id="4035566093" visible="true" version="1" changeset="37555616" timestamp="2016-03-01T21:38:19Z" user="karitotp" uid="2748195" lat="34.2354668" lon="-118.5851775"/>
 <node id="4035566095" visible="true" version="1" changeset="37555616" timestamp="2016-03-01T21:38:19Z" user="karitotp" uid="2748195" lat="34.2354681" lon="-118.5873704"/>
 <node id="4035566096" visible="true" version="1" changeset="37555616" timestamp="2016-03-01T21:38:19Z" user="karitotp" uid="2748195" lat="34.2354682" lon="-118.5892670"/>
 <node id="4255652367" visible="true" version="3" changeset="113631005" timestamp="2021-11-11T00:50:10Z" user="Clarke22" uid="703694" lat="34.2287419" lon="-118.5951826"/>
 <node id="4255663258" visible="true" version="3" changeset="113631005" timestamp="2021-11-11T00:50:10Z" user="Clarke22" uid="703694" lat="34.2283126" lon="-118.5934268"/>
 <node id="4255663259" visible="true" version="1" changeset="40171294" timestamp="2016-06-21T03:35:16Z" user="Clarke22" uid="703694" lat="34.2286980" lon="-118.5935227"/>
 <node id="4255663260" visible="true" version="1" changeset="40171294" timestamp="2016-06-21T03:35:16Z" user="Clarke22" uid="703694" lat="34.2293259" lon="-118.5936251"/>
 <node id="4255663261" visible="true" version="1" changeset="40171294" timestamp="2016-06-21T03:35:16Z" user="Clarke22" uid="703694" lat="34.2297694" lon="-118.5936376"/>
 <node id="4255663262" visible="true" version="1" changeset="40171294" timestamp="2016-06-21T03:35:16Z" user="Clarke22" uid="703694" lat="34.2301802" lon="-118.5936079"/>
 <node id="4255663263" visible="true" version="1" changeset="40171294" timestamp="2016-06-21T03:35:16Z" user="Clarke22" uid="703694" lat="34.2308433" lon="-118.5934756"/>
 <node id="4255663264" visible="true" version="2" changeset="40272196" timestamp="2016-06-24T21:34:14Z" user="Clarke22" uid="703694" lat="34.2342855" lon="-118.5927113"/>
 <node id="4255663265" visible="true" version="2" changeset="40272196" timestamp="2016-06-24T21:34:14Z" user="Clarke22" uid="703694" lat="34.2348128" lon="-118.5926648"/>
 <node id="4255663266" visible="true" version="3" changeset="113631490" timestamp="2021-11-11T01:28:06Z" user="Clarke22" uid="703694" lat="34.2352926" lon="-118.5926758">
  <tag k="barrier" v="gate"/>
 </node>
 <node id="4255663267" visible="true" version="4" changeset="114939221" timestamp="2021-12-14T20:45:12Z" user="Clarke22" uid="703694" lat="34.2353419" lon="-118.5924043"/>
 <node id="4255663268" visible="true" version="2" changeset="40272196" timestamp="2016-06-24T21:34:14Z" user="Clarke22" uid="703694" lat="34.2345845" lon="-118.5924151"/>
 <node id="4255663269" visible="true" version="2" changeset="40272196" timestamp="2016-06-24T21:34:14Z" user="Clarke22" uid="703694" lat="34.2340819" lon="-118.5924799"/>
 <node id="4255663270" visible="true" version="1" changeset="40171294" timestamp="2016-06-21T03:35:16Z" user="Clarke22" uid="703694" lat="34.2319862" lon="-118.5929554"/>
 <node id="4255663271" visible="true" version="1" changeset="40171294" timestamp="2016-06-21T03:35:16Z" user="Clarke22" uid="703694" lat="34.2311869" lon="-118.5931366"/>
 <node id="4255663272" visible="true" version="1" changeset="40171294" timestamp="2016-06-21T03:35:16Z" user="Clarke22" uid="703694" lat="34.2305308" lon="-118.5932807"/>
 <node id="4255663273" visible="true" version="1" changeset="40171294" timestamp="2016-06-21T03:35:16Z" user="Clarke22" uid="703694" lat="34.2299688" lon="-118.5933688"/>
 <node id="4255663274" visible="true" version="1" changeset="40171294" timestamp="2016-06-21T03:35:16Z" user="Clarke22" uid="703694" lat="34.2295658" lon="-118.5933714"/>
 <node id="4255663275" visible="true" version="1" changeset="40171294" timestamp="2016-06-21T03:35:16Z" user="Clarke22" uid="703694" lat="34.2288406" lon="-118.5932954"/>
 <node id="4255663276" visible="true" version="4" changeset="114942625" timestamp="2021-12-14T23:17:48Z" user="Clarke22" uid="703694" lat="34.2283117" lon="-118.5931385"/>
 <node id="4255663277" visible="true" version="1" changeset="40171294" timestamp="2016-06-21T03:35:16Z" user="Clarke22" uid="703694" lat="34.2292533" lon="-118.5933582"/>
 <node id="4255663278" visible="true" version="1" changeset="40171294" timestamp="2016-06-21T03:35:16Z" user="Clarke22" uid="703694" lat="34.2291102" lon="-118.5936012"/>
 <node id="4255663279" visible="true" version="1" changeset="40171294" timestamp="2016-06-21T03:35:16Z" user="Clarke22" uid="703694" lat="34.2303118" lon="-118.5933254"/>
 <node id="4255663280" visible="true" version="2" changeset="113631005" timestamp="2021-11-11T00:50:10Z" user="Clarke22" uid="703694" lat="34.2365955" lon="-118.5927830"/>
 <node id="4255663281" visible="true" version="3" changeset="113631005" timestamp="2021-11-11T00:50:10Z" user="Clarke22" uid="703694" lat="34.2355942" lon="-118.5924067"/>
 <node id="4255663282" visible="true" version="1" changeset="40171294" timestamp="2016-06-21T03:35:16Z" user="Clarke22" uid="703694" lat="34.2360903" lon="-118.5924183"/>
 <node id="4255663283" visible="true" version="1" changeset="40171294" timestamp="2016-06-21T03:35:16Z" user="Clarke22" uid="703694" lat="34.2365437" lon="-118.5924738"/>
 <node id="4255663284" visible="true" version="1" changeset="40171294" timestamp="2016-06-21T03:35:16Z" user="Clarke22" uid="703694" lat="34.2369512" lon="-118.5925724"/>
 <node id="4255663285" visible="true" version="1" changeset="40171294" timestamp="2016-06-21T03:35:16Z" user="Clarke22" uid="703694" lat="34.2372008" lon="-118.5926432"/>
 <node id="4255663286" visible="true" version="1" changeset="40171294" timestamp="2016-06-21T03:35:16Z" user="Clarke22" uid="703694" lat="34.2376109" lon="-118.5927911"/>
 <node id="4255663287" visible="true" version="1" changeset="40171294" timestamp="2016-06-21T03:35:16Z" user="Clarke22" uid="703694" lat="34.2393791" lon="-118.5934609"/>
 <node id="4255663288" visible="true" version="1" changeset="40171294" timestamp="2016-06-21T03:35:16Z" user="Clarke22" uid="703694" lat="34.2396834" lon="-118.5936201"/>
 <node id="4255663489" visible="true" version="1" changeset="40171294" timestamp="2016-06-21T03:35:16Z" user="Clarke22" uid="703694" lat="34.2408313" lon="-118.5940433"/>
 <node id="4255663490" visible="true" version="2" changeset="113631005" timestamp="2021-11-11T00:50:10Z" user="Clarke22" uid="703694" lat="34.2368880" lon="-118.5928494"/>
 <node id="4255663491" visible="true" version="2" changeset="113631005" timestamp="2021-11-11T00:50:10Z" user="Clarke22" uid="703694" lat="34.2371927" lon="-118.5929452"/>
 <node id="4255663493" visible="true" version="1" changeset="40171294" timestamp="2016-06-21T03:35:16Z" user="Clarke22" uid="703694" lat="34.2393378" lon="-118.5937544"/>
 <node id="4255663494" visible="true" version="1" changeset="40171294" timestamp="2016-06-21T03:35:16Z" user="Clarke22" uid="703694" lat="34.2396714" lon="-118.5938298"/>
 <node id="4255663495" visible="true" version="2" changeset="40347917" timestamp="2016-06-28T16:37:34Z" user="Clarke22" uid="703694" lat="34.2410083" lon="-118.5943419"/>
 <node id="4255663497" visible="true" version="2" changeset="114939221" timestamp="2021-12-14T20:45:12Z" user="Clarke22" uid="703694" lat="34.2413141" lon="-118.5961694"/>
 <node id="4255663499" visible="true" version="2" changeset="113631005" timestamp="2021-11-11T00:50:10Z" user="Clarke22" uid="703694" lat="34.2362395" lon="-118.5927276"/>
 <node id="4255663500" visible="true" version="2" changeset="113631005" timestamp="2021-11-11T00:50:10Z" user="Clarke22" uid="703694" lat="34.2359050" lon="-118.5926950"/>
 <node id="4255663501" visible="true" version="3" changeset="113631005" timestamp="2021-11-11T00:50:10Z" user="Clarke22" uid="703694" lat="34.2355941" lon="-118.5926837"/>
 <node id="4255663502" visible="true" version="2" changeset="114939221" timestamp="2021-12-14T20:45:12Z" user="Clarke22" uid="703694" lat="34.2392592" lon="-118.5947366"/>
 <node id="4255663503" visible="true" version="1" changeset="40171294" timestamp="2016-06-21T03:35:17Z" user="Clarke22" uid="703694" lat="34.2395027" lon="-118.5937910"/>
 <node id="4255663504" visible="true" version="2" changeset="114939221" timestamp="2021-12-14T20:45:12Z" user="Clarke22" uid="703694" lat="34.2405699" lon="-118.5953174"/>
 <node id="4255663505" visible="true" version="1" changeset="40171294" timestamp="2016-06-21T03:35:17Z" user="Clarke22" uid="703694" lat="34.2410526" lon="-118.5944149"/>
 <node id="4263468596" visible="true" version="2" changeset="113631005" timestamp="2021-11-11T00:50:10Z" user="Clarke22" uid="703694" lat="34.2283787" lon="-118.5934413">
  <tag k="barrier" v="gate"/>
 </node>
 <node id="4263468597" visible="true" version="2" changeset="113631005" timestamp="2021-11-11T00:50:10Z" user="Clarke22" uid="703694" lat="34.2283854" lon="-118.5931677">
  <tag k="barrier" v="gate"/>
 </node>
 <node id="4263468598" visible="true" version="2" changeset="113631490" timestamp="2021-11-11T01:28:06Z" user="Clarke22" uid="703694" lat="34.2352680" lon="-118.5924039">
  <tag k="barrier" v="gate"/>
 </node>
 <node id="4263468599" visible="true" version="1" changeset="40272196" timestamp="2016-06-24T21:34:04Z" user="Clarke22" uid="703694" lat="34.2345968" lon="-118.5926733"/>
 <node id="4263468600" visible="true" version="1" changeset="40272196" timestamp="2016-06-24T21:34:04Z" user="Clarke22" uid="703694" lat="34.2339954" lon="-118.5927651"/>
 <node id="4263468601" visible="true" version="1" changeset="40272196" timestamp="2016-06-24T21:34:04Z" user="Clarke22" uid="703694" lat="34.2337656" lon="-118.5925518"/>
 <node id="4263468602" visible="true" version="3" changeset="114939221" timestamp="2021-12-14T20:45:12Z" user="Clarke22" uid="703694" lat="34.2353379" lon="-118.5926829"/>
 <node id="4263468603" visible="true" version="2" changeset="113631005" timestamp="2021-11-11T00:50:10Z" user="Clarke22" uid="703694" lat="34.2356576" lon="-118.5924077">
  <tag k="barrier" v="gate"/>
 </node>
 <node id="4263468670" visible="true" version="2" changeset="40540774" timestamp="2016-07-07T12:33:58Z" user="saikabhi_LA_imports" uid="4221399" lat="34.2386223" lon="-118.5940663"/>
 <node id="4263468672" visible="true" version="3" changeset="41024056" timestamp="2016-07-25T22:05:28Z" user="Luis36995_labuildings" uid="3851527" lat="34.2383944" lon="-118.5935227"/>
 <node id="4263468673" visible="true" version="3" changeset="41024056" timestamp="2016-07-25T22:05:28Z" user="Luis36995_labuildings" uid="3851527" lat="34.2382610" lon="-118.5940343"/>
 <node id="4263468675" visible="true" version="2" changeset="40540774" timestamp="2016-07-07T12:33:58Z" user="saikabhi_LA_imports" uid="4221399" lat="34.2382852" lon="-118.5934814"/>
 <node id="4263468676" visible="true" version="2" changeset="40540774" timestamp="2016-07-07T12:33:58Z" user="saikabhi_LA_imports" uid="4221399" lat="34.2381564" lon="-118.5939739"/>
 <node id="4263468677" visible="true" version="2" changeset="40540774" timestamp="2016-07-07T12:33:58Z" user="saikabhi_LA_imports" uid="4221399" lat="34.2379836" lon="-118.5939070"/>
 <node id="4263468678" visible="true" version="2" changeset="40540774" timestamp="2016-07-07T12:33:58Z" user="saikabhi_LA_imports" uid="4221399" lat="34.2379985" lon="-118.5938513"/>
 <node id="4263468679" visible="true" version="2" changeset="40540774" timestamp="2016-07-07T12:33:58Z" user="saikabhi_LA_imports" uid="4221399" lat="34.2378181" lon="-118.5937815"/>
 <node id="4263468680" visible="true" version="2" changeset="40540774" timestamp="2016-07-07T12:33:58Z" user="saikabhi_LA_imports" uid="4221399" lat="34.2379521" lon="-118.5933551"/>
 <node id="4263468681" visible="true" version="2" changeset="40540774" timestamp="2016-07-07T12:33:58Z" user="saikabhi_LA_imports" uid="4221399" lat="34.2379249" lon="-118.5933730"/>
 <node id="4263468682" visible="true" version="2" changeset="40540774" timestamp="2016-07-07T12:33:58Z" user="saikabhi_LA_imports" uid="4221399" lat="34.2375024" lon="-118.5932206"/>
 <node id="4263468684" visible="true" version="2" changeset="40540774" timestamp="2016-07-07T12:33:58Z" user="saikabhi_LA_imports" uid="4221399" lat="34.2377517" lon="-118.5937771"/>
 <node id="4263468686" visible="true" version="2" changeset="40540774" timestamp="2016-07-07T12:33:58Z" user="saikabhi_LA_imports" uid="4221399" lat="34.2374819" lon="-118.5932482"/>
 <node id="4263468687" visible="true" version="2" changeset="40540774" timestamp="2016-07-07T12:33:58Z" user="saikabhi_LA_imports" uid="4221399" lat="34.2374820" lon="-118.5931953"/>
 <node id="4263468688" visible="true" version="2" changeset="40540774" timestamp="2016-07-07T12:33:58Z" user="saikabhi_LA_imports" uid="4221399" lat="34.2366908" lon="-118.5929419"/>
 <node id="4263468689" visible="true" version="2" changeset="40540774" timestamp="2016-07-07T12:33:58Z" user="saikabhi_LA_imports" uid="4221399" lat="34.2366910" lon="-118.5936004"/>
 <node id="4263468690" visible="true" version="2" changeset="40540774" timestamp="2016-07-07T12:33:58Z" user="saikabhi_LA_imports" uid="4221399" lat="34.2371509" lon="-118.5936003"/>
 <node id="4263468691" visible="true" version="2" changeset="40540774" timestamp="2016-07-07T12:33:58Z" user="saikabhi_LA_imports" uid="4221399" lat="34.2371509" lon="-118.5936519"/>
 <node id="4263468692" visible="true" version="2" changeset="40540774" timestamp="2016-07-07T12:33:58Z" user="saikabhi_LA_imports" uid="4221399" lat="34.2364980" lon="-118.5928757"/>
 <node id="4263468693" visible="true" version="2" changeset="40540774" timestamp="2016-07-07T12:33:58Z" user="saikabhi_LA_imports" uid="4221399" lat="34.2364983" lon="-118.5935935"/>
 <node id="4263468694" visible="true" version="2" changeset="40540774" timestamp="2016-07-07T12:33:58Z" user="saikabhi_LA_imports" uid="4221399" lat="34.2359927" lon="-118.5935922"/>
 <node id="4263468695" visible="true" version="2" changeset="40540774" timestamp="2016-07-07T12:33:58Z" user="saikabhi_LA_imports" uid="4221399" lat="34.2359927" lon="-118.5936159"/>
 <node id="4263468696" visible="true" version="2" changeset="40540774" timestamp="2016-07-07T12:33:58Z" user="saikabhi_LA_imports" uid="4221399" lat="34.2358981" lon="-118.5936156"/>
 <node id="4263468697" visible="true" version="2" changeset="40540774" timestamp="2016-07-07T12:33:58Z" user="saikabhi_LA_imports" uid="4221399" lat="34.2358767" lon="-118.5935879"/>
 <node id="4263468698" visible="true" version="2" changeset="40540774" timestamp="2016-07-07T12:33:58Z" user="saikabhi_LA_imports" uid="4221399" lat="34.2358776" lon="-118.5935213"/>
 <node id="4263468699" visible="true" version="2" changeset="40540774" timestamp="2016-07-07T12:33:58Z" user="saikabhi_LA_imports" uid="4221399" lat="34.2358468" lon="-118.5934823"/>
 <node id="4263468700" visible="true" version="2" changeset="40540774" timestamp="2016-07-07T12:33:58Z" user="saikabhi_LA_imports" uid="4221399" lat="34.2358270" lon="-118.5934833"/>
 <node id="4263468701" visible="true" version="2" changeset="40540774" timestamp="2016-07-07T12:33:58Z" user="saikabhi_LA_imports" uid="4221399" lat="34.2358120" lon="-118.5934646"/>
 <node id="4263468702" visible="true" version="2" changeset="40540774" timestamp="2016-07-07T12:33:58Z" user="saikabhi_LA_imports" uid="4221399" lat="34.2358119" lon="-118.5932459"/>
 <node id="4263468703" visible="true" version="2" changeset="40540774" timestamp="2016-07-07T12:33:58Z" user="saikabhi_LA_imports" uid="4221399" lat="34.2358535" lon="-118.5932458"/>
 <node id="4263468704" visible="true" version="2" changeset="40540774" timestamp="2016-07-07T12:33:58Z" user="saikabhi_LA_imports" uid="4221399" lat="34.2358533" lon="-118.5928749"/>
 <node id="4288031284" visible="true" version="1" changeset="40540774" timestamp="2016-07-07T12:15:28Z" user="saikabhi_LA_imports" uid="4221399" lat="34.2358143" lon="-118.5943730"/>
 <node id="4288031285" visible="true" version="1" changeset="40540774" timestamp="2016-07-07T12:15:28Z" user="saikabhi_LA_imports" uid="4221399" lat="34.2358152" lon="-118.5946547"/>
 <node id="4288031286" visible="true" version="1" changeset="40540774" timestamp="2016-07-07T12:15:28Z" user="saikabhi_LA_imports" uid="4221399" lat="34.2358153" lon="-118.5945132"/>
 <node id="4288031287" visible="true" version="1" changeset="40540774" timestamp="2016-07-07T12:15:28Z" user="saikabhi_LA_imports" uid="4221399" lat="34.2358156" lon="-118.5943209"/>
 <node id="4288031288" visible="true" version="1" changeset="40540774" timestamp="2016-07-07T12:15:28Z" user="saikabhi_LA_imports" uid="4221399" lat="34.2358157" lon="-118.5946115"/>
 <node id="4288031331" visible="true" version="1" changeset="40540774" timestamp="2016-07-07T12:15:30Z" user="saikabhi_LA_imports" uid="4221399" lat="34.2359265" lon="-118.5941887"/>
 <node id="4288031332" visible="true" version="1" changeset="40540774" timestamp="2016-07-07T12:15:30Z" user="saikabhi_LA_imports" uid="4221399" lat="34.2359268" lon="-118.5942092"/>
 <node id="4288031335" visible="true" version="1" changeset="40540774" timestamp="2016-07-07T12:15:30Z" user="saikabhi_LA_imports" uid="4221399" lat="34.2359321" lon="-118.5941808"/>
 <node id="4288031336" visible="true" version="1" changeset="40540774" timestamp="2016-07-07T12:15:30Z" user="saikabhi_LA_imports" uid="4221399" lat="34.2359346" lon="-118.5942143"/>
 <node id="4288031341" visible="true" version="1" changeset="40540774" timestamp="2016-07-07T12:15:30Z" user="saikabhi_LA_imports" uid="4221399" lat="34.2359726" lon="-118.5941330"/>
 <node id="4288031346" visible="true" version="1" changeset="40540774" timestamp="2016-07-07T12:15:30Z" user="saikabhi_LA_imports" uid="4221399" lat="34.2360136" lon="-118.5941327"/>
 <node id="4288031347" visible="true" version="1" changeset="40540774" timestamp="2016-07-07T12:15:30Z" user="saikabhi_LA_imports" uid="4221399" lat="34.2360235" lon="-118.5941482"/>
 <node id="4288031348" visible="true" version="1" changeset="40540774" timestamp="2016-07-07T12:15:30Z" user="saikabhi_LA_imports" uid="4221399" lat="34.2360310" lon="-118.5928140"/>
 <node id="4288031349" visible="true" version="1" changeset="40540774" timestamp="2016-07-07T12:15:30Z" user="saikabhi_LA_imports" uid="4221399" lat="34.2360311" lon="-118.5928748"/>
 <node id="4288031352" visible="true" version="1" changeset="40540774" timestamp="2016-07-07T12:15:30Z" user="saikabhi_LA_imports" uid="4221399" lat="34.2360778" lon="-118.5941487"/>
 <node id="4288031355" visible="true" version="1" changeset="40540774" timestamp="2016-07-07T12:15:30Z" user="saikabhi_LA_imports" uid="4221399" lat="34.2360906" lon="-118.5941330"/>
 <node id="4288031356" visible="true" version="1" changeset="40540774" timestamp="2016-07-07T12:15:30Z" user="saikabhi_LA_imports" uid="4221399" lat="34.2360973" lon="-118.5928140"/>
 <node id="4288031357" visible="true" version="1" changeset="40540774" timestamp="2016-07-07T12:15:30Z" user="saikabhi_LA_imports" uid="4221399" lat="34.2360974" lon="-118.5928749"/>
 <node id="4288031373" visible="true" version="1" changeset="40540774" timestamp="2016-07-07T12:15:31Z" user="saikabhi_LA_imports" uid="4221399" lat="34.2361323" lon="-118.5941346"/>
 <node id="4288031374" visible="true" version="1" changeset="40540774" timestamp="2016-07-07T12:15:31Z" user="saikabhi_LA_imports" uid="4221399" lat="34.2361410" lon="-118.5941470"/>
 <node id="4288031385" visible="true" version="1" changeset="40540774" timestamp="2016-07-07T12:15:31Z" user="saikabhi_LA_imports" uid="4221399" lat="34.2361969" lon="-118.5941474"/>
 <node id="4288031386" visible="true" version="1" changeset="40540774" timestamp="2016-07-07T12:15:31Z" user="saikabhi_LA_imports" uid="4221399" lat="34.2362076" lon="-118.5941324"/>
 <node id="4288031387" visible="true" version="1" changeset="40540774" timestamp="2016-07-07T12:15:31Z" user="saikabhi_LA_imports" uid="4221399" lat="34.2362508" lon="-118.5941321"/>
 <node id="4288031388" visible="true" version="1" changeset="40540774" timestamp="2016-07-07T12:15:31Z" user="saikabhi_LA_imports" uid="4221399" lat="34.2362737" lon="-118.5941636"/>
 <node id="4288031392" visible="true" version="1" changeset="40540774" timestamp="2016-07-07T12:15:28Z" user="saikabhi_LA_imports" uid="4221399" lat="34.2358166" lon="-118.5944624"/>
 <node id="4288031394" visible="true" version="1" changeset="40540774" timestamp="2016-07-07T12:15:28Z" user="saikabhi_LA_imports" uid="4221399" lat="34.2358171" lon="-118.5941894"/>
 <node id="4288031395" visible="true" version="1" changeset="40540774" timestamp="2016-07-07T12:15:28Z" user="saikabhi_LA_imports" uid="4221399" lat="34.2358174" lon="-118.5942100"/>
 <node id="4288031397" visible="true" version="1" changeset="40540774" timestamp="2016-07-07T12:15:28Z" user="saikabhi_LA_imports" uid="4221399" lat="34.2358251" lon="-118.5946664"/>
 <node id="4288031403" visible="true" version="1" changeset="40540774" timestamp="2016-07-07T12:15:28Z" user="saikabhi_LA_imports" uid="4221399" lat="34.2358264" lon="-118.5944531"/>
 <node id="4288031404" visible="true" version="1" changeset="40540774" timestamp="2016-07-07T12:15:28Z" user="saikabhi_LA_imports" uid="4221399" lat="34.2358277" lon="-118.5945260"/>
 <node id="4288031405" visible="true" version="1" changeset="40540774" timestamp="2016-07-07T12:15:28Z" user="saikabhi_LA_imports" uid="4221399" lat="34.2358279" lon="-118.5943877"/>
 <node id="4288031406" visible="true" version="1" changeset="40540774" timestamp="2016-07-07T12:15:29Z" user="saikabhi_LA_imports" uid="4221399" lat="34.2358279" lon="-118.5945939"/>
 <node id="4288031423" visible="true" version="1" changeset="40540774" timestamp="2016-07-07T12:15:29Z" user="saikabhi_LA_imports" uid="4221399" lat="34.2358544" lon="-118.5942738"/>
 <node id="4288031432" visible="true" version="1" changeset="40540774" timestamp="2016-07-07T12:15:29Z" user="saikabhi_LA_imports" uid="4221399" lat="34.2358631" lon="-118.5950305"/>
 <node id="4288031433" visible="true" version="1" changeset="40540774" timestamp="2016-07-07T12:15:29Z" user="saikabhi_LA_imports" uid="4221399" lat="34.2358638" lon="-118.5941330"/>
 <node id="4288031434" visible="true" version="1" changeset="40540774" timestamp="2016-07-07T12:15:29Z" user="saikabhi_LA_imports" uid="4221399" lat="34.2358639" lon="-118.5942652"/>
 <node id="4288031435" visible="true" version="1" changeset="40540774" timestamp="2016-07-07T12:15:29Z" user="saikabhi_LA_imports" uid="4221399" lat="34.2358639" lon="-118.5946665"/>
 <node id="4288031449" visible="true" version="1" changeset="40540774" timestamp="2016-07-07T12:15:29Z" user="saikabhi_LA_imports" uid="4221399" lat="34.2358801" lon="-118.5941332"/>
 <node id="4288031450" visible="true" version="1" changeset="40540774" timestamp="2016-07-07T12:15:29Z" user="saikabhi_LA_imports" uid="4221399" lat="34.2358806" lon="-118.5942658"/>
 <node id="4288031453" visible="true" version="1" changeset="40540774" timestamp="2016-07-07T12:15:29Z" user="saikabhi_LA_imports" uid="4221399" lat="34.2358866" lon="-118.5942745"/>
 <node id="4288031476" visible="true" version="1" changeset="40540774" timestamp="2016-07-07T12:15:32Z" user="saikabhi_LA_imports" uid="4221399" lat="34.2365022" lon="-118.5943880"/>
 <node id="4288031477" visible="true" version="1" changeset="40540774" timestamp="2016-07-07T12:15:32Z" user="saikabhi_LA_imports" uid="4221399" lat="34.2365023" lon="-118.5942685"/>
 <node id="4288031478" visible="true" version="1" changeset="40540774" timestamp="2016-07-07T12:15:32Z" user="saikabhi_LA_imports" uid="4221399" lat="34.2365025" lon="-118.5941716"/>
 <node id="4288031479" visible="true" version="1" changeset="40540774" timestamp="2016-07-07T12:15:32Z" user="saikabhi_LA_imports" uid="4221399" lat="34.2365025" lon="-118.5942277"/>
 <node id="4288031496" visible="true" version="1" changeset="40540774" timestamp="2016-07-07T12:15:31Z" user="saikabhi_LA_imports" uid="4221399" lat="34.2363233" lon="-118.5941643"/>
 <node id="4288031497" visible="true" version="1" changeset="40540774" timestamp="2016-07-07T12:15:31Z" user="saikabhi_LA_imports" uid="4221399" lat="34.2363365" lon="-118.5941460"/>
 <node id="4288031501" visible="true" version="1" changeset="40540774" timestamp="2016-07-07T12:15:31Z" user="saikabhi_LA_imports" uid="4221399" lat="34.2363787" lon="-118.5941457"/>
 <node id="4288031506" visible="true" version="1" changeset="40540774" timestamp="2016-07-07T12:15:31Z" user="saikabhi_LA_imports" uid="4221399" lat="34.2363987" lon="-118.5941745"/>
 <node id="4288031507" visible="true" version="1" changeset="40540774" timestamp="2016-07-07T12:15:31Z" user="saikabhi_LA_imports" uid="4221399" lat="34.2364156" lon="-118.5928224"/>
 <node id="4288031508" visible="true" version="1" changeset="40540774" timestamp="2016-07-07T12:15:31Z" user="saikabhi_LA_imports" uid="4221399" lat="34.2364156" lon="-118.5928747"/>
 <node id="4288031512" visible="true" version="1" changeset="40540774" timestamp="2016-07-07T12:15:31Z" user="saikabhi_LA_imports" uid="4221399" lat="34.2364428" lon="-118.5928224"/>
 <node id="4288031513" visible="true" version="1" changeset="40540774" timestamp="2016-07-07T12:15:31Z" user="saikabhi_LA_imports" uid="4221399" lat="34.2364428" lon="-118.5928757"/>
 <node id="4288031516" visible="true" version="1" changeset="40540774" timestamp="2016-07-07T12:15:31Z" user="saikabhi_LA_imports" uid="4221399" lat="34.2364574" lon="-118.5941746"/>
 <node id="4288031517" visible="true" version="1" changeset="40540774" timestamp="2016-07-07T12:15:31Z" user="saikabhi_LA_imports" uid="4221399" lat="34.2364575" lon="-118.5941715"/>
 <node id="4288031524" visible="true" version="1" changeset="40540774" timestamp="2016-07-07T12:15:31Z" user="saikabhi_LA_imports" uid="4221399" lat="34.2365008" lon="-118.5942685"/>
 <node id="4288031525" visible="true" version="1" changeset="40540774" timestamp="2016-07-07T12:15:31Z" user="saikabhi_LA_imports" uid="4221399" lat="34.2365009" lon="-118.5942277"/>
 <node id="4288031526" visible="true" version="1" changeset="40540774" timestamp="2016-07-07T12:15:31Z" user="saikabhi_LA_imports" uid="4221399" lat="34.2365016" lon="-118.5950314"/>
 <node id="4288031527" visible="true" version="1" changeset="40540774" timestamp="2016-07-07T12:15:31Z" user="saikabhi_LA_imports" uid="4221399" lat="34.2365019" lon="-118.5947307"/>
 <node id="4288031528" visible="true" version="1" changeset="40540774" timestamp="2016-07-07T12:15:31Z" user="saikabhi_LA_imports" uid="4221399" lat="34.2365020" lon="-118.5945289"/>
 <node id="4288031529" visible="true" version="1" changeset="40540774" timestamp="2016-07-07T12:15:31Z" user="saikabhi_LA_imports" uid="4221399" lat="34.2365021" lon="-118.5944246"/>
 <node id="4288031568" visible="true" version="1" changeset="40540774" timestamp="2016-07-07T12:15:35Z" user="saikabhi_LA_imports" uid="4221399" lat="34.2371508" lon="-118.5941316"/>
 <node id="4288031569" visible="true" version="1" changeset="40540774" timestamp="2016-07-07T12:15:35Z" user="saikabhi_LA_imports" uid="4221399" lat="34.2371508" lon="-118.5941571"/>
 <node id="4288031578" visible="true" version="1" changeset="40540774" timestamp="2016-07-07T12:15:35Z" user="saikabhi_LA_imports" uid="4221399" lat="34.2371634" lon="-118.5941571"/>
 <node id="4288031579" visible="true" version="1" changeset="40540774" timestamp="2016-07-07T12:15:35Z" user="saikabhi_LA_imports" uid="4221399" lat="34.2371634" lon="-118.5941852"/>
 <node id="4288031593" visible="true" version="1" changeset="40540774" timestamp="2016-07-07T12:15:32Z" user="saikabhi_LA_imports" uid="4221399" lat="34.2365444" lon="-118.5947308"/>
 <node id="4288031594" visible="true" version="1" changeset="40540774" timestamp="2016-07-07T12:15:32Z" user="saikabhi_LA_imports" uid="4221399" lat="34.2365452" lon="-118.5945294"/>
 <node id="4288031595" visible="true" version="1" changeset="40540774" timestamp="2016-07-07T12:15:32Z" user="saikabhi_LA_imports" uid="4221399" lat="34.2365456" lon="-118.5943879"/>
 <node id="4288031596" visible="true" version="1" changeset="40540774" timestamp="2016-07-07T12:15:32Z" user="saikabhi_LA_imports" uid="4221399" lat="34.2365457" lon="-118.5944245"/>
 <node id="4288031606" visible="true" version="1" changeset="40540774" timestamp="2016-07-07T12:15:33Z" user="saikabhi_LA_imports" uid="4221399" lat="34.2366667" lon="-118.5950092"/>
 <node id="4288031609" visible="true" version="1" changeset="40540774" timestamp="2016-07-07T12:15:33Z" user="saikabhi_LA_imports" uid="4221399" lat="34.2366673" lon="-118.5941849"/>
 <node id="4288031615" visible="true" version="1" changeset="40540774" timestamp="2016-07-07T12:15:33Z" user="saikabhi_LA_imports" uid="4221399" lat="34.2366981" lon="-118.5950096"/>
 <node id="4288031616" visible="true" version="1" changeset="40540774" timestamp="2016-07-07T12:15:33Z" user="saikabhi_LA_imports" uid="4221399" lat="34.2366981" lon="-118.5950218"/>
 <node id="4288031620" visible="true" version="1" changeset="40540774" timestamp="2016-07-07T12:15:33Z" user="saikabhi_LA_imports" uid="4221399" lat="34.2367056" lon="-118.5941568"/>
 <node id="4288031621" visible="true" version="1" changeset="40540774" timestamp="2016-07-07T12:15:33Z" user="saikabhi_LA_imports" uid="4221399" lat="34.2367057" lon="-118.5941850"/>
 <node id="4288031622" visible="true" version="1" changeset="40540774" timestamp="2016-07-07T12:15:33Z" user="saikabhi_LA_imports" uid="4221399" lat="34.2367169" lon="-118.5950601"/>
 <node id="4288031623" visible="true" version="1" changeset="40540774" timestamp="2016-07-07T12:15:33Z" user="saikabhi_LA_imports" uid="4221399" lat="34.2367170" lon="-118.5950218"/>
 <node id="4288031624" visible="true" version="1" changeset="40540774" timestamp="2016-07-07T12:15:33Z" user="saikabhi_LA_imports" uid="4221399" lat="34.2367173" lon="-118.5941312"/>
 <node id="4288031625" visible="true" version="1" changeset="40540774" timestamp="2016-07-07T12:15:33Z" user="saikabhi_LA_imports" uid="4221399" lat="34.2367173" lon="-118.5941570"/>
 <node id="4288031702" visible="true" version="1" changeset="40540774" timestamp="2016-07-07T12:15:35Z" user="saikabhi_LA_imports" uid="4221399" lat="34.2372006" lon="-118.5950606"/>
 <node id="4288031703" visible="true" version="1" changeset="40540774" timestamp="2016-07-07T12:15:35Z" user="saikabhi_LA_imports" uid="4221399" lat="34.2372012" lon="-118.5941853"/>
 <node id="4288031720" visible="true" version="1" changeset="40540774" timestamp="2016-07-07T12:15:35Z" user="saikabhi_LA_imports" uid="4221399" lat="34.2372536" lon="-118.5950725"/>
 <node id="4288031721" visible="true" version="1" changeset="40540774" timestamp="2016-07-07T12:15:35Z" user="saikabhi_LA_imports" uid="4221399" lat="34.2372537" lon="-118.5949777"/>
 <node id="4288031732" visible="true" version="1" changeset="40540774" timestamp="2016-07-07T12:15:36Z" user="saikabhi_LA_imports" uid="4221399" lat="34.2374148" lon="-118.5944056"/>
 <node id="4288031733" visible="true" version="1" changeset="40540774" timestamp="2016-07-07T12:15:36Z" user="saikabhi_LA_imports" uid="4221399" lat="34.2374148" lon="-118.5949777"/>
 <node id="4288031746" visible="true" version="1" changeset="40540774" timestamp="2016-07-07T12:15:36Z" user="saikabhi_LA_imports" uid="4221399" lat="34.2374336" lon="-118.5936518"/>
 <node id="4288031747" visible="true" version="1" changeset="40540774" timestamp="2016-07-07T12:15:36Z" user="saikabhi_LA_imports" uid="4221399" lat="34.2374388" lon="-118.5936582"/>
 <node id="4288031748" visible="true" version="1" changeset="40540774" timestamp="2016-07-07T12:15:36Z" user="saikabhi_LA_imports" uid="4221399" lat="34.2374404" lon="-118.5936518"/>
 <node id="4288031752" visible="true" version="1" changeset="40540774" timestamp="2016-07-07T12:15:37Z" user="saikabhi_LA_imports" uid="4221399" lat="34.2374587" lon="-118.5942992"/>
 <node id="4288031753" visible="true" version="1" changeset="40540774" timestamp="2016-07-07T12:15:37Z" user="saikabhi_LA_imports" uid="4221399" lat="34.2374587" lon="-118.5944056"/>
 <node id="4288031758" visible="true" version="1" changeset="40540774" timestamp="2016-07-07T12:15:37Z" user="saikabhi_LA_imports" uid="4221399" lat="34.2374925" lon="-118.5932482"/>
 <node id="4288031761" visible="true" version="1" changeset="40540774" timestamp="2016-07-07T12:15:37Z" user="saikabhi_LA_imports" uid="4221399" lat="34.2374987" lon="-118.5932483"/>
 <node id="4288031768" visible="true" version="1" changeset="40540774" timestamp="2016-07-07T12:15:37Z" user="saikabhi_LA_imports" uid="4221399" lat="34.2376302" lon="-118.5942992"/>
 <node id="4288031769" visible="true" version="1" changeset="40540774" timestamp="2016-07-07T12:15:37Z" user="saikabhi_LA_imports" uid="4221399" lat="34.2376302" lon="-118.5944061"/>
 <node id="4288031774" visible="true" version="1" changeset="40540774" timestamp="2016-07-07T12:15:37Z" user="saikabhi_LA_imports" uid="4221399" lat="34.2376643" lon="-118.5937446"/>
 <node id="4288031777" visible="true" version="1" changeset="40540774" timestamp="2016-07-07T12:15:37Z" user="saikabhi_LA_imports" uid="4221399" lat="34.2376764" lon="-118.5937698"/>
 <node id="4288031780" visible="true" version="1" changeset="40540774" timestamp="2016-07-07T12:15:37Z" user="saikabhi_LA_imports" uid="4221399" lat="34.2377464" lon="-118.5937969"/>
 <node id="4288031799" visible="true" version="1" changeset="40540774" timestamp="2016-07-07T12:15:38Z" user="saikabhi_LA_imports" uid="4221399" lat="34.2380712" lon="-118.5945447"/>
 <node id="4288031800" visible="true" version="1" changeset="40540774" timestamp="2016-07-07T12:15:38Z" user="saikabhi_LA_imports" uid="4221399" lat="34.2380851" lon="-118.5945447"/>
 <node id="4288031801" visible="true" version="1" changeset="40540774" timestamp="2016-07-07T12:15:38Z" user="saikabhi_LA_imports" uid="4221399" lat="34.2380851" lon="-118.5945889"/>
 <node id="4288031811" visible="true" version="1" changeset="40540774" timestamp="2016-07-07T12:15:38Z" user="saikabhi_LA_imports" uid="4221399" lat="34.2381378" lon="-118.5950198"/>
 <node id="4288031812" visible="true" version="1" changeset="40540774" timestamp="2016-07-07T12:15:38Z" user="saikabhi_LA_imports" uid="4221399" lat="34.2381379" lon="-118.5945889"/>
 <node id="4288031888" visible="true" version="2" changeset="41024056" timestamp="2016-07-25T22:05:31Z" user="Luis36995_labuildings" uid="3851527" lat="34.2385783" lon="-118.5941554"/>
 <node id="4288031889" visible="true" version="1" changeset="40540774" timestamp="2016-07-07T12:15:37Z" user="saikabhi_LA_imports" uid="4221399" lat="34.2378130" lon="-118.5938008"/>
 <node id="4288031890" visible="true" version="1" changeset="40540774" timestamp="2016-07-07T12:15:37Z" user="saikabhi_LA_imports" uid="4221399" lat="34.2378228" lon="-118.5950730"/>
 <node id="4288031891" visible="true" version="1" changeset="40540774" timestamp="2016-07-07T12:15:37Z" user="saikabhi_LA_imports" uid="4221399" lat="34.2378230" lon="-118.5950198"/>
 <node id="4288031892" visible="true" version="1" changeset="40540774" timestamp="2016-07-07T12:15:37Z" user="saikabhi_LA_imports" uid="4221399" lat="34.2378238" lon="-118.5950198"/>
 <node id="4288031893" visible="true" version="1" changeset="40540774" timestamp="2016-07-07T12:15:37Z" user="saikabhi_LA_imports" uid="4221399" lat="34.2378243" lon="-118.5944062"/>
 <node id="4288031894" visible="true" version="1" changeset="40540774" timestamp="2016-07-07T12:15:37Z" user="saikabhi_LA_imports" uid="4221399" lat="34.2378244" lon="-118.5950205"/>
 <node id="4288031895" visible="true" version="1" changeset="40540774" timestamp="2016-07-07T12:15:37Z" user="saikabhi_LA_imports" uid="4221399" lat="34.2378249" lon="-118.5944068"/>
 <node id="4288031896" visible="true" version="1" changeset="40540774" timestamp="2016-07-07T12:15:37Z" user="saikabhi_LA_imports" uid="4221399" lat="34.2378298" lon="-118.5944068"/>
 <node id="4288031897" visible="true" version="1" changeset="40540774" timestamp="2016-07-07T12:15:37Z" user="saikabhi_LA_imports" uid="4221399" lat="34.2378298" lon="-118.5944244"/>
 <node id="4288031918" visible="true" version="1" changeset="40540774" timestamp="2016-07-07T12:15:37Z" user="saikabhi_LA_imports" uid="4221399" lat="34.2379840" lon="-118.5944244"/>
 <node id="4288031919" visible="true" version="1" changeset="40540774" timestamp="2016-07-07T12:15:37Z" user="saikabhi_LA_imports" uid="4221399" lat="34.2379843" lon="-118.5944375"/>
 <node id="4288031920" visible="true" version="1" changeset="40540774" timestamp="2016-07-07T12:15:37Z" user="saikabhi_LA_imports" uid="4221399" lat="34.2380066" lon="-118.5944659"/>
 <node id="4288031922" visible="true" version="1" changeset="40540774" timestamp="2016-07-07T12:15:37Z" user="saikabhi_LA_imports" uid="4221399" lat="34.2380199" lon="-118.5944818"/>
 <node id="4288031923" visible="true" version="1" changeset="40540774" timestamp="2016-07-07T12:15:37Z" user="saikabhi_LA_imports" uid="4221399" lat="34.2380201" lon="-118.5944662"/>
 <node id="4288031935" visible="true" version="1" changeset="40540774" timestamp="2016-07-07T12:15:40Z" user="saikabhi_LA_imports" uid="4221399" lat="34.2386239" lon="-118.5940601"/>
 <node id="4288031952" visible="true" version="1" changeset="40540774" timestamp="2016-07-07T12:15:41Z" user="saikabhi_LA_imports" uid="4221399" lat="34.2387122" lon="-118.5941161"/>
 <node id="4288031953" visible="true" version="2" changeset="41024056" timestamp="2016-07-25T22:05:31Z" user="Luis36995_labuildings" uid="3851527" lat="34.2387118" lon="-118.5936438"/>
 <node id="4288031954" visible="true" version="1" changeset="40540774" timestamp="2016-07-07T12:15:41Z" user="saikabhi_LA_imports" uid="4221399" lat="34.2387159" lon="-118.5941019"/>
 <node id="4288031955" visible="true" version="1" changeset="40540774" timestamp="2016-07-07T12:15:41Z" user="saikabhi_LA_imports" uid="4221399" lat="34.2387191" lon="-118.5941324"/>
 <node id="4288031964" visible="true" version="1" changeset="40540774" timestamp="2016-07-07T12:15:41Z" user="saikabhi_LA_imports" uid="4221399" lat="34.2387513" lon="-118.5941441"/>
 <node id="4288031966" visible="true" version="1" changeset="40540774" timestamp="2016-07-07T12:15:41Z" user="saikabhi_LA_imports" uid="4221399" lat="34.2387546" lon="-118.5941617"/>
 <node id="4288031968" visible="true" version="1" changeset="40540774" timestamp="2016-07-07T12:15:41Z" user="saikabhi_LA_imports" uid="4221399" lat="34.2387697" lon="-118.5940703"/>
 <node id="4288031969" visible="true" version="1" changeset="40540774" timestamp="2016-07-07T12:15:41Z" user="saikabhi_LA_imports" uid="4221399" lat="34.2387791" lon="-118.5940737"/>
 <node id="4288031972" visible="true" version="1" changeset="40540774" timestamp="2016-07-07T12:15:41Z" user="saikabhi_LA_imports" uid="4221399" lat="34.2387940" lon="-118.5941774"/>
 <node id="4288031979" visible="true" version="1" changeset="40540774" timestamp="2016-07-07T12:15:41Z" user="saikabhi_LA_imports" uid="4221399" lat="34.2388132" lon="-118.5941406"/>
 <node id="4288031983" visible="true" version="1" changeset="40540774" timestamp="2016-07-07T12:15:41Z" user="saikabhi_LA_imports" uid="4221399" lat="34.2388182" lon="-118.5940895"/>
 <node id="4288031988" visible="true" version="1" changeset="40540774" timestamp="2016-07-07T12:15:41Z" user="saikabhi_LA_imports" uid="4221399" lat="34.2388227" lon="-118.5941035"/>
 <node id="4288032024" visible="true" version="1" changeset="40540774" timestamp="2016-07-07T12:15:42Z" user="saikabhi_LA_imports" uid="4221399" lat="34.2389500" lon="-118.5941913"/>
 <node id="4288032025" visible="true" version="1" changeset="40540774" timestamp="2016-07-07T12:15:43Z" user="saikabhi_LA_imports" uid="4221399" lat="34.2389513" lon="-118.5941862"/>
 <node id="4288032028" visible="true" version="2" changeset="41024056" timestamp="2016-07-25T22:05:31Z" user="Luis36995_labuildings" uid="3851527" lat="34.2389588" lon="-118.5941890"/>
 <node id="4288032076" visible="true" version="2" changeset="41024056" timestamp="2016-07-25T22:05:31Z" user="Luis36995_labuildings" uid="3851527" lat="34.2390659" lon="-118.5937779"/>
 <node id="4303674003" visible="true" version="2" changeset="147467492" timestamp="2024-02-14T21:31:27Z" user="Clarke22" uid="703694" lat="34.2356144" lon="-118.5888773"/>
 <node id="4303674004" visible="true" version="2" changeset="147467492" timestamp="2024-02-14T21:31:27Z" user="Clarke22" uid="703694" lat="34.2356195" lon="-118.5888718"/>
 <node id="4303674005" visible="true" version="2" changeset="147467492" timestamp="2024-02-14T21:31:27Z" user="Clarke22" uid="703694" lat="34.2356147" lon="-118.5889769"/>
 <node id="4303674006" visible="true" version="2" changeset="147467492" timestamp="2024-02-14T21:31:27Z" user="Clarke22" uid="703694" lat="34.2356198" lon="-118.5889815"/>
 <node id="4303674032" visible="true" version="2" changeset="147467492" timestamp="2024-02-14T21:31:27Z" user="Clarke22" uid="703694" lat="34.2357032" lon="-118.5889823"/>
 <node id="4303674033" visible="true" version="2" changeset="147467492" timestamp="2024-02-14T21:31:27Z" user="Clarke22" uid="703694" lat="34.2357048" lon="-118.5888693"/>
 <node id="4303674034" visible="true" version="2" changeset="147467492" timestamp="2024-02-14T21:31:27Z" user="Clarke22" uid="703694" lat="34.2357090" lon="-118.5889803"/>
 <node id="4303674035" visible="true" version="2" changeset="147467492" timestamp="2024-02-14T21:31:27Z" user="Clarke22" uid="703694" lat="34.2357099" lon="-118.5888733"/>
 <node id="4303674036" visible="true" version="2" changeset="147467492" timestamp="2024-02-14T21:31:27Z" user="Clarke22" uid="703694" lat="34.2357126" lon="-118.5888773"/>
 <node id="4303674037" visible="true" version="2" changeset="147467492" timestamp="2024-02-14T21:31:27Z" user="Clarke22" uid="703694" lat="34.2357129" lon="-118.5889753"/>
 <node id="4303674038" visible="true" version="2" changeset="147467492" timestamp="2024-02-14T21:31:27Z" user="Clarke22" uid="703694" lat="34.2357144" lon="-118.5888823"/>
 <node id="4303674039" visible="true" version="2" changeset="147467492" timestamp="2024-02-14T21:31:27Z" user="Clarke22" uid="703694" lat="34.2357148" lon="-118.5889693"/>
 <node id="4303674042" visible="true" version="2" changeset="147467492" timestamp="2024-02-14T21:31:27Z" user="Clarke22" uid="703694" lat="34.2357153" lon="-118.5889223"/>
 <node id="4303674053" visible="true" version="2" changeset="147467492" timestamp="2024-02-14T21:31:27Z" user="Clarke22" uid="703694" lat="34.2357324" lon="-118.5889693"/>
 <node id="4303674056" visible="true" version="2" changeset="147467492" timestamp="2024-02-14T21:31:27Z" user="Clarke22" uid="703694" lat="34.2357360" lon="-118.5889223"/>
 <node id="4303674057" visible="true" version="2" changeset="147467492" timestamp="2024-02-14T21:31:27Z" user="Clarke22" uid="703694" lat="34.2357367" lon="-118.5889673"/>
 <node id="4303674058" visible="true" version="2" changeset="147467492" timestamp="2024-02-14T21:31:27Z" user="Clarke22" uid="703694" lat="34.2357318" lon="-118.5890922"/>
 <node id="4303674059" visible="true" version="2" changeset="147467492" timestamp="2024-02-14T21:31:27Z" user="Clarke22" uid="703694" lat="34.2357322" lon="-118.5891782"/>
 <node id="4303674060" visible="true" version="3" changeset="147467492" timestamp="2024-02-14T21:31:27Z" user="Clarke22" uid="703694" lat="34.2357356" lon="-118.5887408"/>
 <node id="4303674061" visible="true" version="3" changeset="147467492" timestamp="2024-02-14T21:31:27Z" user="Clarke22" uid="703694" lat="34.2357360" lon="-118.5888238"/>
 <node id="4303674062" visible="true" version="3" changeset="147467492" timestamp="2024-02-14T21:31:27Z" user="Clarke22" uid="703694" lat="34.2357361" lon="-118.5887318"/>
 <node id="4303674063" visible="true" version="3" changeset="147467492" timestamp="2024-02-14T21:31:27Z" user="Clarke22" uid="703694" lat="34.2357369" lon="-118.5888318"/>
 <node id="4303674064" visible="true" version="2" changeset="147467492" timestamp="2024-02-14T21:31:27Z" user="Clarke22" uid="703694" lat="34.2357342" lon="-118.5890842"/>
 <node id="4303674065" visible="true" version="2" changeset="147467492" timestamp="2024-02-14T21:31:27Z" user="Clarke22" uid="703694" lat="34.2357398" lon="-118.5889263"/>
 <node id="4303674066" visible="true" version="2" changeset="147467492" timestamp="2024-02-14T21:31:27Z" user="Clarke22" uid="703694" lat="34.2357400" lon="-118.5889633"/>
 <node id="4303674067" visible="true" version="2" changeset="147467492" timestamp="2024-02-14T21:31:27Z" user="Clarke22" uid="703694" lat="34.2357416" lon="-118.5889323"/>
 <node id="4303674068" visible="true" version="2" changeset="147467492" timestamp="2024-02-14T21:31:27Z" user="Clarke22" uid="703694" lat="34.2357416" lon="-118.5889593"/>
 <node id="4303674071" visible="true" version="3" changeset="147467492" timestamp="2024-02-14T21:31:27Z" user="Clarke22" uid="703694" lat="34.2357398" lon="-118.5888388"/>
 <node id="4303674072" visible="true" version="1" changeset="40754369" timestamp="2016-07-15T06:26:19Z" user="PlaneMad" uid="1306" lat="34.2357380" lon="-118.5869572"/>
 <node id="4303674073" visible="true" version="1" changeset="40754369" timestamp="2016-07-15T06:26:19Z" user="PlaneMad" uid="1306" lat="34.2357383" lon="-118.5867985"/>
 <node id="4303674074" visible="true" version="3" changeset="147467492" timestamp="2024-02-14T21:31:27Z" user="Clarke22" uid="703694" lat="34.2357402" lon="-118.5887238"/>
 <node id="4303674075" visible="true" version="2" changeset="147467492" timestamp="2024-02-14T21:31:27Z" user="Clarke22" uid="703694" lat="34.2357399" lon="-118.5890752"/>
 <node id="4303674077" visible="true" version="1" changeset="40754369" timestamp="2016-07-15T06:26:19Z" user="PlaneMad" uid="1306" lat="34.2357437" lon="-118.5903400"/>
 <node id="4303674078" visible="true" version="1" changeset="40754369" timestamp="2016-07-15T06:26:19Z" user="PlaneMad" uid="1306" lat="34.2357440" lon="-118.5905663"/>
 <node id="4303674079" visible="true" version="3" changeset="147467492" timestamp="2024-02-14T21:31:27Z" user="Clarke22" uid="703694" lat="34.2357468" lon="-118.5888438"/>
 <node id="4303674080" visible="true" version="2" changeset="147467492" timestamp="2024-02-14T21:31:27Z" user="Clarke22" uid="703694" lat="34.2357452" lon="-118.5891782"/>
 <node id="4303674081" visible="true" version="2" changeset="147467492" timestamp="2024-02-14T21:31:27Z" user="Clarke22" uid="703694" lat="34.2357455" lon="-118.5892116"/>
 <node id="4303674086" visible="true" version="2" changeset="147467492" timestamp="2024-02-14T21:31:27Z" user="Clarke22" uid="703694" lat="34.2357483" lon="-118.5890702"/>
 <node id="4303674097" visible="true" version="2" changeset="147467492" timestamp="2024-02-14T21:31:27Z" user="Clarke22" uid="703694" lat="34.2357583" lon="-118.5890692"/>
 <node id="4303674108" visible="true" version="3" changeset="147467492" timestamp="2024-02-14T21:31:27Z" user="Clarke22" uid="703694" lat="34.2357800" lon="-118.5888418"/>
 <node id="4303674109" visible="true" version="3" changeset="147467492" timestamp="2024-02-14T21:31:27Z" user="Clarke22" uid="703694" lat="34.2357807" lon="-118.5888668"/>
 <node id="4303674110" visible="true" version="3" changeset="147467492" timestamp="2024-02-14T21:31:27Z" user="Clarke22" uid="703694" lat="34.2357831" lon="-118.5888718"/>
 <node id="4303674111" visible="true" version="3" changeset="147467492" timestamp="2024-02-14T21:31:27Z" user="Clarke22" uid="703694" lat="34.2357875" lon="-118.5888738"/>
 <node id="4303674112" visible="true" version="1" changeset="40754369" timestamp="2016-07-15T06:26:19Z" user="PlaneMad" uid="1306" lat="34.2357920" lon="-118.5872752"/>
 <node id="4303674113" visible="true" version="1" changeset="40754369" timestamp="2016-07-15T06:26:19Z" user="PlaneMad" uid="1306" lat="34.2357923" lon="-118.5862941"/>
 <node id="4303674118" visible="true" version="1" changeset="40754369" timestamp="2016-07-15T06:26:19Z" user="PlaneMad" uid="1306" lat="34.2357928" lon="-118.5869574"/>
 <node id="4303674122" visible="true" version="1" changeset="40754369" timestamp="2016-07-15T06:26:19Z" user="PlaneMad" uid="1306" lat="34.2357939" lon="-118.5858160"/>
 <node id="4303674123" visible="true" version="1" changeset="40754369" timestamp="2016-07-15T06:26:19Z" user="PlaneMad" uid="1306" lat="34.2357985" lon="-118.5872752"/>
 <node id="4303674124" visible="true" version="1" changeset="40754369" timestamp="2016-07-15T06:26:19Z" user="PlaneMad" uid="1306" lat="34.2357985" lon="-118.5872877"/>
 <node id="4303674125" visible="true" version="1" changeset="40754369" timestamp="2016-07-15T06:26:19Z" user="PlaneMad" uid="1306" lat="34.2357985" lon="-118.5872903"/>
 <node id="4303674126" visible="true" version="1" changeset="40754369" timestamp="2016-07-15T06:26:19Z" user="PlaneMad" uid="1306" lat="34.2357997" lon="-118.5867987"/>
 <node id="4303674127" visible="true" version="1" changeset="40754369" timestamp="2016-07-15T06:26:19Z" user="PlaneMad" uid="1306" lat="34.2357998" lon="-118.5867524"/>
 <node id="4303674128" visible="true" version="1" changeset="40754369" timestamp="2016-07-15T06:26:19Z" user="PlaneMad" uid="1306" lat="34.2358003" lon="-118.5858011"/>
 <node id="4303674129" visible="true" version="1" changeset="40754369" timestamp="2016-07-15T06:26:19Z" user="PlaneMad" uid="1306" lat="34.2358003" lon="-118.5858160"/>
 <node id="4303674130" visible="true" version="1" changeset="40754369" timestamp="2016-07-15T06:26:19Z" user="PlaneMad" uid="1306" lat="34.2358013" lon="-118.5921887"/>
 <node id="4303674131" visible="true" version="1" changeset="40754369" timestamp="2016-07-15T06:26:19Z" user="PlaneMad" uid="1306" lat="34.2358017" lon="-118.5911439"/>
 <node id="4303674136" visible="true" version="3" changeset="147467492" timestamp="2024-02-14T21:31:27Z" user="Clarke22" uid="703694" lat="34.2358110" lon="-118.5888738"/>
 <node id="4303674137" visible="true" version="2" changeset="90625484" timestamp="2020-09-09T07:06:04Z" user="hari49" uid="11334373" lat="34.2358057" lon="-118.5922886"/>
 <node id="4303674138" visible="true" version="1" changeset="40754369" timestamp="2016-07-15T06:26:19Z" user="PlaneMad" uid="1306" lat="34.2358124" lon="-118.5901159"/>
 <node id="4303674139" visible="true" version="1" changeset="40754369" timestamp="2016-07-15T06:26:19Z" user="PlaneMad" uid="1306" lat="34.2358126" lon="-118.5897158"/>
 <node id="4303674141" visible="true" version="3" changeset="147467492" timestamp="2024-02-14T21:31:27Z" user="Clarke22" uid="703694" lat="34.2358159" lon="-118.5888718"/>
 <node id="4303674142" visible="true" version="3" changeset="147467492" timestamp="2024-02-14T21:31:27Z" user="Clarke22" uid="703694" lat="34.2358179" lon="-118.5888428"/>
 <node id="4303674143" visible="true" version="3" changeset="147467492" timestamp="2024-02-14T21:31:27Z" user="Clarke22" uid="703694" lat="34.2358181" lon="-118.5888678"/>
 <node id="4303674144" visible="true" version="3" changeset="147467492" timestamp="2024-02-14T21:31:27Z" user="Clarke22" uid="703694" lat="34.2358222" lon="-118.5887242"/>
 <node id="4303674149" visible="true" version="1" changeset="40754369" timestamp="2016-07-15T06:26:20Z" user="PlaneMad" uid="1306" lat="34.2358188" lon="-118.5867259"/>
 <node id="4303674150" visible="true" version="1" changeset="40754369" timestamp="2016-07-15T06:26:20Z" user="PlaneMad" uid="1306" lat="34.2358189" lon="-118.5866489"/>
 <node id="4303674152" visible="true" version="3" changeset="147467492" timestamp="2024-02-14T21:31:27Z" user="Clarke22" uid="703694" lat="34.2358232" lon="-118.5888408"/>
 <node id="4303674154" visible="true" version="3" changeset="147467492" timestamp="2024-02-14T21:31:27Z" user="Clarke22" uid="703694" lat="34.2358266" lon="-118.5888378"/>
 <node id="4303674155" visible="true" version="1" changeset="40754369" timestamp="2016-07-15T06:26:20Z" user="PlaneMad" uid="1306" lat="34.2358248" lon="-118.5867525"/>
 <node id="4303674156" visible="true" version="1" changeset="40754369" timestamp="2016-07-15T06:26:20Z" user="PlaneMad" uid="1306" lat="34.2358249" lon="-118.5867265"/>
 <node id="4303674157" visible="true" version="1" changeset="40754369" timestamp="2016-07-15T06:26:20Z" user="PlaneMad" uid="1306" lat="34.2358250" lon="-118.5866491"/>
 <node id="4303674158" visible="true" version="1" changeset="40754369" timestamp="2016-07-15T06:26:20Z" user="PlaneMad" uid="1306" lat="34.2358255" lon="-118.5864499"/>
 <node id="4303674159" visible="true" version="3" changeset="147467492" timestamp="2024-02-14T21:31:27Z" user="Clarke22" uid="703694" lat="34.2358287" lon="-118.5888298"/>
 <node id="4303674160" visible="true" version="3" changeset="147467492" timestamp="2024-02-14T21:31:27Z" user="Clarke22" uid="703694" lat="34.2358291" lon="-118.5887308"/>
 <node id="4303674161" visible="true" version="3" changeset="147467492" timestamp="2024-02-14T21:31:27Z" user="Clarke22" uid="703694" lat="34.2358292" lon="-118.5887378"/>
 <node id="4303674177" visible="true" version="1" changeset="40754369" timestamp="2016-07-15T06:26:20Z" user="PlaneMad" uid="1306" lat="34.2358579" lon="-118.5910766"/>
 <node id="4303674180" visible="true" version="2" changeset="90625484" timestamp="2020-09-09T07:06:04Z" user="hari49" uid="11334373" lat="34.2358851" lon="-118.5922871"/>
 <node id="4303674182" visible="true" version="2" changeset="147467492" timestamp="2024-02-14T21:31:27Z" user="Clarke22" uid="703694" lat="34.2358817" lon="-118.5890692"/>
 <node id="4303674183" visible="true" version="2" changeset="147467492" timestamp="2024-02-14T21:31:27Z" user="Clarke22" uid="703694" lat="34.2358860" lon="-118.5890622"/>
 <node id="4303674185" visible="true" version="2" changeset="111256333" timestamp="2021-09-15T17:43:01Z" user="VLD181" uid="13753594" lat="34.2358844" lon="-118.5921963"/>
 <node id="4303674188" visible="true" version="2" changeset="147467492" timestamp="2024-02-14T21:31:27Z" user="Clarke22" uid="703694" lat="34.2358900" lon="-118.5890572"/>
 <node id="4303674193" visible="true" version="2" changeset="147467492" timestamp="2024-02-14T21:31:27Z" user="Clarke22" uid="703694" lat="34.2358962" lon="-118.5890542"/>
 <node id="4303674194" visible="true" version="2" changeset="147467492" timestamp="2024-02-14T21:31:27Z" user="Clarke22" uid="703694" lat="34.2358970" lon="-118.5889112"/>
 <node id="4303674195" visible="true" version="2" changeset="147467492" timestamp="2024-02-14T21:31:27Z" user="Clarke22" uid="703694" lat="34.2358978" lon="-118.5888982"/>
 <node id="4303674196" visible="true" version="2" changeset="147467492" timestamp="2024-02-14T21:31:27Z" user="Clarke22" uid="703694" lat="34.2358995" lon="-118.5888882"/>
 <node id="4303674197" visible="true" version="1" changeset="40754369" timestamp="2016-07-15T06:26:20Z" user="PlaneMad" uid="1306" lat="34.2359009" lon="-118.5877110"/>
 <node id="4303674198" visible="true" version="1" changeset="40754369" timestamp="2016-07-15T06:26:20Z" user="PlaneMad" uid="1306" lat="34.2359011" lon="-118.5874846"/>
 <node id="4303674199" visible="true" version="1" changeset="40754369" timestamp="2016-07-15T06:26:20Z" user="PlaneMad" uid="1306" lat="34.2359014" lon="-118.5875227"/>
 <node id="4303674201" visible="true" version="1" changeset="40754369" timestamp="2016-07-15T06:26:20Z" user="PlaneMad" uid="1306" lat="34.2359018" lon="-118.5872907"/>
 <node id="4303674203" visible="true" version="2" changeset="147467492" timestamp="2024-02-14T21:31:27Z" user="Clarke22" uid="703694" lat="34.2359027" lon="-118.5888822"/>
 <node id="4303674205" visible="true" version="1" changeset="40754369" timestamp="2016-07-15T06:26:20Z" user="PlaneMad" uid="1306" lat="34.2359102" lon="-118.5877113"/>
 <node id="4303674206" visible="true" version="1" changeset="40754369" timestamp="2016-07-15T06:26:20Z" user="PlaneMad" uid="1306" lat="34.2359102" lon="-118.5877175"/>
 <node id="4303674207" visible="true" version="2" changeset="147467492" timestamp="2024-02-14T21:31:27Z" user="Clarke22" uid="703694" lat="34.2359092" lon="-118.5888752"/>
 <node id="4303674208" visible="true" version="1" changeset="40754369" timestamp="2016-07-15T06:26:20Z" user="PlaneMad" uid="1306" lat="34.2359108" lon="-118.5875228"/>
 <node id="4303674209" visible="true" version="1" changeset="40754369" timestamp="2016-07-15T06:26:20Z" user="PlaneMad" uid="1306" lat="34.2359109" lon="-118.5875180"/>
 <node id="4303674210" visible="true" version="1" changeset="40754369" timestamp="2016-07-15T06:26:20Z" user="PlaneMad" uid="1306" lat="34.2359122" lon="-118.5874898"/>
 <node id="4303674211" visible="true" version="1" changeset="40754369" timestamp="2016-07-15T06:26:20Z" user="PlaneMad" uid="1306" lat="34.2359123" lon="-118.5874849"/>
 <node id="4303674212" visible="true" version="2" changeset="147467492" timestamp="2024-02-14T21:31:27Z" user="Clarke22" uid="703694" lat="34.2359132" lon="-118.5888732"/>
 <node id="4303674213" visible="true" version="2" changeset="147467492" timestamp="2024-02-14T21:31:27Z" user="Clarke22" uid="703694" lat="34.2359200" lon="-118.5888722"/>
 <node id="4303674222" visible="true" version="1" changeset="40754369" timestamp="2016-07-15T06:26:21Z" user="PlaneMad" uid="1306" lat="34.2359649" lon="-118.5905660"/>
 <node id="4303674223" visible="true" version="1" changeset="40754369" timestamp="2016-07-15T06:26:21Z" user="PlaneMad" uid="1306" lat="34.2359649" lon="-118.5905778"/>
 <node id="4303674224" visible="true" version="2" changeset="147467492" timestamp="2024-02-14T21:31:27Z" user="Clarke22" uid="703694" lat="34.2359791" lon="-118.5888732"/>
 <node id="4303674225" visible="true" version="2" changeset="147467492" timestamp="2024-02-14T21:31:27Z" user="Clarke22" uid="703694" lat="34.2359791" lon="-118.5888842"/>
 <node id="4303674232" visible="true" version="2" changeset="147467492" timestamp="2024-02-14T21:31:27Z" user="Clarke22" uid="703694" lat="34.2360181" lon="-118.5892127"/>
 <node id="4303674233" visible="true" version="2" changeset="147467492" timestamp="2024-02-14T21:31:27Z" user="Clarke22" uid="703694" lat="34.2360213" lon="-118.5888842"/>
 <node id="4303674238" visible="true" version="1" changeset="40754369" timestamp="2016-07-15T06:26:21Z" user="PlaneMad" uid="1306" lat="34.2360299" lon="-118.5905669"/>
 <node id="4303674239" visible="true" version="1" changeset="40754369" timestamp="2016-07-15T06:26:21Z" user="PlaneMad" uid="1306" lat="34.2360299" lon="-118.5905777"/>
 <node id="4303674247" visible="true" version="2" changeset="116047811" timestamp="2022-01-12T03:34:17Z" user="Clarke22" uid="703694" lat="34.2375532" lon="-118.5872851"/>
 <node id="4303674248" visible="true" version="2" changeset="116047811" timestamp="2022-01-12T03:34:17Z" user="Clarke22" uid="703694" lat="34.2375535" lon="-118.5872971"/>
 <node id="4303674249" visible="true" version="1" changeset="40754369" timestamp="2016-07-15T06:26:30Z" user="PlaneMad" uid="1306" lat="34.2375731" lon="-118.5869375"/>
 <node id="4303674250" visible="true" version="1" changeset="40754369" timestamp="2016-07-15T06:26:30Z" user="PlaneMad" uid="1306" lat="34.2375731" lon="-118.5869549"/>
 <node id="4303674251" visible="true" version="2" changeset="116047811" timestamp="2022-01-12T03:34:17Z" user="Clarke22" uid="703694" lat="34.2375727" lon="-118.5872971"/>
 <node id="4303674252" visible="true" version="2" changeset="116047811" timestamp="2022-01-12T03:34:17Z" user="Clarke22" uid="703694" lat="34.2375730" lon="-118.5872851"/>
 <node id="4303674253" visible="true" version="1" changeset="40754369" timestamp="2016-07-15T06:26:30Z" user="PlaneMad" uid="1306" lat="34.2375762" lon="-118.5881863"/>
 <node id="4303674254" visible="true" version="1" changeset="40754369" timestamp="2016-07-15T06:26:30Z" user="PlaneMad" uid="1306" lat="34.2375762" lon="-118.5882026"/>
 <node id="4303674255" visible="true" version="1" changeset="40754369" timestamp="2016-07-15T06:26:30Z" user="PlaneMad" uid="1306" lat="34.2375825" lon="-118.5903763"/>
 <node id="4303674256" visible="true" version="1" changeset="40754369" timestamp="2016-07-15T06:26:30Z" user="PlaneMad" uid="1306" lat="34.2375843" lon="-118.5910463"/>
 <node id="4303674257" visible="true" version="1" changeset="40754369" timestamp="2016-07-15T06:26:30Z" user="PlaneMad" uid="1306" lat="34.2375940" lon="-118.5910291"/>
 <node id="4303674258" visible="true" version="1" changeset="40754369" timestamp="2016-07-15T06:26:30Z" user="PlaneMad" uid="1306" lat="34.2375948" lon="-118.5903544"/>
 <node id="4303674259" visible="true" version="1" changeset="40754369" timestamp="2016-07-15T06:26:30Z" user="PlaneMad" uid="1306" lat="34.2376010" lon="-118.5908117"/>
 <node id="4303674260" visible="true" version="1" changeset="40754369" timestamp="2016-07-15T06:26:30Z" user="PlaneMad" uid="1306" lat="34.2376011" lon="-118.5910601"/>
 <node id="4303674261" visible="true" version="2" changeset="116047811" timestamp="2022-01-12T03:34:17Z" user="Clarke22" uid="703694" lat="34.2376039" lon="-118.5876111"/>
 <node id="4303674262" visible="true" version="2" changeset="116047811" timestamp="2022-01-12T03:34:17Z" user="Clarke22" uid="703694" lat="34.2376041" lon="-118.5872971"/>
 <node id="4303674263" visible="true" version="1" changeset="40754369" timestamp="2016-07-15T06:26:30Z" user="PlaneMad" uid="1306" lat="34.2376100" lon="-118.5855717"/>
 <node id="4303674264" visible="true" version="1" changeset="40754369" timestamp="2016-07-15T06:26:30Z" user="PlaneMad" uid="1306" lat="34.2376103" lon="-118.5857697"/>
 <node id="4303674265" visible="true" version="1" changeset="40754369" timestamp="2016-07-15T06:26:30Z" user="PlaneMad" uid="1306" lat="34.2376104" lon="-118.5858942"/>
 <node id="4303674266" visible="true" version="1" changeset="40754369" timestamp="2016-07-15T06:26:30Z" user="PlaneMad" uid="1306" lat="34.2376107" lon="-118.5860726"/>
 <node id="4303674268" visible="true" version="1" changeset="40754369" timestamp="2016-07-15T06:26:30Z" user="PlaneMad" uid="1306" lat="34.2376108" lon="-118.5910429"/>
 <node id="4303674269" visible="true" version="1" changeset="40754369" timestamp="2016-07-15T06:26:30Z" user="PlaneMad" uid="1306" lat="34.2376221" lon="-118.5914289"/>
 <node id="4303674272" visible="true" version="1" changeset="40754369" timestamp="2016-07-15T06:26:30Z" user="PlaneMad" uid="1306" lat="34.2376260" lon="-118.5904125"/>
 <node id="4303674273" visible="true" version="1" changeset="40754369" timestamp="2016-07-15T06:26:30Z" user="PlaneMad" uid="1306" lat="34.2376268" lon="-118.5910810"/>
 <node id="4303674274" visible="true" version="1" changeset="40754369" timestamp="2016-07-15T06:26:30Z" user="PlaneMad" uid="1306" lat="34.2376274" lon="-118.5908332"/>
 <node id="4303674275" visible="true" version="1" changeset="40754369" timestamp="2016-07-15T06:26:30Z" user="PlaneMad" uid="1306" lat="34.2376351" lon="-118.5910878"/>
 <node id="4303674276" visible="true" version="1" changeset="40754369" timestamp="2016-07-15T06:26:30Z" user="PlaneMad" uid="1306" lat="34.2376374" lon="-118.5858550"/>
 <node id="4303674277" visible="true" version="1" changeset="40754369" timestamp="2016-07-15T06:26:30Z" user="PlaneMad" uid="1306" lat="34.2376375" lon="-118.5858941"/>
 <node id="4303674278" visible="true" version="1" changeset="40754369" timestamp="2016-07-15T06:26:30Z" user="PlaneMad" uid="1306" lat="34.2376390" lon="-118.5903903"/>
 <node id="4303674279" visible="true" version="1" changeset="40754369" timestamp="2016-07-15T06:26:30Z" user="PlaneMad" uid="1306" lat="34.2376414" lon="-118.5910766"/>
 <node id="4303674280" visible="true" version="1" changeset="40754369" timestamp="2016-07-15T06:26:30Z" user="PlaneMad" uid="1306" lat="34.2376444" lon="-118.5906977"/>
 <node id="4303674281" visible="true" version="1" changeset="40754369" timestamp="2016-07-15T06:26:30Z" user="PlaneMad" uid="1306" lat="34.2376470" lon="-118.5907982"/>
 <node id="4303674282" visible="true" version="1" changeset="40754369" timestamp="2016-07-15T06:26:30Z" user="PlaneMad" uid="1306" lat="34.2376493" lon="-118.5857695"/>
 <node id="4303674283" visible="true" version="1" changeset="40754369" timestamp="2016-07-15T06:26:30Z" user="PlaneMad" uid="1306" lat="34.2376494" lon="-118.5858550"/>
 <node id="4303674284" visible="true" version="1" changeset="40754369" timestamp="2016-07-15T06:26:30Z" user="PlaneMad" uid="1306" lat="34.2376589" lon="-118.5907086"/>
 <node id="4303674285" visible="true" version="1" changeset="40754369" timestamp="2016-07-15T06:26:30Z" user="PlaneMad" uid="1306" lat="34.2376656" lon="-118.5908133"/>
 <node id="4303674286" visible="true" version="1" changeset="40754369" timestamp="2016-07-15T06:26:30Z" user="PlaneMad" uid="1306" lat="34.2376826" lon="-118.5904610"/>
 <node id="4303674288" visible="true" version="1" changeset="40754369" timestamp="2016-07-15T06:26:30Z" user="PlaneMad" uid="1306" lat="34.2376834" lon="-118.5906327"/>
 <node id="4303674302" visible="true" version="2" changeset="40958805" timestamp="2016-07-22T19:48:59Z" user="yurasi_import" uid="4210536" lat="34.2360751" lon="-118.5888778"/>
 <node id="4303674303" visible="true" version="2" changeset="40958805" timestamp="2016-07-22T19:48:59Z" user="yurasi_import" uid="4210536" lat="34.2360746" lon="-118.5895373"/>
 <node id="4303674308" visible="true" version="2" changeset="111256333" timestamp="2021-09-15T17:43:01Z" user="VLD181" uid="13753594" lat="34.2360862" lon="-118.5922042"/>
 <node id="4303674309" visible="true" version="1" changeset="40754369" timestamp="2016-07-15T06:26:22Z" user="PlaneMad" uid="1306" lat="34.2360899" lon="-118.5918732"/>
 <node id="4303674310" visible="true" version="1" changeset="40754369" timestamp="2016-07-15T06:26:22Z" user="PlaneMad" uid="1306" lat="34.2360902" lon="-118.5910767"/>
 <node id="4303674311" visible="true" version="1" changeset="40754369" timestamp="2016-07-15T06:26:22Z" user="PlaneMad" uid="1306" lat="34.2360903" lon="-118.5908793"/>
 <node id="4303674323" visible="true" version="1" changeset="40754369" timestamp="2016-07-15T06:26:22Z" user="PlaneMad" uid="1306" lat="34.2361593" lon="-118.5862950"/>
 <node id="4303674324" visible="true" version="1" changeset="40754369" timestamp="2016-07-15T06:26:23Z" user="PlaneMad" uid="1306" lat="34.2361597" lon="-118.5862113"/>
 <node id="4303674325" visible="true" version="1" changeset="40754369" timestamp="2016-07-15T06:26:23Z" user="PlaneMad" uid="1306" lat="34.2361608" lon="-118.5860166"/>
 <node id="4303674326" visible="true" version="1" changeset="40754369" timestamp="2016-07-15T06:26:23Z" user="PlaneMad" uid="1306" lat="34.2361608" lon="-118.5860325"/>
 <node id="4303674327" visible="true" version="1" changeset="40754369" timestamp="2016-07-15T06:26:23Z" user="PlaneMad" uid="1306" lat="34.2361611" lon="-118.5859360"/>
 <node id="4303674328" visible="true" version="1" changeset="40754369" timestamp="2016-07-15T06:26:23Z" user="PlaneMad" uid="1306" lat="34.2361615" lon="-118.5858026"/>
 <node id="4303674331" visible="true" version="1" changeset="40754369" timestamp="2016-07-15T06:26:23Z" user="PlaneMad" uid="1306" lat="34.2361828" lon="-118.5862114"/>
 <node id="4303674332" visible="true" version="1" changeset="40754369" timestamp="2016-07-15T06:26:23Z" user="PlaneMad" uid="1306" lat="34.2361833" lon="-118.5860326"/>
 <node id="4303674337" visible="true" version="1" changeset="40754369" timestamp="2016-07-15T06:26:23Z" user="PlaneMad" uid="1306" lat="34.2362001" lon="-118.5860167"/>
 <node id="4303674338" visible="true" version="1" changeset="40754369" timestamp="2016-07-15T06:26:23Z" user="PlaneMad" uid="1306" lat="34.2362003" lon="-118.5859362"/>
 <node id="4303674339" visible="true" version="1" changeset="40754369" timestamp="2016-07-15T06:26:23Z" user="PlaneMad" uid="1306" lat="34.2362218" lon="-118.5872911"/>
 <node id="4303674340" visible="true" version="1" changeset="40754369" timestamp="2016-07-15T06:26:23Z" user="PlaneMad" uid="1306" lat="34.2362219" lon="-118.5872883"/>
 <node id="4303674341" visible="true" version="1" changeset="40754369" timestamp="2016-07-15T06:26:23Z" user="PlaneMad" uid="1306" lat="34.2362241" lon="-118.5864512"/>
 <node id="4303674342" visible="true" version="1" changeset="40754369" timestamp="2016-07-15T06:26:23Z" user="PlaneMad" uid="1306" lat="34.2362279" lon="-118.5868051"/>
 <node id="4303674343" visible="true" version="1" changeset="40754369" timestamp="2016-07-15T06:26:23Z" user="PlaneMad" uid="1306" lat="34.2362279" lon="-118.5872789"/>
 <node id="4303674346" visible="true" version="2" changeset="40958805" timestamp="2016-07-22T19:48:59Z" user="yurasi_import" uid="4210536" lat="34.2362388" lon="-118.5901563"/>
 <node id="4303674347" visible="true" version="2" changeset="40958805" timestamp="2016-07-22T19:48:59Z" user="yurasi_import" uid="4210536" lat="34.2362389" lon="-118.5901218"/>
 <node id="4303674348" visible="true" version="1" changeset="40754369" timestamp="2016-07-15T06:26:23Z" user="PlaneMad" uid="1306" lat="34.2362415" lon="-118.5872789"/>
 <node id="4303674349" visible="true" version="1" changeset="40754369" timestamp="2016-07-15T06:26:23Z" user="PlaneMad" uid="1306" lat="34.2362415" lon="-118.5872830"/>
 <node id="4303674352" visible="true" version="1" changeset="40754369" timestamp="2016-07-15T06:26:23Z" user="PlaneMad" uid="1306" lat="34.2362502" lon="-118.5905666"/>
 <node id="4303674353" visible="true" version="1" changeset="40754369" timestamp="2016-07-15T06:26:23Z" user="PlaneMad" uid="1306" lat="34.2362503" lon="-118.5906046"/>
 <node id="4303674354" visible="true" version="1" changeset="40754369" timestamp="2016-07-15T06:26:23Z" user="PlaneMad" uid="1306" lat="34.2362511" lon="-118.5903393"/>
 <node id="4303674355" visible="true" version="1" changeset="40754369" timestamp="2016-07-15T06:26:23Z" user="PlaneMad" uid="1306" lat="34.2362511" lon="-118.5903496"/>
 <node id="4303674356" visible="true" version="2" changeset="40958805" timestamp="2016-07-22T19:48:59Z" user="yurasi_import" uid="4210536" lat="34.2362535" lon="-118.5901955"/>
 <node id="4303674357" visible="true" version="2" changeset="40958805" timestamp="2016-07-22T19:48:59Z" user="yurasi_import" uid="4210536" lat="34.2362535" lon="-118.5901563"/>
 <node id="4303674358" visible="true" version="1" changeset="40754369" timestamp="2016-07-15T06:26:23Z" user="PlaneMad" uid="1306" lat="34.2362550" lon="-118.5899851"/>
 <node id="4303674359" visible="true" version="1" changeset="40754369" timestamp="2016-07-15T06:26:23Z" user="PlaneMad" uid="1306" lat="34.2362550" lon="-118.5901164"/>
 <node id="4303674360" visible="true" version="1" changeset="40754369" timestamp="2016-07-15T06:26:23Z" user="PlaneMad" uid="1306" lat="34.2362551" lon="-118.5897162"/>
 <node id="4303674361" visible="true" version="1" changeset="40754369" timestamp="2016-07-15T06:26:23Z" user="PlaneMad" uid="1306" lat="34.2362551" lon="-118.5898390"/>
 <node id="4303674363" visible="true" version="1" changeset="40754369" timestamp="2016-07-15T06:26:23Z" user="PlaneMad" uid="1306" lat="34.2362689" lon="-118.5875192"/>
 <node id="4303674364" visible="true" version="1" changeset="40754369" timestamp="2016-07-15T06:26:23Z" user="PlaneMad" uid="1306" lat="34.2362690" lon="-118.5874910"/>
 <node id="4303674365" visible="true" version="1" changeset="40754369" timestamp="2016-07-15T06:26:23Z" user="PlaneMad" uid="1306" lat="34.2362690" lon="-118.5875034"/>
 <node id="4303674367" visible="true" version="1" changeset="40754369" timestamp="2016-07-15T06:26:23Z" user="PlaneMad" uid="1306" lat="34.2362783" lon="-118.5868050"/>
 <node id="4303674368" visible="true" version="1" changeset="40754369" timestamp="2016-07-15T06:26:23Z" user="PlaneMad" uid="1306" lat="34.2362783" lon="-118.5871042"/>
 <node id="4303674369" visible="true" version="1" changeset="40754369" timestamp="2016-07-15T06:26:23Z" user="PlaneMad" uid="1306" lat="34.2362783" lon="-118.5872302"/>
 <node id="4303674370" visible="true" version="1" changeset="40754369" timestamp="2016-07-15T06:26:23Z" user="PlaneMad" uid="1306" lat="34.2362783" lon="-118.5872549"/>
 <node id="4303674372" visible="true" version="2" changeset="40958805" timestamp="2016-07-22T19:48:59Z" user="yurasi_import" uid="4210536" lat="34.2362960" lon="-118.5894750"/>
 <node id="4303674373" visible="true" version="2" changeset="40958805" timestamp="2016-07-22T19:48:59Z" user="yurasi_import" uid="4210536" lat="34.2362959" lon="-118.5895375"/>
 <node id="4303674375" visible="true" version="2" changeset="40958805" timestamp="2016-07-22T19:48:59Z" user="yurasi_import" uid="4210536" lat="34.2362964" lon="-118.5888781"/>
 <node id="4303674376" visible="true" version="2" changeset="40958805" timestamp="2016-07-22T19:48:59Z" user="yurasi_import" uid="4210536" lat="34.2362964" lon="-118.5888653"/>
 <node id="4303674378" visible="true" version="1" changeset="40754369" timestamp="2016-07-15T06:26:23Z" user="PlaneMad" uid="1306" lat="34.2363001" lon="-118.5871995"/>
 <node id="4303674379" visible="true" version="1" changeset="40754369" timestamp="2016-07-15T06:26:23Z" user="PlaneMad" uid="1306" lat="34.2363001" lon="-118.5872302"/>
 <node id="4303674380" visible="true" version="1" changeset="40754369" timestamp="2016-07-15T06:26:23Z" user="PlaneMad" uid="1306" lat="34.2363055" lon="-118.5871042"/>
 <node id="4303674381" visible="true" version="1" changeset="40754369" timestamp="2016-07-15T06:26:23Z" user="PlaneMad" uid="1306" lat="34.2363055" lon="-118.5871995"/>
 <node id="4303674382" visible="true" version="1" changeset="40754369" timestamp="2016-07-15T06:26:23Z" user="PlaneMad" uid="1306" lat="34.2363095" lon="-118.5903495"/>
 <node id="4303674383" visible="true" version="1" changeset="40754369" timestamp="2016-07-15T06:26:23Z" user="PlaneMad" uid="1306" lat="34.2363096" lon="-118.5904794"/>
 <node id="4303674384" visible="true" version="1" changeset="40754369" timestamp="2016-07-15T06:26:23Z" user="PlaneMad" uid="1306" lat="34.2363101" lon="-118.5898391"/>
 <node id="4303674385" visible="true" version="1" changeset="40754369" timestamp="2016-07-15T06:26:23Z" user="PlaneMad" uid="1306" lat="34.2363101" lon="-118.5899851"/>
 <node id="4303674388" visible="true" version="1" changeset="40754369" timestamp="2016-07-15T06:26:23Z" user="PlaneMad" uid="1306" lat="34.2363206" lon="-118.5904794"/>
 <node id="4303674389" visible="true" version="1" changeset="40754369" timestamp="2016-07-15T06:26:23Z" user="PlaneMad" uid="1306" lat="34.2363208" lon="-118.5906045"/>
 <node id="4303674390" visible="true" version="1" changeset="40754369" timestamp="2016-07-15T06:26:23Z" user="PlaneMad" uid="1306" lat="34.2363402" lon="-118.5872830"/>
 <node id="4303674391" visible="true" version="1" changeset="40754369" timestamp="2016-07-15T06:26:23Z" user="PlaneMad" uid="1306" lat="34.2363403" lon="-118.5872549"/>
 <node id="4303674394" visible="true" version="2" changeset="40958805" timestamp="2016-07-22T19:48:59Z" user="yurasi_import" uid="4210536" lat="34.2363485" lon="-118.5901182"/>
 <node id="4303674395" visible="true" version="2" changeset="40958805" timestamp="2016-07-22T19:48:59Z" user="yurasi_import" uid="4210536" lat="34.2363485" lon="-118.5901222"/>
 <node id="4303674396" visible="true" version="1" changeset="40754369" timestamp="2016-07-15T06:26:23Z" user="PlaneMad" uid="1306" lat="34.2363636" lon="-118.5918734"/>
 <node id="4303674397" visible="true" version="1" changeset="40754369" timestamp="2016-07-15T06:26:23Z" user="PlaneMad" uid="1306" lat="34.2363640" lon="-118.5908795"/>
 <node id="4303674404" visible="true" version="1" changeset="40754369" timestamp="2016-07-15T06:26:24Z" user="PlaneMad" uid="1306" lat="34.2363743" lon="-118.5905609"/>
 <node id="4303674405" visible="true" version="1" changeset="40754369" timestamp="2016-07-15T06:26:24Z" user="PlaneMad" uid="1306" lat="34.2363743" lon="-118.5906086"/>
 <node id="4303674408" visible="true" version="1" changeset="40754369" timestamp="2016-07-15T06:26:24Z" user="PlaneMad" uid="1306" lat="34.2363955" lon="-118.5877172"/>
 <node id="4303674409" visible="true" version="1" changeset="40754369" timestamp="2016-07-15T06:26:24Z" user="PlaneMad" uid="1306" lat="34.2363961" lon="-118.5875036"/>
 <node id="4303674410" visible="true" version="1" changeset="40754369" timestamp="2016-07-15T06:26:24Z" user="PlaneMad" uid="1306" lat="34.2363967" lon="-118.5872921"/>
 <node id="4303674411" visible="true" version="1" changeset="40754369" timestamp="2016-07-15T06:26:24Z" user="PlaneMad" uid="1306" lat="34.2364048" lon="-118.5878144"/>
 <node id="4303674412" visible="true" version="1" changeset="40754369" timestamp="2016-07-15T06:26:24Z" user="PlaneMad" uid="1306" lat="34.2364054" lon="-118.5882115"/>
 <node id="4303674413" visible="true" version="2" changeset="40958805" timestamp="2016-07-22T19:48:59Z" user="yurasi_import" uid="4210536" lat="34.2364092" lon="-118.5890598"/>
 <node id="4303674414" visible="true" version="2" changeset="40958805" timestamp="2016-07-22T19:48:59Z" user="yurasi_import" uid="4210536" lat="34.2364091" lon="-118.5891676"/>
 <node id="4303674415" visible="true" version="2" changeset="40958805" timestamp="2016-07-22T19:48:59Z" user="yurasi_import" uid="4210536" lat="34.2364090" lon="-118.5891922"/>
 <node id="4303674416" visible="true" version="2" changeset="40958805" timestamp="2016-07-22T19:48:59Z" user="yurasi_import" uid="4210536" lat="34.2364088" lon="-118.5894751"/>
 <node id="4303674417" visible="true" version="1" changeset="40754369" timestamp="2016-07-15T06:26:24Z" user="PlaneMad" uid="1306" lat="34.2364168" lon="-118.5864624"/>
 <node id="4303674418" visible="true" version="1" changeset="40754369" timestamp="2016-07-15T06:26:24Z" user="PlaneMad" uid="1306" lat="34.2364174" lon="-118.5869570"/>
 <node id="4303674419" visible="true" version="2" changeset="40958805" timestamp="2016-07-22T19:48:59Z" user="yurasi_import" uid="4210536" lat="34.2364161" lon="-118.5901961"/>
 <node id="4303674420" visible="true" version="2" changeset="40958805" timestamp="2016-07-22T19:48:59Z" user="yurasi_import" uid="4210536" lat="34.2364162" lon="-118.5901607"/>
 <node id="4303674421" visible="true" version="1" changeset="40754369" timestamp="2016-07-15T06:26:24Z" user="PlaneMad" uid="1306" lat="34.2364246" lon="-118.5892247"/>
 <node id="4303674422" visible="true" version="1" changeset="40754369" timestamp="2016-07-15T06:26:24Z" user="PlaneMad" uid="1306" lat="34.2364248" lon="-118.5893943"/>
 <node id="4303674423" visible="true" version="1" changeset="40754369" timestamp="2016-07-15T06:26:24Z" user="PlaneMad" uid="1306" lat="34.2364249" lon="-118.5905607"/>
 <node id="4303674424" visible="true" version="1" changeset="40754369" timestamp="2016-07-15T06:26:24Z" user="PlaneMad" uid="1306" lat="34.2364249" lon="-118.5906082"/>
 <node id="4303674425" visible="true" version="2" changeset="40958805" timestamp="2016-07-22T19:48:59Z" user="yurasi_import" uid="4210536" lat="34.2364264" lon="-118.5901185"/>
 <node id="4303674426" visible="true" version="2" changeset="40958805" timestamp="2016-07-22T19:48:59Z" user="yurasi_import" uid="4210536" lat="34.2364263" lon="-118.5901608"/>
 <node id="4303674427" visible="true" version="1" changeset="40754369" timestamp="2016-07-15T06:26:24Z" user="PlaneMad" uid="1306" lat="34.2364289" lon="-118.5859543"/>
 <node id="4303674429" visible="true" version="1" changeset="40754369" timestamp="2016-07-15T06:26:24Z" user="PlaneMad" uid="1306" lat="34.2364290" lon="-118.5857998"/>
 <node id="4303674432" visible="true" version="1" changeset="40754369" timestamp="2016-07-15T06:26:24Z" user="PlaneMad" uid="1306" lat="34.2364319" lon="-118.5901793"/>
 <node id="4303674437" visible="true" version="1" changeset="40754369" timestamp="2016-07-15T06:26:24Z" user="PlaneMad" uid="1306" lat="34.2364337" lon="-118.5891923"/>
 <node id="4303674438" visible="true" version="1" changeset="40754369" timestamp="2016-07-15T06:26:24Z" user="PlaneMad" uid="1306" lat="34.2364339" lon="-118.5896865"/>
 <node id="4303674439" visible="true" version="1" changeset="40754369" timestamp="2016-07-15T06:26:24Z" user="PlaneMad" uid="1306" lat="34.2364359" lon="-118.5902063"/>
 <node id="4303674440" visible="true" version="1" changeset="40754369" timestamp="2016-07-15T06:26:24Z" user="PlaneMad" uid="1306" lat="34.2364403" lon="-118.5901814"/>
 <node id="4303674441" visible="true" version="1" changeset="40754369" timestamp="2016-07-15T06:26:24Z" user="PlaneMad" uid="1306" lat="34.2364423" lon="-118.5891674"/>
 <node id="4303674444" visible="true" version="1" changeset="40754369" timestamp="2016-07-15T06:26:24Z" user="PlaneMad" uid="1306" lat="34.2364541" lon="-118.5863779"/>
 <node id="4303674445" visible="true" version="1" changeset="40754369" timestamp="2016-07-15T06:26:24Z" user="PlaneMad" uid="1306" lat="34.2364544" lon="-118.5864623"/>
 <node id="4303674446" visible="true" version="1" changeset="40754369" timestamp="2016-07-15T06:26:24Z" user="PlaneMad" uid="1306" lat="34.2364592" lon="-118.5859543"/>
 <node id="4303674447" visible="true" version="1" changeset="40754369" timestamp="2016-07-15T06:26:24Z" user="PlaneMad" uid="1306" lat="34.2364592" lon="-118.5860164"/>
 <node id="4303674448" visible="true" version="1" changeset="40754369" timestamp="2016-07-15T06:26:24Z" user="PlaneMad" uid="1306" lat="34.2364595" lon="-118.5892246"/>
 <node id="4303674451" visible="true" version="1" changeset="40754369" timestamp="2016-07-15T06:26:24Z" user="PlaneMad" uid="1306" lat="34.2364878" lon="-118.5897007"/>
 <node id="4303674452" visible="true" version="1" changeset="40754369" timestamp="2016-07-15T06:26:24Z" user="PlaneMad" uid="1306" lat="34.2364882" lon="-118.5892246"/>
 <node id="4303674453" visible="true" version="1" changeset="40754369" timestamp="2016-07-15T06:26:24Z" user="PlaneMad" uid="1306" lat="34.2364918" lon="-118.5862519"/>
 <node id="4303674454" visible="true" version="2" changeset="40958805" timestamp="2016-07-22T19:48:59Z" user="yurasi_import" uid="4210536" lat="34.2364941" lon="-118.5888656"/>
 <node id="4303674455" visible="true" version="2" changeset="40958805" timestamp="2016-07-22T19:48:59Z" user="yurasi_import" uid="4210536" lat="34.2364940" lon="-118.5890599"/>
 <node id="4303674456" visible="true" version="1" changeset="40754369" timestamp="2016-07-15T06:26:24Z" user="PlaneMad" uid="1306" lat="34.2364949" lon="-118.5896618"/>
 <node id="4303674459" visible="true" version="1" changeset="40754369" timestamp="2016-07-15T06:26:24Z" user="PlaneMad" uid="1306" lat="34.2364984" lon="-118.5862631"/>
 <node id="4303674460" visible="true" version="1" changeset="40754369" timestamp="2016-07-15T06:26:24Z" user="PlaneMad" uid="1306" lat="34.2365024" lon="-118.5902232"/>
 <node id="4303674463" visible="true" version="1" changeset="40754369" timestamp="2016-07-15T06:26:24Z" user="PlaneMad" uid="1306" lat="34.2365068" lon="-118.5901983"/>
 <node id="4303674464" visible="true" version="1" changeset="40754369" timestamp="2016-07-15T06:26:24Z" user="PlaneMad" uid="1306" lat="34.2365096" lon="-118.5906169"/>
 <node id="4303674467" visible="true" version="1" changeset="40754369" timestamp="2016-07-15T06:26:24Z" user="PlaneMad" uid="1306" lat="34.2365178" lon="-118.5862958"/>
 <node id="4303674470" visible="true" version="1" changeset="40754369" timestamp="2016-07-15T06:26:24Z" user="PlaneMad" uid="1306" lat="34.2365494" lon="-118.5864622"/>
 <node id="4303674473" visible="true" version="1" changeset="40754369" timestamp="2016-07-15T06:26:24Z" user="PlaneMad" uid="1306" lat="34.2365499" lon="-118.5869568"/>
 <node id="4303674474" visible="true" version="1" changeset="40754369" timestamp="2016-07-15T06:26:24Z" user="PlaneMad" uid="1306" lat="34.2365521" lon="-118.5863778"/>
 <node id="4303674475" visible="true" version="1" changeset="40754369" timestamp="2016-07-15T06:26:24Z" user="PlaneMad" uid="1306" lat="34.2365522" lon="-118.5864621"/>
 <node id="4303674480" visible="true" version="1" changeset="40754369" timestamp="2016-07-15T06:26:25Z" user="PlaneMad" uid="1306" lat="34.2365625" lon="-118.5861913"/>
 <node id="4303674483" visible="true" version="1" changeset="40754369" timestamp="2016-07-15T06:26:25Z" user="PlaneMad" uid="1306" lat="34.2365702" lon="-118.5903064"/>
 <node id="4303674484" visible="true" version="1" changeset="40754369" timestamp="2016-07-15T06:26:25Z" user="PlaneMad" uid="1306" lat="34.2365783" lon="-118.5897249"/>
 <node id="4303674485" visible="true" version="1" changeset="40754369" timestamp="2016-07-15T06:26:25Z" user="PlaneMad" uid="1306" lat="34.2365799" lon="-118.5869635"/>
 <node id="4303674486" visible="true" version="1" changeset="40754369" timestamp="2016-07-15T06:26:25Z" user="PlaneMad" uid="1306" lat="34.2365804" lon="-118.5875999"/>
 <node id="4303674487" visible="true" version="1" changeset="40754369" timestamp="2016-07-15T06:26:25Z" user="PlaneMad" uid="1306" lat="34.2365855" lon="-118.5896860"/>
 <node id="4303674593" visible="true" version="1" changeset="40754369" timestamp="2016-07-15T06:26:25Z" user="PlaneMad" uid="1306" lat="34.2366030" lon="-118.5868448"/>
 <node id="4303674594" visible="true" version="1" changeset="40754369" timestamp="2016-07-15T06:26:25Z" user="PlaneMad" uid="1306" lat="34.2366031" lon="-118.5869568"/>
 <node id="4303674599" visible="true" version="1" changeset="40754369" timestamp="2016-07-15T06:26:25Z" user="PlaneMad" uid="1306" lat="34.2366212" lon="-118.5906485"/>
 <node id="4303674600" visible="true" version="1" changeset="40754369" timestamp="2016-07-15T06:26:25Z" user="PlaneMad" uid="1306" lat="34.2366321" lon="-118.5922498"/>
 <node id="4303674601" visible="true" version="1" changeset="40754369" timestamp="2016-07-15T06:26:25Z" user="PlaneMad" uid="1306" lat="34.2366349" lon="-118.5921021"/>
 <node id="4303674602" visible="true" version="1" changeset="40754369" timestamp="2016-07-15T06:26:25Z" user="PlaneMad" uid="1306" lat="34.2366423" lon="-118.5920091"/>
 <node id="4303674609" visible="true" version="1" changeset="40754369" timestamp="2016-07-15T06:26:25Z" user="PlaneMad" uid="1306" lat="34.2366541" lon="-118.5919741"/>
 <node id="4303674610" visible="true" version="1" changeset="40754369" timestamp="2016-07-15T06:26:25Z" user="PlaneMad" uid="1306" lat="34.2366610" lon="-118.5920248"/>
 <node id="4303674611" visible="true" version="1" changeset="40754369" timestamp="2016-07-15T06:26:25Z" user="PlaneMad" uid="1306" lat="34.2366728" lon="-118.5919893"/>
 <node id="4303674612" visible="true" version="1" changeset="40754369" timestamp="2016-07-15T06:26:25Z" user="PlaneMad" uid="1306" lat="34.2366817" lon="-118.5903380"/>
 <node id="4303674613" visible="true" version="1" changeset="40754369" timestamp="2016-07-15T06:26:25Z" user="PlaneMad" uid="1306" lat="34.2366871" lon="-118.5905893"/>
 <node id="4303674616" visible="true" version="1" changeset="40754369" timestamp="2016-07-15T06:26:25Z" user="PlaneMad" uid="1306" lat="34.2367048" lon="-118.5915710"/>
 <node id="4303674617" visible="true" version="1" changeset="40754369" timestamp="2016-07-15T06:26:25Z" user="PlaneMad" uid="1306" lat="34.2367059" lon="-118.5865145"/>
 <node id="4303674618" visible="true" version="1" changeset="40754369" timestamp="2016-07-15T06:26:25Z" user="PlaneMad" uid="1306" lat="34.2367059" lon="-118.5865743"/>
 <node id="4303674619" visible="true" version="1" changeset="40754369" timestamp="2016-07-15T06:26:25Z" user="PlaneMad" uid="1306" lat="34.2367059" lon="-118.5866798"/>
 <node id="4303674620" visible="true" version="1" changeset="40754369" timestamp="2016-07-15T06:26:25Z" user="PlaneMad" uid="1306" lat="34.2367059" lon="-118.5867396"/>
 <node id="4303674622" visible="true" version="1" changeset="40754369" timestamp="2016-07-15T06:26:25Z" user="PlaneMad" uid="1306" lat="34.2367125" lon="-118.5869566"/>
 <node id="4303674623" visible="true" version="1" changeset="40754369" timestamp="2016-07-15T06:26:25Z" user="PlaneMad" uid="1306" lat="34.2367128" lon="-118.5868454"/>
 <node id="4303674624" visible="true" version="1" changeset="40754369" timestamp="2016-07-15T06:26:25Z" user="PlaneMad" uid="1306" lat="34.2367157" lon="-118.5864638"/>
 <node id="4303674625" visible="true" version="1" changeset="40754369" timestamp="2016-07-15T06:26:25Z" user="PlaneMad" uid="1306" lat="34.2367158" lon="-118.5865144"/>
 <node id="4303674626" visible="true" version="1" changeset="40754369" timestamp="2016-07-15T06:26:25Z" user="PlaneMad" uid="1306" lat="34.2367158" lon="-118.5865743"/>
 <node id="4303674627" visible="true" version="1" changeset="40754369" timestamp="2016-07-15T06:26:25Z" user="PlaneMad" uid="1306" lat="34.2367159" lon="-118.5866798"/>
 <node id="4303674628" visible="true" version="1" changeset="40754369" timestamp="2016-07-15T06:26:25Z" user="PlaneMad" uid="1306" lat="34.2367160" lon="-118.5867396"/>
 <node id="4303674629" visible="true" version="1" changeset="40754369" timestamp="2016-07-15T06:26:25Z" user="PlaneMad" uid="1306" lat="34.2367161" lon="-118.5869582"/>
 <node id="4303674630" visible="true" version="1" changeset="40754369" timestamp="2016-07-15T06:26:25Z" user="PlaneMad" uid="1306" lat="34.2367161" lon="-118.5869633"/>
 <node id="4303674631" visible="true" version="1" changeset="40754369" timestamp="2016-07-15T06:26:25Z" user="PlaneMad" uid="1306" lat="34.2367344" lon="-118.5904609"/>
 <node id="4303674632" visible="true" version="1" changeset="40754369" timestamp="2016-07-15T06:26:25Z" user="PlaneMad" uid="1306" lat="34.2367375" lon="-118.5906163"/>
 <node id="4303674633" visible="true" version="1" changeset="40754369" timestamp="2016-07-15T06:26:25Z" user="PlaneMad" uid="1306" lat="34.2367386" lon="-118.5904497"/>
 <node id="4303674634" visible="true" version="1" changeset="40754369" timestamp="2016-07-15T06:26:25Z" user="PlaneMad" uid="1306" lat="34.2367415" lon="-118.5917894"/>
 <node id="4303674639" visible="true" version="1" changeset="40754369" timestamp="2016-07-15T06:26:25Z" user="PlaneMad" uid="1306" lat="34.2367775" lon="-118.5905680"/>
 <node id="4303674640" visible="true" version="1" changeset="40754369" timestamp="2016-07-15T06:26:25Z" user="PlaneMad" uid="1306" lat="34.2367804" lon="-118.5913503"/>
 <node id="4303674641" visible="true" version="1" changeset="40754369" timestamp="2016-07-15T06:26:25Z" user="PlaneMad" uid="1306" lat="34.2367849" lon="-118.5903214"/>
 <node id="4303674642" visible="true" version="1" changeset="40754369" timestamp="2016-07-15T06:26:25Z" user="PlaneMad" uid="1306" lat="34.2367849" lon="-118.5904879"/>
 <node id="4303674643" visible="true" version="1" changeset="40754369" timestamp="2016-07-15T06:26:25Z" user="PlaneMad" uid="1306" lat="34.2367885" lon="-118.5924852"/>
 <node id="4303674644" visible="true" version="1" changeset="40754369" timestamp="2016-07-15T06:26:25Z" user="PlaneMad" uid="1306" lat="34.2367888" lon="-118.5904760"/>
 <node id="4303674647" visible="true" version="1" changeset="40754369" timestamp="2016-07-15T06:26:25Z" user="PlaneMad" uid="1306" lat="34.2367911" lon="-118.5913561"/>
 <node id="4303674648" visible="true" version="1" changeset="40754369" timestamp="2016-07-15T06:26:25Z" user="PlaneMad" uid="1306" lat="34.2367969" lon="-118.5904911"/>
 <node id="4303674649" visible="true" version="1" changeset="40754369" timestamp="2016-07-15T06:26:25Z" user="PlaneMad" uid="1306" lat="34.2367985" lon="-118.5892241"/>
 <node id="4303674650" visible="true" version="1" changeset="40754369" timestamp="2016-07-15T06:26:25Z" user="PlaneMad" uid="1306" lat="34.2367987" lon="-118.5893938"/>
 <node id="4303674651" visible="true" version="1" changeset="40754369" timestamp="2016-07-15T06:26:25Z" user="PlaneMad" uid="1306" lat="34.2367988" lon="-118.5923580"/>
 <node id="4303674652" visible="true" version="1" changeset="40754369" timestamp="2016-07-15T06:26:25Z" user="PlaneMad" uid="1306" lat="34.2368046" lon="-118.5904952"/>
 <node id="4303674653" visible="true" version="1" changeset="40754369" timestamp="2016-07-15T06:26:26Z" user="PlaneMad" uid="1306" lat="34.2368066" lon="-118.5923339"/>
 <node id="4303674654" visible="true" version="1" changeset="40754369" timestamp="2016-07-15T06:26:26Z" user="PlaneMad" uid="1306" lat="34.2368164" lon="-118.5912803"/>
 <node id="4303674655" visible="true" version="1" changeset="40754369" timestamp="2016-07-15T06:26:26Z" user="PlaneMad" uid="1306" lat="34.2368252" lon="-118.5923726"/>
 <node id="4303674656" visible="true" version="1" changeset="40754369" timestamp="2016-07-15T06:26:26Z" user="PlaneMad" uid="1306" lat="34.2368255" lon="-118.5897908"/>
 <node id="4303674657" visible="true" version="1" changeset="40754369" timestamp="2016-07-15T06:26:26Z" user="PlaneMad" uid="1306" lat="34.2368293" lon="-118.5897702"/>
 <node id="4303674658" visible="true" version="1" changeset="40754369" timestamp="2016-07-15T06:26:26Z" user="PlaneMad" uid="1306" lat="34.2368351" lon="-118.5903476"/>
 <node id="4303674661" visible="true" version="1" changeset="40754369" timestamp="2016-07-15T06:26:26Z" user="PlaneMad" uid="1306" lat="34.2368633" lon="-118.5902886"/>
 <node id="4303674662" visible="true" version="1" changeset="40754369" timestamp="2016-07-15T06:26:26Z" user="PlaneMad" uid="1306" lat="34.2368638" lon="-118.5918488"/>
 <node id="4303674663" visible="true" version="1" changeset="40754369" timestamp="2016-07-15T06:26:26Z" user="PlaneMad" uid="1306" lat="34.2368715" lon="-118.5902907"/>
 <node id="4303674664" visible="true" version="1" changeset="40754369" timestamp="2016-07-15T06:26:26Z" user="PlaneMad" uid="1306" lat="34.2368817" lon="-118.5913115"/>
 <node id="4303674665" visible="true" version="1" changeset="40754369" timestamp="2016-07-15T06:26:26Z" user="PlaneMad" uid="1306" lat="34.2368952" lon="-118.5864111"/>
 <node id="4303674666" visible="true" version="1" changeset="40754369" timestamp="2016-07-15T06:26:26Z" user="PlaneMad" uid="1306" lat="34.2368952" lon="-118.5864636"/>
 <node id="4303674667" visible="true" version="1" changeset="40754369" timestamp="2016-07-15T06:26:26Z" user="PlaneMad" uid="1306" lat="34.2369034" lon="-118.5921527"/>
 <node id="4303674668" visible="true" version="1" changeset="40754369" timestamp="2016-07-15T06:26:26Z" user="PlaneMad" uid="1306" lat="34.2369215" lon="-118.5916772"/>
 <node id="4303674669" visible="true" version="1" changeset="40754369" timestamp="2016-07-15T06:26:26Z" user="PlaneMad" uid="1306" lat="34.2369405" lon="-118.5897999"/>
 <node id="4303674670" visible="true" version="1" changeset="40754369" timestamp="2016-07-15T06:26:26Z" user="PlaneMad" uid="1306" lat="34.2369466" lon="-118.5897666"/>
 <node id="4303674673" visible="true" version="1" changeset="40754369" timestamp="2016-07-15T06:26:26Z" user="PlaneMad" uid="1306" lat="34.2369753" lon="-118.5864110"/>
 <node id="4303674674" visible="true" version="1" changeset="40754369" timestamp="2016-07-15T06:26:26Z" user="PlaneMad" uid="1306" lat="34.2369754" lon="-118.5864635"/>
 <node id="4303674675" visible="true" version="1" changeset="40754369" timestamp="2016-07-15T06:26:26Z" user="PlaneMad" uid="1306" lat="34.2369900" lon="-118.5875994"/>
 <node id="4303674676" visible="true" version="1" changeset="40754369" timestamp="2016-07-15T06:26:26Z" user="PlaneMad" uid="1306" lat="34.2369900" lon="-118.5876120"/>
 <node id="4303674677" visible="true" version="1" changeset="40754369" timestamp="2016-07-15T06:26:26Z" user="PlaneMad" uid="1306" lat="34.2369912" lon="-118.5862964"/>
 <node id="4303674678" visible="true" version="1" changeset="40754369" timestamp="2016-07-15T06:26:26Z" user="PlaneMad" uid="1306" lat="34.2369913" lon="-118.5859093"/>
 <node id="4303674679" visible="true" version="1" changeset="40754369" timestamp="2016-07-15T06:26:26Z" user="PlaneMad" uid="1306" lat="34.2369913" lon="-118.5859282"/>
 <node id="4303674680" visible="true" version="1" changeset="40754369" timestamp="2016-07-15T06:26:26Z" user="PlaneMad" uid="1306" lat="34.2369914" lon="-118.5860171"/>
 <node id="4303674681" visible="true" version="1" changeset="40754369" timestamp="2016-07-15T06:26:26Z" user="PlaneMad" uid="1306" lat="34.2369915" lon="-118.5858006"/>
 <node id="4303674682" visible="true" version="1" changeset="40754369" timestamp="2016-07-15T06:26:26Z" user="PlaneMad" uid="1306" lat="34.2369915" lon="-118.5858594"/>
 <node id="4303674686" visible="true" version="1" changeset="40754369" timestamp="2016-07-15T06:26:26Z" user="PlaneMad" uid="1306" lat="34.2369968" lon="-118.5919782"/>
 <node id="4303674687" visible="true" version="1" changeset="40754369" timestamp="2016-07-15T06:26:26Z" user="PlaneMad" uid="1306" lat="34.2370043" lon="-118.5875994"/>
 <node id="4303674688" visible="true" version="1" changeset="40754369" timestamp="2016-07-15T06:26:26Z" user="PlaneMad" uid="1306" lat="34.2370043" lon="-118.5876119"/>
 <node id="4303674691" visible="true" version="1" changeset="40754369" timestamp="2016-07-15T06:26:26Z" user="PlaneMad" uid="1306" lat="34.2370222" lon="-118.5858594"/>
 <node id="4303674692" visible="true" version="1" changeset="40754369" timestamp="2016-07-15T06:26:26Z" user="PlaneMad" uid="1306" lat="34.2370222" lon="-118.5859093"/>
 <node id="4303674693" visible="true" version="1" changeset="40754369" timestamp="2016-07-15T06:26:26Z" user="PlaneMad" uid="1306" lat="34.2370229" lon="-118.5898435"/>
 <node id="4303674695" visible="true" version="1" changeset="40754369" timestamp="2016-07-15T06:26:26Z" user="PlaneMad" uid="1306" lat="34.2370270" lon="-118.5898446"/>
 <node id="4303674696" visible="true" version="1" changeset="40754369" timestamp="2016-07-15T06:26:26Z" user="PlaneMad" uid="1306" lat="34.2370328" lon="-118.5897897"/>
 <node id="4303674697" visible="true" version="1" changeset="40754369" timestamp="2016-07-15T06:26:26Z" user="PlaneMad" uid="1306" lat="34.2370331" lon="-118.5859282"/>
 <node id="4303674698" visible="true" version="1" changeset="40754369" timestamp="2016-07-15T06:26:26Z" user="PlaneMad" uid="1306" lat="34.2370331" lon="-118.5860171"/>
 <node id="4303674702" visible="true" version="1" changeset="40754369" timestamp="2016-07-15T06:26:26Z" user="PlaneMad" uid="1306" lat="34.2370515" lon="-118.5909918"/>
 <node id="4303674703" visible="true" version="1" changeset="40754369" timestamp="2016-07-15T06:26:26Z" user="PlaneMad" uid="1306" lat="34.2370695" lon="-118.5908033"/>
 <node id="4303674704" visible="true" version="1" changeset="40754369" timestamp="2016-07-15T06:26:26Z" user="PlaneMad" uid="1306" lat="34.2370704" lon="-118.5869596"/>
 <node id="4303674705" visible="true" version="1" changeset="40754369" timestamp="2016-07-15T06:26:26Z" user="PlaneMad" uid="1306" lat="34.2370709" lon="-118.5875993"/>
 <node id="4303674708" visible="true" version="1" changeset="40754369" timestamp="2016-07-15T06:26:26Z" user="PlaneMad" uid="1306" lat="34.2370868" lon="-118.5864634"/>
 <node id="4303674709" visible="true" version="1" changeset="40754369" timestamp="2016-07-15T06:26:26Z" user="PlaneMad" uid="1306" lat="34.2370872" lon="-118.5869587"/>
 <node id="4303674712" visible="true" version="1" changeset="40754369" timestamp="2016-07-15T06:26:26Z" user="PlaneMad" uid="1306" lat="34.2371012" lon="-118.5916698"/>
 <node id="4303674713" visible="true" version="1" changeset="40754369" timestamp="2016-07-15T06:26:26Z" user="PlaneMad" uid="1306" lat="34.2371056" lon="-118.5907382"/>
 <node id="4303674714" visible="true" version="1" changeset="40754369" timestamp="2016-07-15T06:26:26Z" user="PlaneMad" uid="1306" lat="34.2371066" lon="-118.5915475"/>
 <node id="4303674716" visible="true" version="1" changeset="40754369" timestamp="2016-07-15T06:26:26Z" user="PlaneMad" uid="1306" lat="34.2371111" lon="-118.5907425"/>
 <node id="4303674719" visible="true" version="1" changeset="40754369" timestamp="2016-07-15T06:26:26Z" user="PlaneMad" uid="1306" lat="34.2371200" lon="-118.5889701"/>
 <node id="4303674720" visible="true" version="1" changeset="40754369" timestamp="2016-07-15T06:26:26Z" user="PlaneMad" uid="1306" lat="34.2371201" lon="-118.5889927"/>
 <node id="4303674725" visible="true" version="1" changeset="40754369" timestamp="2016-07-15T06:26:26Z" user="PlaneMad" uid="1306" lat="34.2371319" lon="-118.5889595"/>
 <node id="4303674726" visible="true" version="1" changeset="40754369" timestamp="2016-07-15T06:26:26Z" user="PlaneMad" uid="1306" lat="34.2371320" lon="-118.5889700"/>
 <node id="4303674727" visible="true" version="1" changeset="40754369" timestamp="2016-07-15T06:26:26Z" user="PlaneMad" uid="1306" lat="34.2371325" lon="-118.5889926"/>
 <node id="4303674728" visible="true" version="1" changeset="40754369" timestamp="2016-07-15T06:26:26Z" user="PlaneMad" uid="1306" lat="34.2371326" lon="-118.5890031"/>
 <node id="4303674729" visible="true" version="1" changeset="40754369" timestamp="2016-07-15T06:26:26Z" user="PlaneMad" uid="1306" lat="34.2371355" lon="-118.5878127"/>
 <node id="4303674730" visible="true" version="1" changeset="40754369" timestamp="2016-07-15T06:26:27Z" user="PlaneMad" uid="1306" lat="34.2371362" lon="-118.5882098"/>
 <node id="4303674732" visible="true" version="1" changeset="40754369" timestamp="2016-07-15T06:26:27Z" user="PlaneMad" uid="1306" lat="34.2371435" lon="-118.5889227"/>
 <node id="4303674733" visible="true" version="1" changeset="40754369" timestamp="2016-07-15T06:26:27Z" user="PlaneMad" uid="1306" lat="34.2371437" lon="-118.5889594"/>
 <node id="4303674734" visible="true" version="1" changeset="40754369" timestamp="2016-07-15T06:26:27Z" user="PlaneMad" uid="1306" lat="34.2371438" lon="-118.5890030"/>
 <node id="4303674735" visible="true" version="1" changeset="40754369" timestamp="2016-07-15T06:26:27Z" user="PlaneMad" uid="1306" lat="34.2371446" lon="-118.5891816"/>
 <node id="4303674736" visible="true" version="1" changeset="40754369" timestamp="2016-07-15T06:26:27Z" user="PlaneMad" uid="1306" lat="34.2371502" lon="-118.5925829"/>
 <node id="4303674740" visible="true" version="1" changeset="40754369" timestamp="2016-07-15T06:26:27Z" user="PlaneMad" uid="1306" lat="34.2371840" lon="-118.5889161"/>
 <node id="4303674741" visible="true" version="1" changeset="40754369" timestamp="2016-07-15T06:26:27Z" user="PlaneMad" uid="1306" lat="34.2371841" lon="-118.5889224"/>
 <node id="4303674747" visible="true" version="1" changeset="40754369" timestamp="2016-07-15T06:26:27Z" user="PlaneMad" uid="1306" lat="34.2372264" lon="-118.5920908"/>
 <node id="4303674750" visible="true" version="1" changeset="40754369" timestamp="2016-07-15T06:26:27Z" user="PlaneMad" uid="1306" lat="34.2372405" lon="-118.5923216"/>
 <node id="4303674751" visible="true" version="1" changeset="40754369" timestamp="2016-07-15T06:26:27Z" user="PlaneMad" uid="1306" lat="34.2372457" lon="-118.5903698"/>
 <node id="4303674752" visible="true" version="1" changeset="40754369" timestamp="2016-07-15T06:26:27Z" user="PlaneMad" uid="1306" lat="34.2372579" lon="-118.5890115"/>
 <node id="4303674753" visible="true" version="1" changeset="40754369" timestamp="2016-07-15T06:26:27Z" user="PlaneMad" uid="1306" lat="34.2372587" lon="-118.5891808"/>
 <node id="4303674756" visible="true" version="1" changeset="40754369" timestamp="2016-07-15T06:26:27Z" user="PlaneMad" uid="1306" lat="34.2372642" lon="-118.5889156"/>
 <node id="4303674757" visible="true" version="1" changeset="40754369" timestamp="2016-07-15T06:26:27Z" user="PlaneMad" uid="1306" lat="34.2372646" lon="-118.5890114"/>
 <node id="4303674769" visible="true" version="1" changeset="40754369" timestamp="2016-07-15T06:26:27Z" user="PlaneMad" uid="1306" lat="34.2372958" lon="-118.5904101"/>
 <node id="4303674775" visible="true" version="1" changeset="40754369" timestamp="2016-07-15T06:26:27Z" user="PlaneMad" uid="1306" lat="34.2373214" lon="-118.5902335"/>
 <node id="4303674778" visible="true" version="1" changeset="40754369" timestamp="2016-07-15T06:26:27Z" user="PlaneMad" uid="1306" lat="34.2373285" lon="-118.5860063"/>
 <node id="4303674779" visible="true" version="1" changeset="40754369" timestamp="2016-07-15T06:26:27Z" user="PlaneMad" uid="1306" lat="34.2373288" lon="-118.5858985"/>
 <node id="4303674780" visible="true" version="1" changeset="40754369" timestamp="2016-07-15T06:26:27Z" user="PlaneMad" uid="1306" lat="34.2373307" lon="-118.5917823"/>
 <node id="4303674781" visible="true" version="1" changeset="40754369" timestamp="2016-07-15T06:26:27Z" user="PlaneMad" uid="1306" lat="34.2373336" lon="-118.5860723"/>
 <node id="4303674782" visible="true" version="1" changeset="40754369" timestamp="2016-07-15T06:26:27Z" user="PlaneMad" uid="1306" lat="34.2373338" lon="-118.5860066"/>
 <node id="4303674783" visible="true" version="1" changeset="40754369" timestamp="2016-07-15T06:26:27Z" user="PlaneMad" uid="1306" lat="34.2373340" lon="-118.5858990"/>
 <node id="4303674784" visible="true" version="2" changeset="116047811" timestamp="2022-01-12T03:34:17Z" user="Clarke22" uid="703694" lat="34.2373325" lon="-118.5874781"/>
 <node id="4303674785" visible="true" version="1" changeset="40754369" timestamp="2016-07-15T06:26:27Z" user="PlaneMad" uid="1306" lat="34.2373345" lon="-118.5856503"/>
 <node id="4303674786" visible="true" version="2" changeset="116047811" timestamp="2022-01-12T03:34:17Z" user="Clarke22" uid="703694" lat="34.2373329" lon="-118.5873161"/>
 <node id="4303674788" visible="true" version="1" changeset="40754369" timestamp="2016-07-15T06:26:27Z" user="PlaneMad" uid="1306" lat="34.2373423" lon="-118.5912287"/>
 <node id="4303674795" visible="true" version="2" changeset="116047811" timestamp="2022-01-12T03:34:17Z" user="Clarke22" uid="703694" lat="34.2373525" lon="-118.5872961"/>
 <node id="4303674796" visible="true" version="2" changeset="116047811" timestamp="2022-01-12T03:34:17Z" user="Clarke22" uid="703694" lat="34.2373525" lon="-118.5873161"/>
 <node id="4303674798" visible="true" version="1" changeset="40754369" timestamp="2016-07-15T06:26:27Z" user="PlaneMad" uid="1306" lat="34.2373562" lon="-118.5912868"/>
 <node id="4303674799" visible="true" version="1" changeset="40754369" timestamp="2016-07-15T06:26:27Z" user="PlaneMad" uid="1306" lat="34.2373563" lon="-118.5856066"/>
 <node id="4303674804" visible="true" version="1" changeset="40754369" timestamp="2016-07-15T06:26:27Z" user="PlaneMad" uid="1306" lat="34.2373634" lon="-118.5856167"/>
 <node id="4303674818" visible="true" version="1" changeset="40754369" timestamp="2016-07-15T06:26:28Z" user="PlaneMad" uid="1306" lat="34.2373860" lon="-118.5855726"/>
 <node id="4303674820" visible="true" version="1" changeset="40754369" timestamp="2016-07-15T06:26:28Z" user="PlaneMad" uid="1306" lat="34.2373929" lon="-118.5855819"/>
 <node id="4303674823" visible="true" version="1" changeset="40754369" timestamp="2016-07-15T06:26:28Z" user="PlaneMad" uid="1306" lat="34.2373993" lon="-118.5913221"/>
 <node id="4303674825" visible="true" version="1" changeset="40754369" timestamp="2016-07-15T06:26:28Z" user="PlaneMad" uid="1306" lat="34.2374016" lon="-118.5855721"/>
 <node id="4303674828" visible="true" version="1" changeset="40754369" timestamp="2016-07-15T06:26:28Z" user="PlaneMad" uid="1306" lat="34.2374038" lon="-118.5913142"/>
 <node id="4303674838" visible="true" version="1" changeset="40754369" timestamp="2016-07-15T06:26:28Z" user="PlaneMad" uid="1306" lat="34.2374186" lon="-118.5913394"/>
 <node id="4303674841" visible="true" version="1" changeset="40754369" timestamp="2016-07-15T06:26:28Z" user="PlaneMad" uid="1306" lat="34.2374237" lon="-118.5913305"/>
 <node id="4303674853" visible="true" version="1" changeset="40754369" timestamp="2016-07-15T06:26:28Z" user="PlaneMad" uid="1306" lat="34.2374407" lon="-118.5865134"/>
 <node id="4303674856" visible="true" version="1" changeset="40754369" timestamp="2016-07-15T06:26:28Z" user="PlaneMad" uid="1306" lat="34.2374416" lon="-118.5860731"/>
 <node id="4303674863" visible="true" version="1" changeset="40754369" timestamp="2016-07-15T06:26:28Z" user="PlaneMad" uid="1306" lat="34.2374554" lon="-118.5902728"/>
 <node id="4303674865" visible="true" version="1" changeset="40754369" timestamp="2016-07-15T06:26:28Z" user="PlaneMad" uid="1306" lat="34.2374604" lon="-118.5913736"/>
 <node id="4303674867" visible="true" version="1" changeset="40754369" timestamp="2016-07-15T06:26:28Z" user="PlaneMad" uid="1306" lat="34.2374637" lon="-118.5913762"/>
 <node id="4303674872" visible="true" version="1" changeset="40754369" timestamp="2016-07-15T06:26:28Z" user="PlaneMad" uid="1306" lat="34.2374687" lon="-118.5913673"/>
 <node id="4303674874" visible="true" version="1" changeset="40754369" timestamp="2016-07-15T06:26:28Z" user="PlaneMad" uid="1306" lat="34.2374720" lon="-118.5913700"/>
 <node id="4303674875" visible="true" version="1" changeset="40754369" timestamp="2016-07-15T06:26:28Z" user="PlaneMad" uid="1306" lat="34.2374947" lon="-118.5878799"/>
 <node id="4303674876" visible="true" version="1" changeset="40754369" timestamp="2016-07-15T06:26:28Z" user="PlaneMad" uid="1306" lat="34.2374948" lon="-118.5878083"/>
 <node id="4303674878" visible="true" version="1" changeset="40754369" timestamp="2016-07-15T06:26:28Z" user="PlaneMad" uid="1306" lat="34.2375009" lon="-118.5867592"/>
 <node id="4303674879" visible="true" version="1" changeset="40754369" timestamp="2016-07-15T06:26:28Z" user="PlaneMad" uid="1306" lat="34.2375009" lon="-118.5869549"/>
 <node id="4303674880" visible="true" version="1" changeset="40754369" timestamp="2016-07-15T06:26:28Z" user="PlaneMad" uid="1306" lat="34.2375115" lon="-118.5882025"/>
 <node id="4303674881" visible="true" version="1" changeset="40754369" timestamp="2016-07-15T06:26:29Z" user="PlaneMad" uid="1306" lat="34.2375120" lon="-118.5878799"/>
 <node id="4303674883" visible="true" version="1" changeset="40754369" timestamp="2016-07-15T06:26:29Z" user="PlaneMad" uid="1306" lat="34.2375144" lon="-118.5865740"/>
 <node id="4303674884" visible="true" version="1" changeset="40754369" timestamp="2016-07-15T06:26:29Z" user="PlaneMad" uid="1306" lat="34.2375144" lon="-118.5867592"/>
 <node id="4303674886" visible="true" version="1" changeset="40754369" timestamp="2016-07-15T06:26:29Z" user="PlaneMad" uid="1306" lat="34.2375210" lon="-118.5909945"/>
 <node id="4303674887" visible="true" version="2" changeset="116047811" timestamp="2022-01-12T03:34:17Z" user="Clarke22" uid="703694" lat="34.2375249" lon="-118.5876111"/>
 <node id="4303674888" visible="true" version="2" changeset="116047811" timestamp="2022-01-12T03:34:17Z" user="Clarke22" uid="703694" lat="34.2375252" lon="-118.5874791"/>
 <node id="4303674889" visible="true" version="1" changeset="40754369" timestamp="2016-07-15T06:26:30Z" user="PlaneMad" uid="1306" lat="34.2376873" lon="-118.5908382"/>
 <node id="4303674890" visible="true" version="2" changeset="116047811" timestamp="2022-01-12T03:34:17Z" user="Clarke22" uid="703694" lat="34.2376859" lon="-118.5872831"/>
 <node id="4303674891" visible="true" version="2" changeset="116047811" timestamp="2022-01-12T03:34:17Z" user="Clarke22" uid="703694" lat="34.2376859" lon="-118.5872971"/>
 <node id="4303674892" visible="true" version="1" changeset="40754369" timestamp="2016-07-15T06:26:30Z" user="PlaneMad" uid="1306" lat="34.2377029" lon="-118.5907468"/>
 <node id="4303674908" visible="true" version="1" changeset="40754369" timestamp="2016-07-15T06:26:31Z" user="PlaneMad" uid="1306" lat="34.2377274" lon="-118.5907667"/>
 <node id="4303674934" visible="true" version="1" changeset="40754369" timestamp="2016-07-15T06:26:31Z" user="PlaneMad" uid="1306" lat="34.2377385" lon="-118.5908799"/>
 <node id="4303674960" visible="true" version="2" changeset="116047811" timestamp="2022-01-12T03:34:17Z" user="Clarke22" uid="703694" lat="34.2377498" lon="-118.5872831"/>
 <node id="4303674961" visible="true" version="2" changeset="116047811" timestamp="2022-01-12T03:34:17Z" user="Clarke22" uid="703694" lat="34.2377498" lon="-118.5872961"/>
 <node id="4303674962" visible="true" version="1" changeset="40754369" timestamp="2016-07-15T06:26:31Z" user="PlaneMad" uid="1306" lat="34.2377526" lon="-118.5911261"/>
 <node id="4303675103" visible="true" version="1" changeset="40754369" timestamp="2016-07-15T06:26:32Z" user="PlaneMad" uid="1306" lat="34.2377724" lon="-118.5882022"/>
 <node id="4303675104" visible="true" version="1" changeset="40754369" timestamp="2016-07-15T06:26:32Z" user="PlaneMad" uid="1306" lat="34.2377725" lon="-118.5881867"/>
 <node id="4303675111" visible="true" version="1" changeset="40754369" timestamp="2016-07-15T06:26:32Z" user="PlaneMad" uid="1306" lat="34.2377757" lon="-118.5859936"/>
 <node id="4303675112" visible="true" version="2" changeset="121210805" timestamp="2022-05-19T19:44:04Z" user="VLD195" uid="15104953" lat="34.2377758" lon="-118.5860730"/>
 <node id="4303675141" visible="true" version="1" changeset="40754369" timestamp="2016-07-15T06:26:32Z" user="PlaneMad" uid="1306" lat="34.2377836" lon="-118.5914923"/>
 <node id="4303675144" visible="true" version="1" changeset="40754369" timestamp="2016-07-15T06:26:32Z" user="PlaneMad" uid="1306" lat="34.2377850" lon="-118.5911406"/>
 <node id="4303675159" visible="true" version="1" changeset="40754369" timestamp="2016-07-15T06:26:33Z" user="PlaneMad" uid="1306" lat="34.2377897" lon="-118.5865740"/>
 <node id="4303675160" visible="true" version="1" changeset="40754369" timestamp="2016-07-15T06:26:33Z" user="PlaneMad" uid="1306" lat="34.2377897" lon="-118.5866859"/>
 <node id="4303675161" visible="true" version="1" changeset="40754369" timestamp="2016-07-15T06:26:33Z" user="PlaneMad" uid="1306" lat="34.2377897" lon="-118.5868174"/>
 <node id="4303675162" visible="true" version="1" changeset="40754369" timestamp="2016-07-15T06:26:33Z" user="PlaneMad" uid="1306" lat="34.2377897" lon="-118.5869375"/>
 <node id="4303675177" visible="true" version="1" changeset="40754369" timestamp="2016-07-15T06:26:33Z" user="PlaneMad" uid="1306" lat="34.2377940" lon="-118.5927917"/>
 <node id="4303675178" visible="true" version="1" changeset="40754369" timestamp="2016-07-15T06:26:33Z" user="PlaneMad" uid="1306" lat="34.2377947" lon="-118.5911091"/>
 <node id="4303675212" visible="true" version="1" changeset="40754369" timestamp="2016-07-15T06:26:33Z" user="PlaneMad" uid="1306" lat="34.2378093" lon="-118.5890079"/>
 <node id="4303675213" visible="true" version="1" changeset="40754369" timestamp="2016-07-15T06:26:33Z" user="PlaneMad" uid="1306" lat="34.2378094" lon="-118.5890345"/>
 <node id="4303675229" visible="true" version="1" changeset="40754369" timestamp="2016-07-15T06:26:33Z" user="PlaneMad" uid="1306" lat="34.2378175" lon="-118.5890345"/>
 <node id="4303675230" visible="true" version="1" changeset="40754369" timestamp="2016-07-15T06:26:33Z" user="PlaneMad" uid="1306" lat="34.2378175" lon="-118.5907402"/>
 <node id="4303675231" visible="true" version="1" changeset="40754369" timestamp="2016-07-15T06:26:34Z" user="PlaneMad" uid="1306" lat="34.2378182" lon="-118.5866859"/>
 <node id="4303675232" visible="true" version="1" changeset="40754369" timestamp="2016-07-15T06:26:34Z" user="PlaneMad" uid="1306" lat="34.2378182" lon="-118.5868174"/>
 <node id="4303675233" visible="true" version="1" changeset="40754369" timestamp="2016-07-15T06:26:34Z" user="PlaneMad" uid="1306" lat="34.2378182" lon="-118.5891806"/>
 <node id="4303675235" visible="true" version="1" changeset="40754369" timestamp="2016-07-15T06:26:34Z" user="PlaneMad" uid="1306" lat="34.2378195" lon="-118.5889270"/>
 <node id="4303675236" visible="true" version="1" changeset="40754369" timestamp="2016-07-15T06:26:34Z" user="PlaneMad" uid="1306" lat="34.2378198" lon="-118.5890078"/>
 <node id="4303675237" visible="true" version="1" changeset="40754369" timestamp="2016-07-15T06:26:34Z" user="PlaneMad" uid="1306" lat="34.2378232" lon="-118.5891805"/>
 <node id="4303675238" visible="true" version="1" changeset="40754369" timestamp="2016-07-15T06:26:34Z" user="PlaneMad" uid="1306" lat="34.2378232" lon="-118.5891937"/>
 <node id="4303675239" visible="true" version="2" changeset="116047811" timestamp="2022-01-12T03:34:17Z" user="Clarke22" uid="703694" lat="34.2378257" lon="-118.5876121"/>
 <node id="4303675241" visible="true" version="2" changeset="116047811" timestamp="2022-01-12T03:34:17Z" user="Clarke22" uid="703694" lat="34.2378259" lon="-118.5872961"/>
 <node id="4303675242" visible="true" version="1" changeset="40754369" timestamp="2016-07-15T06:26:34Z" user="PlaneMad" uid="1306" lat="34.2378294" lon="-118.5915082"/>
 <node id="4303675243" visible="true" version="1" changeset="40754369" timestamp="2016-07-15T06:26:34Z" user="PlaneMad" uid="1306" lat="34.2378323" lon="-118.5911599"/>
 <node id="4303675244" visible="true" version="1" changeset="40754369" timestamp="2016-07-15T06:26:34Z" user="PlaneMad" uid="1306" lat="34.2378351" lon="-118.5881869"/>
 <node id="4303675245" visible="true" version="1" changeset="40754369" timestamp="2016-07-15T06:26:34Z" user="PlaneMad" uid="1306" lat="34.2378351" lon="-118.5882024"/>
 <node id="4303675246" visible="true" version="1" changeset="40754369" timestamp="2016-07-15T06:26:34Z" user="PlaneMad" uid="1306" lat="34.2378378" lon="-118.5889269"/>
 <node id="4303675247" visible="true" version="1" changeset="40754369" timestamp="2016-07-15T06:26:34Z" user="PlaneMad" uid="1306" lat="34.2378378" lon="-118.5889323"/>
 <node id="4303675248" visible="true" version="1" changeset="40754369" timestamp="2016-07-15T06:26:34Z" user="PlaneMad" uid="1306" lat="34.2378397" lon="-118.5888992"/>
 <node id="4303675249" visible="true" version="1" changeset="40754369" timestamp="2016-07-15T06:26:34Z" user="PlaneMad" uid="1306" lat="34.2378399" lon="-118.5889323"/>
 <node id="4303675250" visible="true" version="1" changeset="40754369" timestamp="2016-07-15T06:26:34Z" user="PlaneMad" uid="1306" lat="34.2378415" lon="-118.5911300"/>
 <node id="4303675251" visible="true" version="1" changeset="40754369" timestamp="2016-07-15T06:26:34Z" user="PlaneMad" uid="1306" lat="34.2378475" lon="-118.5891936"/>
 <node id="4303675252" visible="true" version="1" changeset="40754369" timestamp="2016-07-15T06:26:34Z" user="PlaneMad" uid="1306" lat="34.2378477" lon="-118.5892250"/>
 <node id="4303675253" visible="true" version="1" changeset="40754369" timestamp="2016-07-15T06:26:34Z" user="PlaneMad" uid="1306" lat="34.2378531" lon="-118.5866352"/>
 <node id="4303675254" visible="true" version="1" changeset="40754369" timestamp="2016-07-15T06:26:34Z" user="PlaneMad" uid="1306" lat="34.2378532" lon="-118.5865736"/>
 <node id="4303675257" visible="true" version="1" changeset="40754369" timestamp="2016-07-15T06:26:34Z" user="PlaneMad" uid="1306" lat="34.2378793" lon="-118.5911809"/>
 <node id="4303675258" visible="true" version="1" changeset="40754369" timestamp="2016-07-15T06:26:34Z" user="PlaneMad" uid="1306" lat="34.2378908" lon="-118.5856551"/>
 <node id="4303675259" visible="true" version="1" changeset="40754369" timestamp="2016-07-15T06:26:34Z" user="PlaneMad" uid="1306" lat="34.2378913" lon="-118.5859933"/>
 <node id="4303675260" visible="true" version="1" changeset="40754369" timestamp="2016-07-15T06:26:34Z" user="PlaneMad" uid="1306" lat="34.2378954" lon="-118.5869056"/>
 <node id="4303675261" visible="true" version="1" changeset="40754369" timestamp="2016-07-15T06:26:34Z" user="PlaneMad" uid="1306" lat="34.2378954" lon="-118.5888988"/>
 <node id="4303675262" visible="true" version="1" changeset="40754369" timestamp="2016-07-15T06:26:34Z" user="PlaneMad" uid="1306" lat="34.2378956" lon="-118.5866353"/>
 <node id="4303675263" visible="true" version="1" changeset="40754369" timestamp="2016-07-15T06:26:34Z" user="PlaneMad" uid="1306" lat="34.2379224" lon="-118.5911982"/>
 <node id="4303675264" visible="true" version="1" changeset="40754369" timestamp="2016-07-15T06:26:34Z" user="PlaneMad" uid="1306" lat="34.2379378" lon="-118.5865149"/>
 <node id="4303675265" visible="true" version="1" changeset="40754369" timestamp="2016-07-15T06:26:34Z" user="PlaneMad" uid="1306" lat="34.2379389" lon="-118.5860729"/>
 <node id="4303675266" visible="true" version="1" changeset="40754369" timestamp="2016-07-15T06:26:34Z" user="PlaneMad" uid="1306" lat="34.2379415" lon="-118.5892052"/>
 <node id="4303675267" visible="true" version="1" changeset="40754369" timestamp="2016-07-15T06:26:34Z" user="PlaneMad" uid="1306" lat="34.2379416" lon="-118.5892244"/>
 <node id="4303675268" visible="true" version="1" changeset="40754369" timestamp="2016-07-15T06:26:34Z" user="PlaneMad" uid="1306" lat="34.2379444" lon="-118.5890658"/>
 <node id="4303675269" visible="true" version="1" changeset="40754369" timestamp="2016-07-15T06:26:34Z" user="PlaneMad" uid="1306" lat="34.2379445" lon="-118.5889725"/>
 <node id="4303675270" visible="true" version="1" changeset="40754369" timestamp="2016-07-15T06:26:34Z" user="PlaneMad" uid="1306" lat="34.2379446" lon="-118.5889912"/>
 <node id="4303675271" visible="true" version="1" changeset="40754369" timestamp="2016-07-15T06:26:34Z" user="PlaneMad" uid="1306" lat="34.2379451" lon="-118.5892051"/>
 <node id="4303675272" visible="true" version="1" changeset="40754369" timestamp="2016-07-15T06:26:34Z" user="PlaneMad" uid="1306" lat="34.2379510" lon="-118.5889912"/>
 <node id="4303675273" visible="true" version="1" changeset="40754369" timestamp="2016-07-15T06:26:34Z" user="PlaneMad" uid="1306" lat="34.2379514" lon="-118.5890657"/>
 <node id="4303675274" visible="true" version="1" changeset="40754369" timestamp="2016-07-15T06:26:34Z" user="PlaneMad" uid="1306" lat="34.2379530" lon="-118.5915563"/>
 <node id="4303675275" visible="true" version="1" changeset="40754369" timestamp="2016-07-15T06:26:34Z" user="PlaneMad" uid="1306" lat="34.2379554" lon="-118.5888980"/>
 <node id="4303675276" visible="true" version="1" changeset="40754369" timestamp="2016-07-15T06:26:34Z" user="PlaneMad" uid="1306" lat="34.2379558" lon="-118.5889724"/>
 <node id="4303675277" visible="true" version="1" changeset="40754369" timestamp="2016-07-15T06:26:34Z" user="PlaneMad" uid="1306" lat="34.2379665" lon="-118.5881871"/>
 <node id="4303675278" visible="true" version="1" changeset="40754369" timestamp="2016-07-15T06:26:34Z" user="PlaneMad" uid="1306" lat="34.2379665" lon="-118.5882041"/>
 <node id="4303675279" visible="true" version="1" changeset="40754369" timestamp="2016-07-15T06:26:34Z" user="PlaneMad" uid="1306" lat="34.2379838" lon="-118.5920657"/>
 <node id="4303675280" visible="true" version="1" changeset="40754369" timestamp="2016-07-15T06:26:34Z" user="PlaneMad" uid="1306" lat="34.2379918" lon="-118.5869057"/>
 <node id="4303675281" visible="true" version="1" changeset="40754369" timestamp="2016-07-15T06:26:34Z" user="PlaneMad" uid="1306" lat="34.2379918" lon="-118.5869212"/>
 <node id="4303675282" visible="true" version="2" changeset="116047811" timestamp="2022-01-12T03:34:17Z" user="Clarke22" uid="703694" lat="34.2379915" lon="-118.5876131"/>
 <node id="4303675283" visible="true" version="2" changeset="116047811" timestamp="2022-01-12T03:34:17Z" user="Clarke22" uid="703694" lat="34.2379922" lon="-118.5872971"/>
 <node id="4303675284" visible="true" version="1" changeset="40754369" timestamp="2016-07-15T06:26:34Z" user="PlaneMad" uid="1306" lat="34.2379970" lon="-118.5906210"/>
 <node id="4303675285" visible="true" version="1" changeset="40754369" timestamp="2016-07-15T06:26:34Z" user="PlaneMad" uid="1306" lat="34.2379975" lon="-118.5905502"/>
 <node id="4303675286" visible="true" version="1" changeset="40754369" timestamp="2016-07-15T06:26:34Z" user="PlaneMad" uid="1306" lat="34.2380035" lon="-118.5856551"/>
 <node id="4303675287" visible="true" version="1" changeset="40754369" timestamp="2016-07-15T06:26:34Z" user="PlaneMad" uid="1306" lat="34.2380118" lon="-118.5902431"/>
 <node id="4303675288" visible="true" version="1" changeset="40754369" timestamp="2016-07-15T06:26:34Z" user="PlaneMad" uid="1306" lat="34.2380119" lon="-118.5903011"/>
 <node id="4303675289" visible="true" version="1" changeset="40754369" timestamp="2016-07-15T06:26:34Z" user="PlaneMad" uid="1306" lat="34.2380154" lon="-118.5907823"/>
 <node id="4303675290" visible="true" version="1" changeset="40754369" timestamp="2016-07-15T06:26:34Z" user="PlaneMad" uid="1306" lat="34.2380166" lon="-118.5906212"/>
 <node id="4303675291" visible="true" version="1" changeset="40754369" timestamp="2016-07-15T06:26:34Z" user="PlaneMad" uid="1306" lat="34.2380302" lon="-118.5882042"/>
 <node id="4303675292" visible="true" version="1" changeset="40754369" timestamp="2016-07-15T06:26:34Z" user="PlaneMad" uid="1306" lat="34.2380305" lon="-118.5878094"/>
 <node id="4303675293" visible="true" version="1" changeset="40754369" timestamp="2016-07-15T06:26:34Z" user="PlaneMad" uid="1306" lat="34.2380318" lon="-118.5881797"/>
 <node id="4303675294" visible="true" version="1" changeset="40754369" timestamp="2016-07-15T06:26:34Z" user="PlaneMad" uid="1306" lat="34.2380318" lon="-118.5882042"/>
 <node id="4303675297" visible="true" version="1" changeset="40754369" timestamp="2016-07-15T06:26:34Z" user="PlaneMad" uid="1306" lat="34.2380331" lon="-118.5878094"/>
 <node id="4303675298" visible="true" version="1" changeset="40754369" timestamp="2016-07-15T06:26:34Z" user="PlaneMad" uid="1306" lat="34.2380336" lon="-118.5874511"/>
 <node id="4303675299" visible="true" version="1" changeset="40754369" timestamp="2016-07-15T06:26:34Z" user="PlaneMad" uid="1306" lat="34.2380373" lon="-118.5897855"/>
 <node id="4303675300" visible="true" version="1" changeset="40754369" timestamp="2016-07-15T06:26:34Z" user="PlaneMad" uid="1306" lat="34.2380380" lon="-118.5902431"/>
 <node id="4303675301" visible="true" version="1" changeset="40754369" timestamp="2016-07-15T06:26:34Z" user="PlaneMad" uid="1306" lat="34.2380381" lon="-118.5903011"/>
 <node id="4303675302" visible="true" version="1" changeset="40754369" timestamp="2016-07-15T06:26:34Z" user="PlaneMad" uid="1306" lat="34.2380382" lon="-118.5903851"/>
 <node id="4303675303" visible="true" version="1" changeset="40754369" timestamp="2016-07-15T06:26:34Z" user="PlaneMad" uid="1306" lat="34.2380466" lon="-118.5912522"/>
 <node id="4303675304" visible="true" version="1" changeset="40754369" timestamp="2016-07-15T06:26:34Z" user="PlaneMad" uid="1306" lat="34.2380501" lon="-118.5858939"/>
 <node id="4303675307" visible="true" version="1" changeset="40754369" timestamp="2016-07-15T06:26:34Z" user="PlaneMad" uid="1306" lat="34.2380564" lon="-118.5869060"/>
 <node id="4303675308" visible="true" version="1" changeset="40754369" timestamp="2016-07-15T06:26:34Z" user="PlaneMad" uid="1306" lat="34.2380564" lon="-118.5869213"/>
 <node id="4303675309" visible="true" version="1" changeset="40754369" timestamp="2016-07-15T06:26:35Z" user="PlaneMad" uid="1306" lat="34.2380712" lon="-118.5860724"/>
 <node id="4303675310" visible="true" version="1" changeset="40754369" timestamp="2016-07-15T06:26:35Z" user="PlaneMad" uid="1306" lat="34.2381099" lon="-118.5874402"/>
 <node id="4303675311" visible="true" version="1" changeset="40754369" timestamp="2016-07-15T06:26:35Z" user="PlaneMad" uid="1306" lat="34.2381099" lon="-118.5874512"/>
 <node id="4303675312" visible="true" version="1" changeset="40754369" timestamp="2016-07-15T06:26:35Z" user="PlaneMad" uid="1306" lat="34.2381108" lon="-118.5869060"/>
 <node id="4303675313" visible="true" version="1" changeset="40754369" timestamp="2016-07-15T06:26:35Z" user="PlaneMad" uid="1306" lat="34.2381110" lon="-118.5865738"/>
 <node id="4303675314" visible="true" version="1" changeset="40754369" timestamp="2016-07-15T06:26:35Z" user="PlaneMad" uid="1306" lat="34.2381153" lon="-118.5916195"/>
 <node id="4303675315" visible="true" version="1" changeset="40754369" timestamp="2016-07-15T06:26:35Z" user="PlaneMad" uid="1306" lat="34.2381189" lon="-118.5863128"/>
 <node id="4303675316" visible="true" version="1" changeset="40754369" timestamp="2016-07-15T06:26:35Z" user="PlaneMad" uid="1306" lat="34.2381224" lon="-118.5863246"/>
 <node id="4303675317" visible="true" version="1" changeset="40754369" timestamp="2016-07-15T06:26:35Z" user="PlaneMad" uid="1306" lat="34.2381225" lon="-118.5866965"/>
 <node id="4303675318" visible="true" version="1" changeset="40754369" timestamp="2016-07-15T06:26:35Z" user="PlaneMad" uid="1306" lat="34.2381387" lon="-118.5874403"/>
 <node id="4303675319" visible="true" version="1" changeset="40754369" timestamp="2016-07-15T06:26:35Z" user="PlaneMad" uid="1306" lat="34.2381387" lon="-118.5874513"/>
 <node id="4303675320" visible="true" version="1" changeset="40754369" timestamp="2016-07-15T06:26:35Z" user="PlaneMad" uid="1306" lat="34.2381582" lon="-118.5866965"/>
 <node id="4303675321" visible="true" version="1" changeset="40754369" timestamp="2016-07-15T06:26:35Z" user="PlaneMad" uid="1306" lat="34.2381583" lon="-118.5868324"/>
 <node id="4303675322" visible="true" version="1" changeset="40754369" timestamp="2016-07-15T06:26:35Z" user="PlaneMad" uid="1306" lat="34.2381606" lon="-118.5916360"/>
 <node id="4303675323" visible="true" version="1" changeset="40754369" timestamp="2016-07-15T06:26:35Z" user="PlaneMad" uid="1306" lat="34.2381713" lon="-118.5858140"/>
 <node id="4303675324" visible="true" version="1" changeset="40754369" timestamp="2016-07-15T06:26:35Z" user="PlaneMad" uid="1306" lat="34.2381794" lon="-118.5858632"/>
 <node id="4303675329" visible="true" version="1" changeset="40754369" timestamp="2016-07-15T06:26:35Z" user="PlaneMad" uid="1306" lat="34.2382070" lon="-118.5913219"/>
 <node id="4303675330" visible="true" version="1" changeset="40754369" timestamp="2016-07-15T06:26:35Z" user="PlaneMad" uid="1306" lat="34.2382116" lon="-118.5914825"/>
 <node id="4303675331" visible="true" version="1" changeset="40754369" timestamp="2016-07-15T06:26:35Z" user="PlaneMad" uid="1306" lat="34.2382269" lon="-118.5907957"/>
 <node id="4303675332" visible="true" version="1" changeset="40754369" timestamp="2016-07-15T06:26:35Z" user="PlaneMad" uid="1306" lat="34.2382270" lon="-118.5907845"/>
 <node id="4303675333" visible="true" version="1" changeset="40754369" timestamp="2016-07-15T06:26:35Z" user="PlaneMad" uid="1306" lat="34.2382491" lon="-118.5868323"/>
 <node id="4303675334" visible="true" version="1" changeset="40754369" timestamp="2016-07-15T06:26:35Z" user="PlaneMad" uid="1306" lat="34.2382491" lon="-118.5868459"/>
 <node id="4303675335" visible="true" version="1" changeset="40754369" timestamp="2016-07-15T06:26:35Z" user="PlaneMad" uid="1306" lat="34.2382779" lon="-118.5915063"/>
 <node id="4303675336" visible="true" version="1" changeset="40754369" timestamp="2016-07-15T06:26:35Z" user="PlaneMad" uid="1306" lat="34.2382894" lon="-118.5874341"/>
 <node id="4303675337" visible="true" version="1" changeset="40754369" timestamp="2016-07-15T06:26:35Z" user="PlaneMad" uid="1306" lat="34.2382894" lon="-118.5874516"/>
 <node id="4303675338" visible="true" version="1" changeset="40754369" timestamp="2016-07-15T06:26:35Z" user="PlaneMad" uid="1306" lat="34.2382895" lon="-118.5881802"/>
 <node id="4303675339" visible="true" version="1" changeset="40754369" timestamp="2016-07-15T06:26:35Z" user="PlaneMad" uid="1306" lat="34.2382895" lon="-118.5881975"/>
 <node id="4303675340" visible="true" version="1" changeset="40754369" timestamp="2016-07-15T06:26:35Z" user="PlaneMad" uid="1306" lat="34.2382902" lon="-118.5907847"/>
 <node id="4303675341" visible="true" version="1" changeset="40754369" timestamp="2016-07-15T06:26:35Z" user="PlaneMad" uid="1306" lat="34.2382902" lon="-118.5907963"/>
 <node id="4303675342" visible="true" version="1" changeset="40754369" timestamp="2016-07-15T06:26:35Z" user="PlaneMad" uid="1306" lat="34.2383101" lon="-118.5857810"/>
 <node id="4303675343" visible="true" version="2" changeset="113631490" timestamp="2021-11-11T01:28:06Z" user="Clarke22" uid="703694" lat="34.2383090" lon="-118.5897912"/>
 <node id="4303675344" visible="true" version="1" changeset="40754369" timestamp="2016-07-15T06:26:35Z" user="PlaneMad" uid="1306" lat="34.2383183" lon="-118.5858309"/>
 <node id="4303675346" visible="true" version="2" changeset="113631490" timestamp="2021-11-11T01:28:06Z" user="Clarke22" uid="703694" lat="34.2383355" lon="-118.5899378"/>
 <node id="4303675347" visible="true" version="1" changeset="40754369" timestamp="2016-07-15T06:26:35Z" user="PlaneMad" uid="1306" lat="34.2383462" lon="-118.5881979"/>
 <node id="4303675348" visible="true" version="1" changeset="40754369" timestamp="2016-07-15T06:26:35Z" user="PlaneMad" uid="1306" lat="34.2383499" lon="-118.5874342"/>
 <node id="4303675349" visible="true" version="1" changeset="40754369" timestamp="2016-07-15T06:26:35Z" user="PlaneMad" uid="1306" lat="34.2383535" lon="-118.5900612"/>
 <node id="4303675350" visible="true" version="1" changeset="40754369" timestamp="2016-07-15T06:26:35Z" user="PlaneMad" uid="1306" lat="34.2383595" lon="-118.5901094"/>
 <node id="4303675351" visible="true" version="1" changeset="40754369" timestamp="2016-07-15T06:26:35Z" user="PlaneMad" uid="1306" lat="34.2383665" lon="-118.5917155"/>
 <node id="4303675352" visible="true" version="1" changeset="40754369" timestamp="2016-07-15T06:26:35Z" user="PlaneMad" uid="1306" lat="34.2383669" lon="-118.5908978"/>
 <node id="4303675353" visible="true" version="1" changeset="40754369" timestamp="2016-07-15T06:26:35Z" user="PlaneMad" uid="1306" lat="34.2383701" lon="-118.5907856"/>
 <node id="4303675354" visible="true" version="1" changeset="40754369" timestamp="2016-07-15T06:26:35Z" user="PlaneMad" uid="1306" lat="34.2383725" lon="-118.5868323"/>
 <node id="4303675355" visible="true" version="1" changeset="40754369" timestamp="2016-07-15T06:26:35Z" user="PlaneMad" uid="1306" lat="34.2383725" lon="-118.5868458"/>
 <node id="4303675356" visible="true" version="1" changeset="40754369" timestamp="2016-07-15T06:26:35Z" user="PlaneMad" uid="1306" lat="34.2383766" lon="-118.5900570"/>
 <node id="4303675357" visible="true" version="1" changeset="40754369" timestamp="2016-07-15T06:26:35Z" user="PlaneMad" uid="1306" lat="34.2383791" lon="-118.5908979"/>
 <node id="4303675358" visible="true" version="1" changeset="40754369" timestamp="2016-07-15T06:26:35Z" user="PlaneMad" uid="1306" lat="34.2383791" lon="-118.5909054"/>
 <node id="4303675359" visible="true" version="1" changeset="40754369" timestamp="2016-07-15T06:26:35Z" user="PlaneMad" uid="1306" lat="34.2383826" lon="-118.5901051"/>
 <node id="4303675360" visible="true" version="1" changeset="40754369" timestamp="2016-07-15T06:26:35Z" user="PlaneMad" uid="1306" lat="34.2383894" lon="-118.5910552"/>
 <node id="4303675361" visible="true" version="1" changeset="40754369" timestamp="2016-07-15T06:26:35Z" user="PlaneMad" uid="1306" lat="34.2383939" lon="-118.5903843"/>
 <node id="4303675362" visible="true" version="1" changeset="40754369" timestamp="2016-07-15T06:26:35Z" user="PlaneMad" uid="1306" lat="34.2384023" lon="-118.5910048"/>
 <node id="4303675363" visible="true" version="1" changeset="40754369" timestamp="2016-07-15T06:26:35Z" user="PlaneMad" uid="1306" lat="34.2384038" lon="-118.5909600"/>
 <node id="4303675365" visible="true" version="1" changeset="40754369" timestamp="2016-07-15T06:26:35Z" user="PlaneMad" uid="1306" lat="34.2384282" lon="-118.5910061"/>
 <node id="4303675366" visible="true" version="1" changeset="40754369" timestamp="2016-07-15T06:26:35Z" user="PlaneMad" uid="1306" lat="34.2384297" lon="-118.5909612"/>
 <node id="4303675367" visible="true" version="1" changeset="40754369" timestamp="2016-07-15T06:26:35Z" user="PlaneMad" uid="1306" lat="34.2384338" lon="-118.5909060"/>
 <node id="4303675368" visible="true" version="1" changeset="40754369" timestamp="2016-07-15T06:26:35Z" user="PlaneMad" uid="1306" lat="34.2384341" lon="-118.5908689"/>
 <node id="4303675369" visible="true" version="1" changeset="40754369" timestamp="2016-07-15T06:26:35Z" user="PlaneMad" uid="1306" lat="34.2384353" lon="-118.5907866"/>
 <node id="4303675370" visible="true" version="1" changeset="40754369" timestamp="2016-07-15T06:26:35Z" user="PlaneMad" uid="1306" lat="34.2384370" lon="-118.5905548"/>
 <node id="4303675371" visible="true" version="1" changeset="40754369" timestamp="2016-07-15T06:26:35Z" user="PlaneMad" uid="1306" lat="34.2384725" lon="-118.5908692"/>
 <node id="4303675372" visible="true" version="1" changeset="40754369" timestamp="2016-07-15T06:26:35Z" user="PlaneMad" uid="1306" lat="34.2384730" lon="-118.5907870"/>
 <node id="4303675373" visible="true" version="1" changeset="40754369" timestamp="2016-07-15T06:26:35Z" user="PlaneMad" uid="1306" lat="34.2385183" lon="-118.5911014"/>
 <node id="4303675374" visible="true" version="1" changeset="40754369" timestamp="2016-07-15T06:26:35Z" user="PlaneMad" uid="1306" lat="34.2385241" lon="-118.5878280"/>
 <node id="4303675375" visible="true" version="1" changeset="40754369" timestamp="2016-07-15T06:26:35Z" user="PlaneMad" uid="1306" lat="34.2385246" lon="-118.5881716"/>
 <node id="4303675376" visible="true" version="1" changeset="40754369" timestamp="2016-07-15T06:26:35Z" user="PlaneMad" uid="1306" lat="34.2385341" lon="-118.5857797"/>
 <node id="4303675377" visible="true" version="1" changeset="40754369" timestamp="2016-07-15T06:26:35Z" user="PlaneMad" uid="1306" lat="34.2385483" lon="-118.5872768"/>
 <node id="4303675378" visible="true" version="1" changeset="40754369" timestamp="2016-07-15T06:26:35Z" user="PlaneMad" uid="1306" lat="34.2385622" lon="-118.5867229"/>
 <node id="4303675379" visible="true" version="1" changeset="40754369" timestamp="2016-07-15T06:26:35Z" user="PlaneMad" uid="1306" lat="34.2385623" lon="-118.5868321"/>
 <node id="4303675380" visible="true" version="1" changeset="40754369" timestamp="2016-07-15T06:26:35Z" user="PlaneMad" uid="1306" lat="34.2385684" lon="-118.5917922"/>
 <node id="4303675381" visible="true" version="1" changeset="40754369" timestamp="2016-07-15T06:26:35Z" user="PlaneMad" uid="1306" lat="34.2385751" lon="-118.5916506"/>
 <node id="4303675382" visible="true" version="1" changeset="40754369" timestamp="2016-07-15T06:26:35Z" user="PlaneMad" uid="1306" lat="34.2385773" lon="-118.5930942"/>
 <node id="4303675383" visible="true" version="1" changeset="40754369" timestamp="2016-07-15T06:26:35Z" user="PlaneMad" uid="1306" lat="34.2385786" lon="-118.5930890"/>
 <node id="4303675384" visible="true" version="1" changeset="40754369" timestamp="2016-07-15T06:26:35Z" user="PlaneMad" uid="1306" lat="34.2385895" lon="-118.5915958"/>
 <node id="4303675385" visible="true" version="1" changeset="40754369" timestamp="2016-07-15T06:26:35Z" user="PlaneMad" uid="1306" lat="34.2386017" lon="-118.5863243"/>
 <node id="4303675386" visible="true" version="1" changeset="40754369" timestamp="2016-07-15T06:26:35Z" user="PlaneMad" uid="1306" lat="34.2386019" lon="-118.5867229"/>
 <node id="4303675387" visible="true" version="1" changeset="40754369" timestamp="2016-07-15T06:26:35Z" user="PlaneMad" uid="1306" lat="34.2386029" lon="-118.5916613"/>
 <node id="4303675388" visible="true" version="1" changeset="40754369" timestamp="2016-07-15T06:26:36Z" user="PlaneMad" uid="1306" lat="34.2386038" lon="-118.5930018"/>
 <node id="4303675389" visible="true" version="1" changeset="40754369" timestamp="2016-07-15T06:26:36Z" user="PlaneMad" uid="1306" lat="34.2386111" lon="-118.5931329"/>
 <node id="4303675390" visible="true" version="1" changeset="40754369" timestamp="2016-07-15T06:26:36Z" user="PlaneMad" uid="1306" lat="34.2386129" lon="-118.5931077"/>
 <node id="4303675391" visible="true" version="1" changeset="40754369" timestamp="2016-07-15T06:26:36Z" user="PlaneMad" uid="1306" lat="34.2386164" lon="-118.5916061"/>
 <node id="4303675392" visible="true" version="1" changeset="40754369" timestamp="2016-07-15T06:26:36Z" user="PlaneMad" uid="1306" lat="34.2386173" lon="-118.5931094"/>
 <node id="4303675393" visible="true" version="1" changeset="40754369" timestamp="2016-07-15T06:26:36Z" user="PlaneMad" uid="1306" lat="34.2386301" lon="-118.5918231"/>
 <node id="4303675394" visible="true" version="1" changeset="40754369" timestamp="2016-07-15T06:26:36Z" user="PlaneMad" uid="1306" lat="34.2386318" lon="-118.5918165"/>
 <node id="4303675395" visible="true" version="1" changeset="40754369" timestamp="2016-07-15T06:26:36Z" user="PlaneMad" uid="1306" lat="34.2386392" lon="-118.5863138"/>
 <node id="4303675396" visible="true" version="1" changeset="40754369" timestamp="2016-07-15T06:26:36Z" user="PlaneMad" uid="1306" lat="34.2386496" lon="-118.5877923"/>
 <node id="4303675397" visible="true" version="1" changeset="40754369" timestamp="2016-07-15T06:26:36Z" user="PlaneMad" uid="1306" lat="34.2386511" lon="-118.5914749"/>
 <node id="4303675398" visible="true" version="1" changeset="40754369" timestamp="2016-07-15T06:26:36Z" user="PlaneMad" uid="1306" lat="34.2386539" lon="-118.5898351"/>
 <node id="4303675399" visible="true" version="1" changeset="40754369" timestamp="2016-07-15T06:26:36Z" user="PlaneMad" uid="1306" lat="34.2386654" lon="-118.5918365"/>
 <node id="4303675400" visible="true" version="1" changeset="40754369" timestamp="2016-07-15T06:26:36Z" user="PlaneMad" uid="1306" lat="34.2386669" lon="-118.5918299"/>
 <node id="4303675401" visible="true" version="1" changeset="40754369" timestamp="2016-07-15T06:26:36Z" user="PlaneMad" uid="1306" lat="34.2386761" lon="-118.5898283"/>
 <node id="4303675402" visible="true" version="1" changeset="40754369" timestamp="2016-07-15T06:26:36Z" user="PlaneMad" uid="1306" lat="34.2386777" lon="-118.5929551"/>
 <node id="4303675403" visible="true" version="1" changeset="40754369" timestamp="2016-07-15T06:26:36Z" user="PlaneMad" uid="1306" lat="34.2386813" lon="-118.5918423"/>
 <node id="4303675404" visible="true" version="1" changeset="40754369" timestamp="2016-07-15T06:26:36Z" user="PlaneMad" uid="1306" lat="34.2386829" lon="-118.5918360"/>
 <node id="4303675405" visible="true" version="1" changeset="40754369" timestamp="2016-07-15T06:26:36Z" user="PlaneMad" uid="1306" lat="34.2386849" lon="-118.5881713"/>
 <node id="4303675406" visible="true" version="1" changeset="40754369" timestamp="2016-07-15T06:26:36Z" user="PlaneMad" uid="1306" lat="34.2386849" lon="-118.5881939"/>
 <node id="4303675407" visible="true" version="1" changeset="40754369" timestamp="2016-07-15T06:26:36Z" user="PlaneMad" uid="1306" lat="34.2386877" lon="-118.5928965"/>
 <node id="4303675408" visible="true" version="1" changeset="40754369" timestamp="2016-07-15T06:26:36Z" user="PlaneMad" uid="1306" lat="34.2386904" lon="-118.5926707"/>
 <node id="4303675409" visible="true" version="1" changeset="40754369" timestamp="2016-07-15T06:26:36Z" user="PlaneMad" uid="1306" lat="34.2386930" lon="-118.5928986"/>
 <node id="4303675410" visible="true" version="1" changeset="40754369" timestamp="2016-07-15T06:26:36Z" user="PlaneMad" uid="1306" lat="34.2387092" lon="-118.5900862"/>
 <node id="4303675411" visible="true" version="1" changeset="40754369" timestamp="2016-07-15T06:26:36Z" user="PlaneMad" uid="1306" lat="34.2387100" lon="-118.5925908"/>
 <node id="4303675412" visible="true" version="1" changeset="40754369" timestamp="2016-07-15T06:26:36Z" user="PlaneMad" uid="1306" lat="34.2387111" lon="-118.5929769"/>
 <node id="4303675413" visible="true" version="1" changeset="40754369" timestamp="2016-07-15T06:26:36Z" user="PlaneMad" uid="1306" lat="34.2387132" lon="-118.5929691"/>
 <node id="4303675414" visible="true" version="1" changeset="40754369" timestamp="2016-07-15T06:26:36Z" user="PlaneMad" uid="1306" lat="34.2387142" lon="-118.5918549"/>
 <node id="4303675415" visible="true" version="1" changeset="40754369" timestamp="2016-07-15T06:26:36Z" user="PlaneMad" uid="1306" lat="34.2387159" lon="-118.5918486"/>
 <node id="4303675416" visible="true" version="1" changeset="40754369" timestamp="2016-07-15T06:26:36Z" user="PlaneMad" uid="1306" lat="34.2387257" lon="-118.5931764"/>
 <node id="4303675417" visible="true" version="1" changeset="40754369" timestamp="2016-07-15T06:26:36Z" user="PlaneMad" uid="1306" lat="34.2387298" lon="-118.5900799"/>
 <node id="4303675418" visible="true" version="1" changeset="40754369" timestamp="2016-07-15T06:26:36Z" user="PlaneMad" uid="1306" lat="34.2387384" lon="-118.5927092"/>
 <node id="4303675419" visible="true" version="1" changeset="40754369" timestamp="2016-07-15T06:26:36Z" user="PlaneMad" uid="1306" lat="34.2387385" lon="-118.5918644"/>
 <node id="4303675420" visible="true" version="1" changeset="40754369" timestamp="2016-07-15T06:26:36Z" user="PlaneMad" uid="1306" lat="34.2387403" lon="-118.5918579"/>
 <node id="4303675422" visible="true" version="1" changeset="40754369" timestamp="2016-07-15T06:26:36Z" user="PlaneMad" uid="1306" lat="34.2387435" lon="-118.5926908"/>
 <node id="4303675423" visible="true" version="1" changeset="40754369" timestamp="2016-07-15T06:26:36Z" user="PlaneMad" uid="1306" lat="34.2387477" lon="-118.5927129"/>
 <node id="4303675424" visible="true" version="1" changeset="40754369" timestamp="2016-07-15T06:26:36Z" user="PlaneMad" uid="1306" lat="34.2387546" lon="-118.5915144"/>
 <node id="4303675426" visible="true" version="1" changeset="40754369" timestamp="2016-07-15T06:26:36Z" user="PlaneMad" uid="1306" lat="34.2387563" lon="-118.5930596"/>
 <node id="4303675427" visible="true" version="1" changeset="40754369" timestamp="2016-07-15T06:26:36Z" user="PlaneMad" uid="1306" lat="34.2387642" lon="-118.5926113"/>
 <node id="4303675428" visible="true" version="1" changeset="40754369" timestamp="2016-07-15T06:26:36Z" user="PlaneMad" uid="1306" lat="34.2387648" lon="-118.5918744"/>
 <node id="4303675429" visible="true" version="1" changeset="40754369" timestamp="2016-07-15T06:26:36Z" user="PlaneMad" uid="1306" lat="34.2387665" lon="-118.5918679"/>
 <node id="4303675430" visible="true" version="1" changeset="40754369" timestamp="2016-07-15T06:26:36Z" user="PlaneMad" uid="1306" lat="34.2387695" lon="-118.5923633"/>
 <node id="4303675431" visible="true" version="1" changeset="40754369" timestamp="2016-07-15T06:26:36Z" user="PlaneMad" uid="1306" lat="34.2387754" lon="-118.5914354"/>
 <node id="4303675432" visible="true" version="1" changeset="40754369" timestamp="2016-07-15T06:26:36Z" user="PlaneMad" uid="1306" lat="34.2387808" lon="-118.5904219"/>
 <node id="4303675433" visible="true" version="1" changeset="40754369" timestamp="2016-07-15T06:26:36Z" user="PlaneMad" uid="1306" lat="34.2387885" lon="-118.5872084"/>
 <node id="4303675434" visible="true" version="1" changeset="40754369" timestamp="2016-07-15T06:26:36Z" user="PlaneMad" uid="1306" lat="34.2387906" lon="-118.5930078"/>
 <node id="4303675435" visible="true" version="1" changeset="40754369" timestamp="2016-07-15T06:26:36Z" user="PlaneMad" uid="1306" lat="34.2388011" lon="-118.5904157"/>
 <node id="4303675436" visible="true" version="1" changeset="40754369" timestamp="2016-07-15T06:26:36Z" user="PlaneMad" uid="1306" lat="34.2388069" lon="-118.5929454"/>
 <node id="4303675437" visible="true" version="1" changeset="40754369" timestamp="2016-07-15T06:26:36Z" user="PlaneMad" uid="1306" lat="34.2388110" lon="-118.5924791"/>
 <node id="4303675438" visible="true" version="1" changeset="40754369" timestamp="2016-07-15T06:26:36Z" user="PlaneMad" uid="1306" lat="34.2388161" lon="-118.5881717"/>
 <node id="4303675439" visible="true" version="1" changeset="40754369" timestamp="2016-07-15T06:26:36Z" user="PlaneMad" uid="1306" lat="34.2388161" lon="-118.5881936"/>
 <node id="4303675440" visible="true" version="1" changeset="40754369" timestamp="2016-07-15T06:26:36Z" user="PlaneMad" uid="1306" lat="34.2388167" lon="-118.5927420"/>
 <node id="4303675442" visible="true" version="1" changeset="40754369" timestamp="2016-07-15T06:26:36Z" user="PlaneMad" uid="1306" lat="34.2388269" lon="-118.5905005"/>
 <node id="4303675443" visible="true" version="1" changeset="40754369" timestamp="2016-07-15T06:26:36Z" user="PlaneMad" uid="1306" lat="34.2388293" lon="-118.5914560"/>
 <node id="4303675445" visible="true" version="1" changeset="40754369" timestamp="2016-07-15T06:26:36Z" user="PlaneMad" uid="1306" lat="34.2388372" lon="-118.5905491"/>
 <node id="4303675446" visible="true" version="1" changeset="40754369" timestamp="2016-07-15T06:26:36Z" user="PlaneMad" uid="1306" lat="34.2388393" lon="-118.5914181"/>
 <node id="4303675447" visible="true" version="1" changeset="40754369" timestamp="2016-07-15T06:26:38Z" user="PlaneMad" uid="1306" lat="34.2388459" lon="-118.5894132"/>
 <node id="4303675449" visible="true" version="1" changeset="40754369" timestamp="2016-07-15T06:26:38Z" user="PlaneMad" uid="1306" lat="34.2388560" lon="-118.5894604"/>
 <node id="4303675450" visible="true" version="1" changeset="40754369" timestamp="2016-07-15T06:26:38Z" user="PlaneMad" uid="1306" lat="34.2388805" lon="-118.5925063"/>
 <node id="4303675451" visible="true" version="1" changeset="40754369" timestamp="2016-07-15T06:26:38Z" user="PlaneMad" uid="1306" lat="34.2388839" lon="-118.5929747"/>
 <node id="4303675456" visible="true" version="1" changeset="40754369" timestamp="2016-07-15T06:26:38Z" user="PlaneMad" uid="1306" lat="34.2389293" lon="-118.5919302"/>
 <node id="4303675459" visible="true" version="1" changeset="40754369" timestamp="2016-07-15T06:26:38Z" user="PlaneMad" uid="1306" lat="34.2389332" lon="-118.5927865"/>
 <node id="4303675464" visible="true" version="1" changeset="40754369" timestamp="2016-07-15T06:26:38Z" user="PlaneMad" uid="1306" lat="34.2389674" lon="-118.5904572"/>
 <node id="4303675466" visible="true" version="1" changeset="40754369" timestamp="2016-07-15T06:26:38Z" user="PlaneMad" uid="1306" lat="34.2389776" lon="-118.5881714"/>
 <node id="4303675467" visible="true" version="1" changeset="40754369" timestamp="2016-07-15T06:26:38Z" user="PlaneMad" uid="1306" lat="34.2389777" lon="-118.5905056"/>
 <node id="4303675468" visible="true" version="1" changeset="40754369" timestamp="2016-07-15T06:26:38Z" user="PlaneMad" uid="1306" lat="34.2389845" lon="-118.5904519"/>
 <node id="4303675470" visible="true" version="1" changeset="40754369" timestamp="2016-07-15T06:26:38Z" user="PlaneMad" uid="1306" lat="34.2390004" lon="-118.5905264"/>
 <node id="4303675471" visible="true" version="1" changeset="40754369" timestamp="2016-07-15T06:26:38Z" user="PlaneMad" uid="1306" lat="34.2390122" lon="-118.5905327"/>
 <node id="4303675472" visible="true" version="1" changeset="40754369" timestamp="2016-07-15T06:26:38Z" user="PlaneMad" uid="1306" lat="34.2390281" lon="-118.5905377"/>
 <node id="4303675473" visible="true" version="1" changeset="40754369" timestamp="2016-07-15T06:26:38Z" user="PlaneMad" uid="1306" lat="34.2390282" lon="-118.5915329"/>
 <node id="4303675474" visible="true" version="1" changeset="40754369" timestamp="2016-07-15T06:26:38Z" user="PlaneMad" uid="1306" lat="34.2390329" lon="-118.5915347"/>
 <node id="4303675475" visible="true" version="1" changeset="40754369" timestamp="2016-07-15T06:26:38Z" user="PlaneMad" uid="1306" lat="34.2390371" lon="-118.5905382"/>
 <node id="4303675479" visible="true" version="1" changeset="40754369" timestamp="2016-07-15T06:26:38Z" user="PlaneMad" uid="1306" lat="34.2390384" lon="-118.5914942"/>
 <node id="4303675485" visible="true" version="1" changeset="40754369" timestamp="2016-07-15T06:26:39Z" user="PlaneMad" uid="1306" lat="34.2390511" lon="-118.5905367"/>
 <node id="4303675488" visible="true" version="1" changeset="40754369" timestamp="2016-07-15T06:26:39Z" user="PlaneMad" uid="1306" lat="34.2390683" lon="-118.5905318"/>
 <node id="4303675493" visible="true" version="1" changeset="40754369" timestamp="2016-07-15T06:26:39Z" user="PlaneMad" uid="1306" lat="34.2390838" lon="-118.5905219"/>
 <node id="4303675495" visible="true" version="1" changeset="40754369" timestamp="2016-07-15T06:26:39Z" user="PlaneMad" uid="1306" lat="34.2390953" lon="-118.5905106"/>
 <node id="4303675497" visible="true" version="1" changeset="40754369" timestamp="2016-07-15T06:26:39Z" user="PlaneMad" uid="1306" lat="34.2391001" lon="-118.5904570"/>
 <node id="4303675498" visible="true" version="1" changeset="40754369" timestamp="2016-07-15T06:26:39Z" user="PlaneMad" uid="1306" lat="34.2391076" lon="-118.5904943"/>
 <node id="4303675507" visible="true" version="1" changeset="40754369" timestamp="2016-07-15T06:26:39Z" user="PlaneMad" uid="1306" lat="34.2391461" lon="-118.5903997"/>
 <node id="4303675510" visible="true" version="1" changeset="40754369" timestamp="2016-07-15T06:26:39Z" user="PlaneMad" uid="1306" lat="34.2391545" lon="-118.5904411"/>
 <node id="4303675511" visible="true" version="1" changeset="40754369" timestamp="2016-07-15T06:26:39Z" user="PlaneMad" uid="1306" lat="34.2391617" lon="-118.5894155"/>
 <node id="4303675512" visible="true" version="1" changeset="40754369" timestamp="2016-07-15T06:26:39Z" user="PlaneMad" uid="1306" lat="34.2391887" lon="-118.5895423"/>
 <node id="4303675514" visible="true" version="1" changeset="40754369" timestamp="2016-07-15T06:26:39Z" user="PlaneMad" uid="1306" lat="34.2392205" lon="-118.5893973"/>
 <node id="4303675516" visible="true" version="1" changeset="40754369" timestamp="2016-07-15T06:26:39Z" user="PlaneMad" uid="1306" lat="34.2392409" lon="-118.5897867"/>
 <node id="4303675518" visible="true" version="1" changeset="40754369" timestamp="2016-07-15T06:26:39Z" user="PlaneMad" uid="1306" lat="34.2392475" lon="-118.5895241"/>
 <node id="4303675522" visible="true" version="1" changeset="40754369" timestamp="2016-07-15T06:26:39Z" user="PlaneMad" uid="1306" lat="34.2392865" lon="-118.5903587"/>
 <node id="4303675526" visible="true" version="1" changeset="40754369" timestamp="2016-07-15T06:26:39Z" user="PlaneMad" uid="1306" lat="34.2392937" lon="-118.5903944"/>
 <node id="4303675527" visible="true" version="1" changeset="40754369" timestamp="2016-07-15T06:26:39Z" user="PlaneMad" uid="1306" lat="34.2392990" lon="-118.5898333"/>
 <node id="4303675529" visible="true" version="1" changeset="40754369" timestamp="2016-07-15T06:26:39Z" user="PlaneMad" uid="1306" lat="34.2393047" lon="-118.5897669"/>
 <node id="4303675530" visible="true" version="1" changeset="40754369" timestamp="2016-07-15T06:26:39Z" user="PlaneMad" uid="1306" lat="34.2393177" lon="-118.5898275"/>
 <node id="4303675532" visible="true" version="1" changeset="40754369" timestamp="2016-07-15T06:26:39Z" user="PlaneMad" uid="1306" lat="34.2393186" lon="-118.5900821"/>
 <node id="4303675533" visible="true" version="1" changeset="40754369" timestamp="2016-07-15T06:26:39Z" user="PlaneMad" uid="1306" lat="34.2393218" lon="-118.5899549"/>
 <node id="4303675534" visible="true" version="1" changeset="40754369" timestamp="2016-07-15T06:26:39Z" user="PlaneMad" uid="1306" lat="34.2393226" lon="-118.5901685"/>
 <node id="4303675536" visible="true" version="1" changeset="40754369" timestamp="2016-07-15T06:26:39Z" user="PlaneMad" uid="1306" lat="34.2393248" lon="-118.5899539"/>
 <node id="4303675537" visible="true" version="1" changeset="40754369" timestamp="2016-07-15T06:26:39Z" user="PlaneMad" uid="1306" lat="34.2393261" lon="-118.5901173"/>
 <node id="4303675538" visible="true" version="1" changeset="40754369" timestamp="2016-07-15T06:26:39Z" user="PlaneMad" uid="1306" lat="34.2393471" lon="-118.5900733"/>
 <node id="4303675539" visible="true" version="1" changeset="40754369" timestamp="2016-07-15T06:26:39Z" user="PlaneMad" uid="1306" lat="34.2393551" lon="-118.5901083"/>
 <node id="4303675542" visible="true" version="1" changeset="40754369" timestamp="2016-07-15T06:26:39Z" user="PlaneMad" uid="1306" lat="34.2393651" lon="-118.5901553"/>
 <node id="4304209017" visible="true" version="2" changeset="113631005" timestamp="2021-11-11T00:50:10Z" user="Clarke22" uid="703694" lat="34.2342965" lon="-118.5928628"/>
 <node id="4304209018" visible="true" version="2" changeset="113631005" timestamp="2021-11-11T00:50:10Z" user="Clarke22" uid="703694" lat="34.2342966" lon="-118.5928488"/>
 <node id="4304209029" visible="true" version="2" changeset="113631005" timestamp="2021-11-11T00:50:10Z" user="Clarke22" uid="703694" lat="34.2343961" lon="-118.5928488"/>
 <node id="4304209030" visible="true" version="2" changeset="113631005" timestamp="2021-11-11T00:50:10Z" user="Clarke22" uid="703694" lat="34.2343961" lon="-118.5928628"/>
 <node id="4304209035" visible="true" version="2" changeset="113631005" timestamp="2021-11-11T00:50:10Z" user="Clarke22" uid="703694" lat="34.2344351" lon="-118.5928488"/>
 <node id="4304209036" visible="true" version="2" changeset="113631005" timestamp="2021-11-11T00:50:10Z" user="Clarke22" uid="703694" lat="34.2344351" lon="-118.5928638"/>
 <node id="4304209037" visible="true" version="2" changeset="113631005" timestamp="2021-11-11T00:50:10Z" user="Clarke22" uid="703694" lat="34.2344504" lon="-118.5928968"/>
 <node id="4304209038" visible="true" version="2" changeset="113631005" timestamp="2021-11-11T00:50:10Z" user="Clarke22" uid="703694" lat="34.2344505" lon="-118.5928638"/>
 <node id="4304209041" visible="true" version="2" changeset="113631005" timestamp="2021-11-11T00:50:10Z" user="Clarke22" uid="703694" lat="34.2345278" lon="-118.5928838"/>
 <node id="4304209042" visible="true" version="2" changeset="113631005" timestamp="2021-11-11T00:50:10Z" user="Clarke22" uid="703694" lat="34.2345278" lon="-118.5928978"/>
 <node id="4304209043" visible="true" version="1" changeset="40758189" timestamp="2016-07-15T11:02:07Z" user="manoharuss_imports" uid="4222790" lat="34.2345411" lon="-118.5945972"/>
 <node id="4304209044" visible="true" version="1" changeset="40758189" timestamp="2016-07-15T11:02:08Z" user="manoharuss_imports" uid="4222790" lat="34.2345423" lon="-118.5942016"/>
 <node id="4304209045" visible="true" version="1" changeset="40758189" timestamp="2016-07-15T11:02:08Z" user="manoharuss_imports" uid="4222790" lat="34.2345531" lon="-118.5936867"/>
 <node id="4304209046" visible="true" version="1" changeset="40758189" timestamp="2016-07-15T11:02:08Z" user="manoharuss_imports" uid="4222790" lat="34.2345535" lon="-118.5932901"/>
 <node id="4304209047" visible="true" version="2" changeset="113631005" timestamp="2021-11-11T00:50:10Z" user="Clarke22" uid="703694" lat="34.2345667" lon="-118.5928838"/>
 <node id="4304209048" visible="true" version="2" changeset="113631005" timestamp="2021-11-11T00:50:10Z" user="Clarke22" uid="703694" lat="34.2345667" lon="-118.5928968"/>
 <node id="4304209053" visible="true" version="1" changeset="40758189" timestamp="2016-07-15T11:02:08Z" user="manoharuss_imports" uid="4222790" lat="34.2346379" lon="-118.5936869"/>
 <node id="4304209054" visible="true" version="1" changeset="40758189" timestamp="2016-07-15T11:02:08Z" user="manoharuss_imports" uid="4222790" lat="34.2346379" lon="-118.5937019"/>
 <node id="4304209057" visible="true" version="1" changeset="40758189" timestamp="2016-07-15T11:02:08Z" user="manoharuss_imports" uid="4222790" lat="34.2346717" lon="-118.5942022"/>
 <node id="4304209058" visible="true" version="1" changeset="40758189" timestamp="2016-07-15T11:02:08Z" user="manoharuss_imports" uid="4222790" lat="34.2346718" lon="-118.5941873"/>
 <node id="4304209059" visible="true" version="1" changeset="40758189" timestamp="2016-07-15T11:02:08Z" user="manoharuss_imports" uid="4222790" lat="34.2346745" lon="-118.5932706"/>
 <node id="4304209060" visible="true" version="1" changeset="40758189" timestamp="2016-07-15T11:02:08Z" user="manoharuss_imports" uid="4222790" lat="34.2346745" lon="-118.5932903"/>
 <node id="4304209061" visible="true" version="1" changeset="40758189" timestamp="2016-07-15T11:02:08Z" user="manoharuss_imports" uid="4222790" lat="34.2346769" lon="-118.5936863"/>
 <node id="4304209062" visible="true" version="1" changeset="40758189" timestamp="2016-07-15T11:02:08Z" user="manoharuss_imports" uid="4222790" lat="34.2346769" lon="-118.5937020"/>
 <node id="4304209071" visible="true" version="1" changeset="40758189" timestamp="2016-07-15T11:02:08Z" user="manoharuss_imports" uid="4222790" lat="34.2347188" lon="-118.5932707"/>
 <node id="4304209072" visible="true" version="1" changeset="40758189" timestamp="2016-07-15T11:02:08Z" user="manoharuss_imports" uid="4222790" lat="34.2347188" lon="-118.5932911"/>
 <node id="4304209073" visible="true" version="2" changeset="113631005" timestamp="2021-11-11T00:50:10Z" user="Clarke22" uid="703694" lat="34.2347253" lon="-118.5928838"/>
 <node id="4304209074" visible="true" version="2" changeset="113631005" timestamp="2021-11-11T00:50:10Z" user="Clarke22" uid="703694" lat="34.2347253" lon="-118.5928968"/>
 <node id="4304209075" visible="true" version="2" changeset="113631005" timestamp="2021-11-11T00:50:10Z" user="Clarke22" uid="703694" lat="34.2347642" lon="-118.5928838"/>
 <node id="4304209076" visible="true" version="2" changeset="113631005" timestamp="2021-11-11T00:50:10Z" user="Clarke22" uid="703694" lat="34.2347642" lon="-118.5928978"/>
 <node id="4304209079" visible="true" version="1" changeset="40758189" timestamp="2016-07-15T11:02:08Z" user="manoharuss_imports" uid="4222790" lat="34.2347751" lon="-118.5936865"/>
 <node id="4304209080" visible="true" version="1" changeset="40758189" timestamp="2016-07-15T11:02:08Z" user="manoharuss_imports" uid="4222790" lat="34.2347751" lon="-118.5937019"/>
 <node id="4304209083" visible="true" version="1" changeset="40758189" timestamp="2016-07-15T11:02:08Z" user="manoharuss_imports" uid="4222790" lat="34.2347795" lon="-118.5941878"/>
 <node id="4304209084" visible="true" version="1" changeset="40758189" timestamp="2016-07-15T11:02:08Z" user="manoharuss_imports" uid="4222790" lat="34.2347795" lon="-118.5942014"/>
 <node id="4304209090" visible="true" version="2" changeset="113631005" timestamp="2021-11-11T00:50:10Z" user="Clarke22" uid="703694" lat="34.2342419" lon="-118.5931288"/>
 <node id="4304209092" visible="true" version="2" changeset="113631005" timestamp="2021-11-11T00:50:10Z" user="Clarke22" uid="703694" lat="34.2342424" lon="-118.5928618"/>
 <node id="4304209096" visible="true" version="2" changeset="113631005" timestamp="2021-11-11T00:50:10Z" user="Clarke22" uid="703694" lat="34.2342576" lon="-118.5928488"/>
 <node id="4304209097" visible="true" version="2" changeset="113631005" timestamp="2021-11-11T00:50:10Z" user="Clarke22" uid="703694" lat="34.2342576" lon="-118.5928618"/>
 <node id="4304209193" visible="true" version="1" changeset="40758189" timestamp="2016-07-15T11:02:08Z" user="manoharuss_imports" uid="4222790" lat="34.2348141" lon="-118.5936871"/>
 <node id="4304209194" visible="true" version="1" changeset="40758189" timestamp="2016-07-15T11:02:08Z" user="manoharuss_imports" uid="4222790" lat="34.2348141" lon="-118.5937019"/>
 <node id="4304209201" visible="true" version="2" changeset="113631005" timestamp="2021-11-11T00:50:10Z" user="Clarke22" uid="703694" lat="34.2348426" lon="-118.5928978"/>
 <node id="4304209202" visible="true" version="2" changeset="113631005" timestamp="2021-11-11T00:50:10Z" user="Clarke22" uid="703694" lat="34.2348427" lon="-118.5928208"/>
 <node id="4304209205" visible="true" version="2" changeset="113631005" timestamp="2021-11-11T00:50:10Z" user="Clarke22" uid="703694" lat="34.2348564" lon="-118.5928078"/>
 <node id="4304209206" visible="true" version="2" changeset="113631005" timestamp="2021-11-11T00:50:10Z" user="Clarke22" uid="703694" lat="34.2348564" lon="-118.5928208"/>
 <node id="4304209215" visible="true" version="1" changeset="40758189" timestamp="2016-07-15T11:02:08Z" user="manoharuss_imports" uid="4222790" lat="34.2348996" lon="-118.5936872"/>
 <node id="4304209216" visible="true" version="1" changeset="40758189" timestamp="2016-07-15T11:02:10Z" user="manoharuss_imports" uid="4222790" lat="34.2349001" lon="-118.5932914"/>
 <node id="4304209217" visible="true" version="2" changeset="113631005" timestamp="2021-11-11T00:50:10Z" user="Clarke22" uid="703694" lat="34.2348953" lon="-118.5928078"/>
 <node id="4304209218" visible="true" version="2" changeset="113631005" timestamp="2021-11-11T00:50:10Z" user="Clarke22" uid="703694" lat="34.2348953" lon="-118.5928208"/>
 <node id="4304209219" visible="true" version="1" changeset="40758189" timestamp="2016-07-15T11:02:10Z" user="manoharuss_imports" uid="4222790" lat="34.2349081" lon="-118.5945988"/>
 <node id="4304209220" visible="true" version="1" changeset="40758189" timestamp="2016-07-15T11:02:10Z" user="manoharuss_imports" uid="4222790" lat="34.2349093" lon="-118.5942019"/>
 <node id="4304209225" visible="true" version="2" changeset="113631005" timestamp="2021-11-11T00:50:10Z" user="Clarke22" uid="703694" lat="34.2349932" lon="-118.5928088"/>
 <node id="4304209226" visible="true" version="2" changeset="113631005" timestamp="2021-11-11T00:50:10Z" user="Clarke22" uid="703694" lat="34.2349932" lon="-118.5928218"/>
 <node id="4304209227" visible="true" version="1" changeset="40758189" timestamp="2016-07-15T11:02:10Z" user="manoharuss_imports" uid="4222790" lat="34.2350182" lon="-118.5933768"/>
 <node id="4304209228" visible="true" version="1" changeset="40758189" timestamp="2016-07-15T11:02:10Z" user="manoharuss_imports" uid="4222790" lat="34.2350183" lon="-118.5934319"/>
 <node id="4304209229" visible="true" version="1" changeset="40758189" timestamp="2016-07-15T11:02:10Z" user="manoharuss_imports" uid="4222790" lat="34.2350233" lon="-118.5946601"/>
 <node id="4304209230" visible="true" version="1" changeset="40758189" timestamp="2016-07-15T11:02:10Z" user="manoharuss_imports" uid="4222790" lat="34.2350238" lon="-118.5940970"/>
 <node id="4304209231" visible="true" version="1" changeset="40758189" timestamp="2016-07-15T11:02:10Z" user="manoharuss_imports" uid="4222790" lat="34.2350243" lon="-118.5934319"/>
 <node id="4304209232" visible="true" version="1" changeset="40758189" timestamp="2016-07-15T11:02:10Z" user="manoharuss_imports" uid="4222790" lat="34.2350251" lon="-118.5938542"/>
 <node id="4304209233" visible="true" version="1" changeset="40758189" timestamp="2016-07-15T11:02:10Z" user="manoharuss_imports" uid="4222790" lat="34.2350260" lon="-118.5932907"/>
 <node id="4304209234" visible="true" version="1" changeset="40758189" timestamp="2016-07-15T11:02:10Z" user="manoharuss_imports" uid="4222790" lat="34.2350262" lon="-118.5933768"/>
 <node id="4304209235" visible="true" version="2" changeset="113631005" timestamp="2021-11-11T00:50:10Z" user="Clarke22" uid="703694" lat="34.2350322" lon="-118.5928088"/>
 <node id="4304209236" visible="true" version="2" changeset="113631005" timestamp="2021-11-11T00:50:10Z" user="Clarke22" uid="703694" lat="34.2350322" lon="-118.5928218"/>
 <node id="4304209241" visible="true" version="1" changeset="40758189" timestamp="2016-07-15T11:02:10Z" user="manoharuss_imports" uid="4222790" lat="34.2350893" lon="-118.5932550"/>
 <node id="4304209242" visible="true" version="1" changeset="40758189" timestamp="2016-07-15T11:02:10Z" user="manoharuss_imports" uid="4222790" lat="34.2350894" lon="-118.5932905"/>
 <node id="4304209247" visible="true" version="1" changeset="40758189" timestamp="2016-07-15T11:02:10Z" user="manoharuss_imports" uid="4222790" lat="34.2351233" lon="-118.5932548"/>
 <node id="4304209248" visible="true" version="1" changeset="40758189" timestamp="2016-07-15T11:02:10Z" user="manoharuss_imports" uid="4222790" lat="34.2351234" lon="-118.5932922"/>
 <node id="4304209251" visible="true" version="2" changeset="113631005" timestamp="2021-11-11T00:50:10Z" user="Clarke22" uid="703694" lat="34.2351301" lon="-118.5928078"/>
 <node id="4304209252" visible="true" version="2" changeset="113631005" timestamp="2021-11-11T00:50:10Z" user="Clarke22" uid="703694" lat="34.2351301" lon="-118.5928218"/>
 <node id="4304209259" visible="true" version="2" changeset="113631005" timestamp="2021-11-11T00:50:10Z" user="Clarke22" uid="703694" lat="34.2351702" lon="-118.5928088"/>
 <node id="4304209260" visible="true" version="2" changeset="113631005" timestamp="2021-11-11T00:50:10Z" user="Clarke22" uid="703694" lat="34.2351702" lon="-118.5928218"/>
 <node id="4304209262" visible="true" version="1" changeset="40758189" timestamp="2016-07-15T11:02:10Z" user="manoharuss_imports" uid="4222790" lat="34.2351854" lon="-118.5944362"/>
 <node id="4304209263" visible="true" version="1" changeset="40758189" timestamp="2016-07-15T11:02:10Z" user="manoharuss_imports" uid="4222790" lat="34.2351855" lon="-118.5943253"/>
 <node id="4304209264" visible="true" version="1" changeset="40758189" timestamp="2016-07-15T11:02:10Z" user="manoharuss_imports" uid="4222790" lat="34.2351857" lon="-118.5945988"/>
 <node id="4304209265" visible="true" version="1" changeset="40758189" timestamp="2016-07-15T11:02:10Z" user="manoharuss_imports" uid="4222790" lat="34.2351858" lon="-118.5944822"/>
 <node id="4304209266" visible="true" version="1" changeset="40758189" timestamp="2016-07-15T11:02:10Z" user="manoharuss_imports" uid="4222790" lat="34.2351858" lon="-118.5946455"/>
 <node id="4304209267" visible="true" version="1" changeset="40758189" timestamp="2016-07-15T11:02:10Z" user="manoharuss_imports" uid="4222790" lat="34.2351864" lon="-118.5946606"/>
 <node id="4304209268" visible="true" version="1" changeset="40758189" timestamp="2016-07-15T11:02:10Z" user="manoharuss_imports" uid="4222790" lat="34.2351866" lon="-118.5942793"/>
 <node id="4304209269" visible="true" version="1" changeset="40758189" timestamp="2016-07-15T11:02:10Z" user="manoharuss_imports" uid="4222790" lat="34.2351867" lon="-118.5941622"/>
 <node id="4304209270" visible="true" version="1" changeset="40758189" timestamp="2016-07-15T11:02:10Z" user="manoharuss_imports" uid="4222790" lat="34.2351868" lon="-118.5940973"/>
 <node id="4304209271" visible="true" version="1" changeset="40758189" timestamp="2016-07-15T11:02:10Z" user="manoharuss_imports" uid="4222790" lat="34.2351868" lon="-118.5941166"/>
 <node id="4304209272" visible="true" version="1" changeset="40758189" timestamp="2016-07-15T11:02:10Z" user="manoharuss_imports" uid="4222790" lat="34.2351899" lon="-118.5938353"/>
 <node id="4304209273" visible="true" version="1" changeset="40758189" timestamp="2016-07-15T11:02:10Z" user="manoharuss_imports" uid="4222790" lat="34.2351899" lon="-118.5938537"/>
 <node id="4304209274" visible="true" version="1" changeset="40758189" timestamp="2016-07-15T11:02:10Z" user="manoharuss_imports" uid="4222790" lat="34.2351904" lon="-118.5935165"/>
 <node id="4304209275" visible="true" version="1" changeset="40758189" timestamp="2016-07-15T11:02:10Z" user="manoharuss_imports" uid="4222790" lat="34.2351904" lon="-118.5936756"/>
 <node id="4304209276" visible="true" version="1" changeset="40758189" timestamp="2016-07-15T11:02:10Z" user="manoharuss_imports" uid="4222790" lat="34.2351907" lon="-118.5936280"/>
 <node id="4304209277" visible="true" version="1" changeset="40758189" timestamp="2016-07-15T11:02:10Z" user="manoharuss_imports" uid="4222790" lat="34.2351907" lon="-118.5937889"/>
 <node id="4304209278" visible="true" version="1" changeset="40758189" timestamp="2016-07-15T11:02:10Z" user="manoharuss_imports" uid="4222790" lat="34.2351908" lon="-118.5933567"/>
 <node id="4304209279" visible="true" version="1" changeset="40758189" timestamp="2016-07-15T11:02:10Z" user="manoharuss_imports" uid="4222790" lat="34.2351909" lon="-118.5932920"/>
 <node id="4304209280" visible="true" version="1" changeset="40758189" timestamp="2016-07-15T11:02:10Z" user="manoharuss_imports" uid="4222790" lat="34.2351909" lon="-118.5933108"/>
 <node id="4304209281" visible="true" version="1" changeset="40758189" timestamp="2016-07-15T11:02:10Z" user="manoharuss_imports" uid="4222790" lat="34.2351910" lon="-118.5934692"/>
 <node id="4304209282" visible="true" version="2" changeset="113631005" timestamp="2021-11-11T00:50:10Z" user="Clarke22" uid="703694" lat="34.2351848" lon="-118.5930668"/>
 <node id="4304209283" visible="true" version="2" changeset="113631005" timestamp="2021-11-11T00:50:10Z" user="Clarke22" uid="703694" lat="34.2351850" lon="-118.5931138"/>
 <node id="4304209284" visible="true" version="2" changeset="113631005" timestamp="2021-11-11T00:50:10Z" user="Clarke22" uid="703694" lat="34.2351850" lon="-118.5931308"/>
 <node id="4304209285" visible="true" version="2" changeset="113631005" timestamp="2021-11-11T00:50:10Z" user="Clarke22" uid="703694" lat="34.2351851" lon="-118.5928858"/>
 <node id="4304209286" visible="true" version="2" changeset="113631005" timestamp="2021-11-11T00:50:10Z" user="Clarke22" uid="703694" lat="34.2351856" lon="-118.5928218"/>
 <node id="4304209287" visible="true" version="2" changeset="113631005" timestamp="2021-11-11T00:50:10Z" user="Clarke22" uid="703694" lat="34.2351856" lon="-118.5928388"/>
 <node id="4304209288" visible="true" version="1" changeset="40758189" timestamp="2016-07-15T11:02:11Z" user="manoharuss_imports" uid="4222790" lat="34.2351965" lon="-118.5941622"/>
 <node id="4304209289" visible="true" version="1" changeset="40758189" timestamp="2016-07-15T11:02:11Z" user="manoharuss_imports" uid="4222790" lat="34.2351966" lon="-118.5941167"/>
 <node id="4304209290" visible="true" version="1" changeset="40758189" timestamp="2016-07-15T11:02:11Z" user="manoharuss_imports" uid="4222790" lat="34.2351966" lon="-118.5942793"/>
 <node id="4304209291" visible="true" version="1" changeset="40758189" timestamp="2016-07-15T11:02:11Z" user="manoharuss_imports" uid="4222790" lat="34.2351966" lon="-118.5943253"/>
 <node id="4304209292" visible="true" version="1" changeset="40758189" timestamp="2016-07-15T11:02:11Z" user="manoharuss_imports" uid="4222790" lat="34.2351969" lon="-118.5945988"/>
 <node id="4304209293" visible="true" version="1" changeset="40758189" timestamp="2016-07-15T11:02:11Z" user="manoharuss_imports" uid="4222790" lat="34.2351969" lon="-118.5946455"/>
 <node id="4304209294" visible="true" version="1" changeset="40758189" timestamp="2016-07-15T11:02:11Z" user="manoharuss_imports" uid="4222790" lat="34.2351975" lon="-118.5944362"/>
 <node id="4304209295" visible="true" version="1" changeset="40758189" timestamp="2016-07-15T11:02:11Z" user="manoharuss_imports" uid="4222790" lat="34.2351975" lon="-118.5944822"/>
 <node id="4304209296" visible="true" version="1" changeset="40758189" timestamp="2016-07-15T11:02:11Z" user="manoharuss_imports" uid="4222790" lat="34.2352007" lon="-118.5937888"/>
 <node id="4304209297" visible="true" version="1" changeset="40758189" timestamp="2016-07-15T11:02:11Z" user="manoharuss_imports" uid="4222790" lat="34.2352008" lon="-118.5938353"/>
 <node id="4304209298" visible="true" version="1" changeset="40758189" timestamp="2016-07-15T11:02:11Z" user="manoharuss_imports" uid="4222790" lat="34.2352019" lon="-118.5933108"/>
 <node id="4304209299" visible="true" version="1" changeset="40758189" timestamp="2016-07-15T11:02:11Z" user="manoharuss_imports" uid="4222790" lat="34.2352019" lon="-118.5934692"/>
 <node id="4304209300" visible="true" version="1" changeset="40758189" timestamp="2016-07-15T11:02:11Z" user="manoharuss_imports" uid="4222790" lat="34.2352019" lon="-118.5936280"/>
 <node id="4304209301" visible="true" version="1" changeset="40758189" timestamp="2016-07-15T11:02:11Z" user="manoharuss_imports" uid="4222790" lat="34.2352020" lon="-118.5933566"/>
 <node id="4304209302" visible="true" version="1" changeset="40758189" timestamp="2016-07-15T11:02:11Z" user="manoharuss_imports" uid="4222790" lat="34.2352020" lon="-118.5935165"/>
 <node id="4304209303" visible="true" version="1" changeset="40758189" timestamp="2016-07-15T11:02:11Z" user="manoharuss_imports" uid="4222790" lat="34.2352020" lon="-118.5936755"/>
 <node id="4304209304" visible="true" version="2" changeset="113631005" timestamp="2021-11-11T00:50:10Z" user="Clarke22" uid="703694" lat="34.2351958" lon="-118.5930668"/>
 <node id="4304209305" visible="true" version="2" changeset="113631005" timestamp="2021-11-11T00:50:10Z" user="Clarke22" uid="703694" lat="34.2351958" lon="-118.5931138"/>
 <node id="4304209306" visible="true" version="2" changeset="113631005" timestamp="2021-11-11T00:50:10Z" user="Clarke22" uid="703694" lat="34.2351966" lon="-118.5928858"/>
 <node id="4304209307" visible="true" version="2" changeset="113631005" timestamp="2021-11-11T00:50:10Z" user="Clarke22" uid="703694" lat="34.2351967" lon="-118.5928388"/>
 <node id="4304484165" visible="true" version="2" changeset="147467492" timestamp="2024-02-14T21:31:27Z" user="Clarke22" uid="703694" lat="34.2342777" lon="-118.5896572"/>
 <node id="4304484166" visible="true" version="2" changeset="147467492" timestamp="2024-02-14T21:31:27Z" user="Clarke22" uid="703694" lat="34.2342782" lon="-118.5890042"/>
 <node id="4304484174" visible="true" version="1" changeset="40759930" timestamp="2016-07-15T12:48:18Z" user="poornima_labuildings" uid="4213767" lat="34.2345206" lon="-118.5914898"/>
 <node id="4304484175" visible="true" version="1" changeset="40759930" timestamp="2016-07-15T12:48:18Z" user="poornima_labuildings" uid="4213767" lat="34.2345207" lon="-118.5910931"/>
 <node id="4304484176" visible="true" version="2" changeset="147467492" timestamp="2024-02-14T21:31:27Z" user="Clarke22" uid="703694" lat="34.2345526" lon="-118.5894632"/>
 <node id="4304484177" visible="true" version="2" changeset="147467492" timestamp="2024-02-14T21:31:27Z" user="Clarke22" uid="703694" lat="34.2345527" lon="-118.5892182"/>
 <node id="4304484178" visible="true" version="2" changeset="147467492" timestamp="2024-02-14T21:31:27Z" user="Clarke22" uid="703694" lat="34.2345532" lon="-118.5895962"/>
 <node id="4304484179" visible="true" version="2" changeset="147467492" timestamp="2024-02-14T21:31:27Z" user="Clarke22" uid="703694" lat="34.2345533" lon="-118.5894862"/>
 <node id="4304484180" visible="true" version="2" changeset="147467492" timestamp="2024-02-14T21:31:27Z" user="Clarke22" uid="703694" lat="34.2345536" lon="-118.5896252"/>
 <node id="4304484181" visible="true" version="2" changeset="147467492" timestamp="2024-02-14T21:31:27Z" user="Clarke22" uid="703694" lat="34.2345536" lon="-118.5896572"/>
 <node id="4304484182" visible="true" version="1" changeset="40759930" timestamp="2016-07-15T12:48:18Z" user="poornima_labuildings" uid="4213767" lat="34.2345507" lon="-118.5919542"/>
 <node id="4304484183" visible="true" version="1" changeset="40759930" timestamp="2016-07-15T12:48:18Z" user="poornima_labuildings" uid="4213767" lat="34.2345507" lon="-118.5919746"/>
 <node id="4304484184" visible="true" version="1" changeset="40759930" timestamp="2016-07-15T12:48:18Z" user="poornima_labuildings" uid="4213767" lat="34.2345555" lon="-118.5919203"/>
 <node id="4304484185" visible="true" version="2" changeset="147467492" timestamp="2024-02-14T21:31:27Z" user="Clarke22" uid="703694" lat="34.2345605" lon="-118.5894632"/>
 <node id="4304484186" visible="true" version="2" changeset="147467492" timestamp="2024-02-14T21:31:27Z" user="Clarke22" uid="703694" lat="34.2345605" lon="-118.5894862"/>
 <node id="4304484187" visible="true" version="2" changeset="147467492" timestamp="2024-02-14T21:31:27Z" user="Clarke22" uid="703694" lat="34.2345606" lon="-118.5895962"/>
 <node id="4304484188" visible="true" version="2" changeset="147467492" timestamp="2024-02-14T21:31:27Z" user="Clarke22" uid="703694" lat="34.2345606" lon="-118.5896252"/>
 <node id="4304484289" visible="true" version="1" changeset="40759930" timestamp="2016-07-15T12:48:18Z" user="poornima_labuildings" uid="4213767" lat="34.2345558" lon="-118.5914908"/>
 <node id="4304484290" visible="true" version="1" changeset="40759930" timestamp="2016-07-15T12:48:18Z" user="poornima_labuildings" uid="4213767" lat="34.2345645" lon="-118.5923668"/>
 <node id="4304484291" visible="true" version="1" changeset="40759930" timestamp="2016-07-15T12:48:18Z" user="poornima_labuildings" uid="4213767" lat="34.2345646" lon="-118.5919542"/>
 <node id="4304484292" visible="true" version="1" changeset="40759930" timestamp="2016-07-15T12:48:18Z" user="poornima_labuildings" uid="4213767" lat="34.2345647" lon="-118.5919203"/>
 <node id="4304484293" visible="true" version="1" changeset="40759930" timestamp="2016-07-15T12:48:18Z" user="poornima_labuildings" uid="4213767" lat="34.2345648" lon="-118.5919746"/>
 <node id="4304484294" visible="true" version="2" changeset="147467492" timestamp="2024-02-14T21:31:27Z" user="Clarke22" uid="703694" lat="34.2345963" lon="-118.5892182"/>
 <node id="4304484295" visible="true" version="2" changeset="147467492" timestamp="2024-02-14T21:31:27Z" user="Clarke22" uid="703694" lat="34.2345963" lon="-118.5892292"/>
 <node id="4304484296" visible="true" version="2" changeset="147467492" timestamp="2024-02-14T21:31:27Z" user="Clarke22" uid="703694" lat="34.2346210" lon="-118.5892172"/>
 <node id="4304484297" visible="true" version="2" changeset="147467492" timestamp="2024-02-14T21:31:27Z" user="Clarke22" uid="703694" lat="34.2346210" lon="-118.5892292"/>
 <node id="4304484298" visible="true" version="1" changeset="40759930" timestamp="2016-07-15T12:48:18Z" user="poornima_labuildings" uid="4213767" lat="34.2346577" lon="-118.5910754"/>
 <node id="4304484299" visible="true" version="1" changeset="40759930" timestamp="2016-07-15T12:48:18Z" user="poornima_labuildings" uid="4213767" lat="34.2346577" lon="-118.5910931"/>
 <node id="4304484300" visible="true" version="2" changeset="147467492" timestamp="2024-02-14T21:31:27Z" user="Clarke22" uid="703694" lat="34.2346965" lon="-118.5892512"/>
 <node id="4304484301" visible="true" version="2" changeset="147467492" timestamp="2024-02-14T21:31:27Z" user="Clarke22" uid="703694" lat="34.2346965" lon="-118.5892772"/>
 <node id="4304484302" visible="true" version="2" changeset="147467492" timestamp="2024-02-14T21:31:27Z" user="Clarke22" uid="703694" lat="34.2347063" lon="-118.5892172"/>
 <node id="4304484303" visible="true" version="2" changeset="147467492" timestamp="2024-02-14T21:31:27Z" user="Clarke22" uid="703694" lat="34.2347063" lon="-118.5892512"/>
 <node id="4304484304" visible="true" version="2" changeset="147467492" timestamp="2024-02-14T21:31:27Z" user="Clarke22" uid="703694" lat="34.2347064" lon="-118.5896572"/>
 <node id="4304484305" visible="true" version="2" changeset="147467492" timestamp="2024-02-14T21:31:27Z" user="Clarke22" uid="703694" lat="34.2347067" lon="-118.5892772"/>
 <node id="4304484306" visible="true" version="1" changeset="40759930" timestamp="2016-07-15T12:48:18Z" user="poornima_labuildings" uid="4213767" lat="34.2347259" lon="-118.5906172"/>
 <node id="4304484307" visible="true" version="1" changeset="40759930" timestamp="2016-07-15T12:48:18Z" user="poornima_labuildings" uid="4213767" lat="34.2347261" lon="-118.5904274"/>
 <node id="4304484311" visible="true" version="1" changeset="40759930" timestamp="2016-07-15T12:48:19Z" user="poornima_labuildings" uid="4213767" lat="34.2348525" lon="-118.5910755"/>
 <node id="4304484312" visible="true" version="1" changeset="40759930" timestamp="2016-07-15T12:48:19Z" user="poornima_labuildings" uid="4213767" lat="34.2348525" lon="-118.5910934"/>
 <node id="4304484313" visible="true" version="1" changeset="40759930" timestamp="2016-07-15T12:48:19Z" user="poornima_labuildings" uid="4213767" lat="34.2349003" lon="-118.5889341"/>
 <node id="4304484314" visible="true" version="1" changeset="40759930" timestamp="2016-07-15T12:48:19Z" user="poornima_labuildings" uid="4213767" lat="34.2349006" lon="-118.5887624"/>
 <node id="4304484315" visible="true" version="1" changeset="40759930" timestamp="2016-07-15T12:48:19Z" user="poornima_labuildings" uid="4213767" lat="34.2349076" lon="-118.5908343"/>
 <node id="4304484316" visible="true" version="1" changeset="40759930" timestamp="2016-07-15T12:48:19Z" user="poornima_labuildings" uid="4213767" lat="34.2349088" lon="-118.5910831"/>
 <node id="4304484317" visible="true" version="1" changeset="40759930" timestamp="2016-07-15T12:48:19Z" user="poornima_labuildings" uid="4213767" lat="34.2349112" lon="-118.5914901"/>
 <node id="4304484318" visible="true" version="1" changeset="40759930" timestamp="2016-07-15T12:48:19Z" user="poornima_labuildings" uid="4213767" lat="34.2349122" lon="-118.5910934"/>
 <node id="4304484319" visible="true" version="1" changeset="40759930" timestamp="2016-07-15T12:48:19Z" user="poornima_labuildings" uid="4213767" lat="34.2349146" lon="-118.5911595"/>
 <node id="4304484320" visible="true" version="1" changeset="40759930" timestamp="2016-07-15T12:48:19Z" user="poornima_labuildings" uid="4213767" lat="34.2349147" lon="-118.5910831"/>
 <node id="4304484321" visible="true" version="1" changeset="40759930" timestamp="2016-07-15T12:48:19Z" user="poornima_labuildings" uid="4213767" lat="34.2349148" lon="-118.5908302"/>
 <node id="4304484322" visible="true" version="1" changeset="40759930" timestamp="2016-07-15T12:48:19Z" user="poornima_labuildings" uid="4213767" lat="34.2349200" lon="-118.5911592"/>
 <node id="4304484323" visible="true" version="1" changeset="40759930" timestamp="2016-07-15T12:48:19Z" user="poornima_labuildings" uid="4213767" lat="34.2349379" lon="-118.5908287"/>
 <node id="4304484324" visible="true" version="1" changeset="40759930" timestamp="2016-07-15T12:48:19Z" user="poornima_labuildings" uid="4213767" lat="34.2349386" lon="-118.5908559"/>
 <node id="4304484325" visible="true" version="1" changeset="40759930" timestamp="2016-07-15T12:48:19Z" user="poornima_labuildings" uid="4213767" lat="34.2349590" lon="-118.5912828"/>
 <node id="4304484326" visible="true" version="1" changeset="40759930" timestamp="2016-07-15T12:48:19Z" user="poornima_labuildings" uid="4213767" lat="34.2349598" lon="-118.5889343"/>
 <node id="4304484327" visible="true" version="1" changeset="40759930" timestamp="2016-07-15T12:48:19Z" user="poornima_labuildings" uid="4213767" lat="34.2349598" lon="-118.5913720"/>
 <node id="4304484328" visible="true" version="1" changeset="40759930" timestamp="2016-07-15T12:48:19Z" user="poornima_labuildings" uid="4213767" lat="34.2349601" lon="-118.5887625"/>
 <node id="4304484329" visible="true" version="1" changeset="40759930" timestamp="2016-07-15T12:48:19Z" user="poornima_labuildings" uid="4213767" lat="34.2349737" lon="-118.5908460"/>
 <node id="4304484330" visible="true" version="1" changeset="40759930" timestamp="2016-07-15T12:48:19Z" user="poornima_labuildings" uid="4213767" lat="34.2349740" lon="-118.5908537"/>
 <node id="4304484331" visible="true" version="1" changeset="40759930" timestamp="2016-07-15T12:48:19Z" user="poornima_labuildings" uid="4213767" lat="34.2349789" lon="-118.5912474"/>
 <node id="4304484332" visible="true" version="1" changeset="40759930" timestamp="2016-07-15T12:48:19Z" user="poornima_labuildings" uid="4213767" lat="34.2349792" lon="-118.5912825"/>
 <node id="4304484333" visible="true" version="1" changeset="40759930" timestamp="2016-07-15T12:48:19Z" user="poornima_labuildings" uid="4213767" lat="34.2349841" lon="-118.5913716"/>
 <node id="4304484334" visible="true" version="1" changeset="40759930" timestamp="2016-07-15T12:48:19Z" user="poornima_labuildings" uid="4213767" lat="34.2349849" lon="-118.5914490"/>
 <node id="4304484335" visible="true" version="1" changeset="40759930" timestamp="2016-07-15T12:48:19Z" user="poornima_labuildings" uid="4213767" lat="34.2349917" lon="-118.5911684"/>
 <node id="4304484336" visible="true" version="1" changeset="40759930" timestamp="2016-07-15T12:48:19Z" user="poornima_labuildings" uid="4213767" lat="34.2349921" lon="-118.5912276"/>
 <node id="4304484337" visible="true" version="1" changeset="40759930" timestamp="2016-07-15T12:48:19Z" user="poornima_labuildings" uid="4213767" lat="34.2350251" lon="-118.5913673"/>
 <node id="4304484338" visible="true" version="1" changeset="40759930" timestamp="2016-07-15T12:48:19Z" user="poornima_labuildings" uid="4213767" lat="34.2350256" lon="-118.5914169"/>
 <node id="4304484339" visible="true" version="1" changeset="40759930" timestamp="2016-07-15T12:48:19Z" user="poornima_labuildings" uid="4213767" lat="34.2350261" lon="-118.5912754"/>
 <node id="4304484340" visible="true" version="1" changeset="40759930" timestamp="2016-07-15T12:48:19Z" user="poornima_labuildings" uid="4213767" lat="34.2350266" lon="-118.5913287"/>
 <node id="4304484341" visible="true" version="1" changeset="40759930" timestamp="2016-07-15T12:48:19Z" user="poornima_labuildings" uid="4213767" lat="34.2350319" lon="-118.5912466"/>
 <node id="4304484342" visible="true" version="1" changeset="40759930" timestamp="2016-07-15T12:48:19Z" user="poornima_labuildings" uid="4213767" lat="34.2350321" lon="-118.5912753"/>
 <node id="4304484343" visible="true" version="1" changeset="40759930" timestamp="2016-07-15T12:48:19Z" user="poornima_labuildings" uid="4213767" lat="34.2350355" lon="-118.5914168"/>
 <node id="4304484344" visible="true" version="1" changeset="40759930" timestamp="2016-07-15T12:48:19Z" user="poornima_labuildings" uid="4213767" lat="34.2350358" lon="-118.5914483"/>
 <node id="4304484345" visible="true" version="1" changeset="40759930" timestamp="2016-07-15T12:48:19Z" user="poornima_labuildings" uid="4213767" lat="34.2350404" lon="-118.5913285"/>
 <node id="4304484346" visible="true" version="1" changeset="40759930" timestamp="2016-07-15T12:48:19Z" user="poornima_labuildings" uid="4213767" lat="34.2350408" lon="-118.5913670"/>
 <node id="4304484347" visible="true" version="1" changeset="40759930" timestamp="2016-07-15T12:48:19Z" user="poornima_labuildings" uid="4213767" lat="34.2350414" lon="-118.5913794"/>
 <node id="4304484348" visible="true" version="1" changeset="40759930" timestamp="2016-07-15T12:48:19Z" user="poornima_labuildings" uid="4213767" lat="34.2350419" lon="-118.5912271"/>
 <node id="4304484349" visible="true" version="1" changeset="40759930" timestamp="2016-07-15T12:48:19Z" user="poornima_labuildings" uid="4213767" lat="34.2350420" lon="-118.5912399"/>
 <node id="4304484350" visible="true" version="1" changeset="40759930" timestamp="2016-07-15T12:48:19Z" user="poornima_labuildings" uid="4213767" lat="34.2350427" lon="-118.5914354"/>
 <node id="4304484351" visible="true" version="1" changeset="40759930" timestamp="2016-07-15T12:48:19Z" user="poornima_labuildings" uid="4213767" lat="34.2350526" lon="-118.5911678"/>
 <node id="4304484352" visible="true" version="1" changeset="40759930" timestamp="2016-07-15T12:48:19Z" user="poornima_labuildings" uid="4213767" lat="34.2350528" lon="-118.5911824"/>
 <node id="4304484353" visible="true" version="2" changeset="147467492" timestamp="2024-02-14T21:31:27Z" user="Clarke22" uid="703694" lat="34.2350636" lon="-118.5896582"/>
 <node id="4304484354" visible="true" version="2" changeset="147467492" timestamp="2024-02-14T21:31:27Z" user="Clarke22" uid="703694" lat="34.2350636" lon="-118.5896602"/>
 <node id="4304484355" visible="true" version="2" changeset="147467492" timestamp="2024-02-14T21:31:27Z" user="Clarke22" uid="703694" lat="34.2350636" lon="-118.5896752"/>
 <node id="4304484356" visible="true" version="1" changeset="40759930" timestamp="2016-07-15T12:48:19Z" user="poornima_labuildings" uid="4213767" lat="34.2350754" lon="-118.5887601"/>
 <node id="4304484357" visible="true" version="1" changeset="40759930" timestamp="2016-07-15T12:48:19Z" user="poornima_labuildings" uid="4213767" lat="34.2350760" lon="-118.5889614"/>
 <node id="4304484358" visible="true" version="1" changeset="40759930" timestamp="2016-07-15T12:48:19Z" user="poornima_labuildings" uid="4213767" lat="34.2350777" lon="-118.5908393"/>
 <node id="4304484359" visible="true" version="1" changeset="40759930" timestamp="2016-07-15T12:48:19Z" user="poornima_labuildings" uid="4213767" lat="34.2350777" lon="-118.5909934"/>
 <node id="4304484360" visible="true" version="1" changeset="40759930" timestamp="2016-07-15T12:48:19Z" user="poornima_labuildings" uid="4213767" lat="34.2350781" lon="-118.5910203"/>
 <node id="4304484361" visible="true" version="1" changeset="40759930" timestamp="2016-07-15T12:48:19Z" user="poornima_labuildings" uid="4213767" lat="34.2350783" lon="-118.5908546"/>
 <node id="4304484362" visible="true" version="1" changeset="40759930" timestamp="2016-07-15T12:48:19Z" user="poornima_labuildings" uid="4213767" lat="34.2350804" lon="-118.5913781"/>
 <node id="4304484363" visible="true" version="1" changeset="40759930" timestamp="2016-07-15T12:48:19Z" user="poornima_labuildings" uid="4213767" lat="34.2350816" lon="-118.5914341"/>
 <node id="4304484364" visible="true" version="1" changeset="40759930" timestamp="2016-07-15T12:48:19Z" user="poornima_labuildings" uid="4213767" lat="34.2350844" lon="-118.5910941"/>
 <node id="4304484365" visible="true" version="1" changeset="40759930" timestamp="2016-07-15T12:48:19Z" user="poornima_labuildings" uid="4213767" lat="34.2350848" lon="-118.5908785"/>
 <node id="4304484366" visible="true" version="1" changeset="40759930" timestamp="2016-07-15T12:48:19Z" user="poornima_labuildings" uid="4213767" lat="34.2350851" lon="-118.5911362"/>
 <node id="4304484367" visible="true" version="1" changeset="40759930" timestamp="2016-07-15T12:48:19Z" user="poornima_labuildings" uid="4213767" lat="34.2350854" lon="-118.5909201"/>
 <node id="4304484368" visible="true" version="1" changeset="40759930" timestamp="2016-07-15T12:48:19Z" user="poornima_labuildings" uid="4213767" lat="34.2350879" lon="-118.5912394"/>
 <node id="4304484369" visible="true" version="1" changeset="40759930" timestamp="2016-07-15T12:48:19Z" user="poornima_labuildings" uid="4213767" lat="34.2350882" lon="-118.5912903"/>
 <node id="4304484370" visible="true" version="1" changeset="40759930" timestamp="2016-07-15T12:48:19Z" user="poornima_labuildings" uid="4213767" lat="34.2350926" lon="-118.5923673"/>
 <node id="4304484371" visible="true" version="1" changeset="40759930" timestamp="2016-07-15T12:48:19Z" user="poornima_labuildings" uid="4213767" lat="34.2350927" lon="-118.5923060"/>
 <node id="4304484372" visible="true" version="1" changeset="40759930" timestamp="2016-07-15T12:48:19Z" user="poornima_labuildings" uid="4213767" lat="34.2350931" lon="-118.5915567"/>
 <node id="4304484373" visible="true" version="1" changeset="40759930" timestamp="2016-07-15T12:48:19Z" user="poornima_labuildings" uid="4213767" lat="34.2350932" lon="-118.5914913"/>
 <node id="4304484374" visible="true" version="1" changeset="40759930" timestamp="2016-07-15T12:48:19Z" user="poornima_labuildings" uid="4213767" lat="34.2350932" lon="-118.5921126"/>
 <node id="4304484375" visible="true" version="1" changeset="40759930" timestamp="2016-07-15T12:48:19Z" user="poornima_labuildings" uid="4213767" lat="34.2350934" lon="-118.5917492"/>
 <node id="4304484376" visible="true" version="1" changeset="40759930" timestamp="2016-07-15T12:48:19Z" user="poornima_labuildings" uid="4213767" lat="34.2350935" lon="-118.5910390"/>
 <node id="4304484377" visible="true" version="1" changeset="40759930" timestamp="2016-07-15T12:48:19Z" user="poornima_labuildings" uid="4213767" lat="34.2350935" lon="-118.5910833"/>
 <node id="4304484378" visible="true" version="1" changeset="40759930" timestamp="2016-07-15T12:48:19Z" user="poornima_labuildings" uid="4213767" lat="34.2350936" lon="-118.5908536"/>
 <node id="4304484379" visible="true" version="1" changeset="40759930" timestamp="2016-07-15T12:48:19Z" user="poornima_labuildings" uid="4213767" lat="34.2350937" lon="-118.5911450"/>
 <node id="4304484380" visible="true" version="1" changeset="40759930" timestamp="2016-07-15T12:48:19Z" user="poornima_labuildings" uid="4213767" lat="34.2350937" lon="-118.5911574"/>
 <node id="4304484381" visible="true" version="1" changeset="40759930" timestamp="2016-07-15T12:48:19Z" user="poornima_labuildings" uid="4213767" lat="34.2350940" lon="-118.5909306"/>
 <node id="4304484382" visible="true" version="1" changeset="40759930" timestamp="2016-07-15T12:48:19Z" user="poornima_labuildings" uid="4213767" lat="34.2350942" lon="-118.5908659"/>
 <node id="4304484383" visible="true" version="1" changeset="40759930" timestamp="2016-07-15T12:48:19Z" user="poornima_labuildings" uid="4213767" lat="34.2350944" lon="-118.5909735"/>
 <node id="4304484384" visible="true" version="1" changeset="40759930" timestamp="2016-07-15T12:48:19Z" user="poornima_labuildings" uid="4213767" lat="34.2350945" lon="-118.5911820"/>
 <node id="4304484385" visible="true" version="1" changeset="40759930" timestamp="2016-07-15T12:48:19Z" user="poornima_labuildings" uid="4213767" lat="34.2350946" lon="-118.5911948"/>
 <node id="4304484386" visible="true" version="1" changeset="40759930" timestamp="2016-07-15T12:48:19Z" user="poornima_labuildings" uid="4213767" lat="34.2351067" lon="-118.5923060"/>
 <node id="4304484387" visible="true" version="1" changeset="40759930" timestamp="2016-07-15T12:48:20Z" user="poornima_labuildings" uid="4213767" lat="34.2351068" lon="-118.5921126"/>
 <node id="4304484388" visible="true" version="1" changeset="40759930" timestamp="2016-07-15T12:48:20Z" user="poornima_labuildings" uid="4213767" lat="34.2351070" lon="-118.5917492"/>
 <node id="4304484589" visible="true" version="1" changeset="40759930" timestamp="2016-07-15T12:48:20Z" user="poornima_labuildings" uid="4213767" lat="34.2351071" lon="-118.5915567"/>
 <node id="4304484590" visible="true" version="1" changeset="40759930" timestamp="2016-07-15T12:48:20Z" user="poornima_labuildings" uid="4213767" lat="34.2351114" lon="-118.5904280"/>
 <node id="4304484591" visible="true" version="1" changeset="40759930" timestamp="2016-07-15T12:48:20Z" user="poornima_labuildings" uid="4213767" lat="34.2351115" lon="-118.5903553"/>
 <node id="4304484592" visible="true" version="2" changeset="147467492" timestamp="2024-02-14T21:31:27Z" user="Clarke22" uid="703694" lat="34.2351223" lon="-118.5896582"/>
 <node id="4304484593" visible="true" version="2" changeset="147467492" timestamp="2024-02-14T21:31:27Z" user="Clarke22" uid="703694" lat="34.2351223" lon="-118.5896602"/>
 <node id="4304484594" visible="true" version="2" changeset="147467492" timestamp="2024-02-14T21:31:27Z" user="Clarke22" uid="703694" lat="34.2351223" lon="-118.5896752"/>
 <node id="4304484595" visible="true" version="1" changeset="40759930" timestamp="2016-07-15T12:48:20Z" user="poornima_labuildings" uid="4213767" lat="34.2351295" lon="-118.5912899"/>
 <node id="4304484596" visible="true" version="1" changeset="40759930" timestamp="2016-07-15T12:48:20Z" user="poornima_labuildings" uid="4213767" lat="34.2351298" lon="-118.5913335"/>
 <node id="4304484597" visible="true" version="1" changeset="40759930" timestamp="2016-07-15T12:48:20Z" user="poornima_labuildings" uid="4213767" lat="34.2351776" lon="-118.5911940"/>
 <node id="4304484598" visible="true" version="1" changeset="40759930" timestamp="2016-07-15T12:48:20Z" user="poornima_labuildings" uid="4213767" lat="34.2351786" lon="-118.5913330"/>
 <node id="4304484599" visible="true" version="1" changeset="40759930" timestamp="2016-07-15T12:48:20Z" user="poornima_labuildings" uid="4213767" lat="34.2351862" lon="-118.5887596"/>
 <node id="4304484600" visible="true" version="1" changeset="40759930" timestamp="2016-07-15T12:48:20Z" user="poornima_labuildings" uid="4213767" lat="34.2351868" lon="-118.5889609"/>
 <node id="4304484601" visible="true" version="1" changeset="40759930" timestamp="2016-07-15T12:48:20Z" user="poornima_labuildings" uid="4213767" lat="34.2351944" lon="-118.5906181"/>
 <node id="4304484602" visible="true" version="2" changeset="147467492" timestamp="2024-02-14T21:31:27Z" user="Clarke22" uid="703694" lat="34.2351999" lon="-118.5896582"/>
 <node id="4304484603" visible="true" version="1" changeset="40759930" timestamp="2016-07-15T12:48:20Z" user="poornima_labuildings" uid="4213767" lat="34.2351951" lon="-118.5903554"/>
 <node id="4304484604" visible="true" version="2" changeset="147467492" timestamp="2024-02-14T21:31:27Z" user="Clarke22" uid="703694" lat="34.2352002" lon="-118.5892142"/>
 <node id="4304484605" visible="true" version="2" changeset="147467492" timestamp="2024-02-14T21:31:27Z" user="Clarke22" uid="703694" lat="34.2352307" lon="-118.5892142"/>
 <node id="4304484606" visible="true" version="2" changeset="147467492" timestamp="2024-02-14T21:31:27Z" user="Clarke22" uid="703694" lat="34.2352307" lon="-118.5892292"/>
 <node id="4304484607" visible="true" version="2" changeset="147467492" timestamp="2024-02-14T21:31:27Z" user="Clarke22" uid="703694" lat="34.2352535" lon="-118.5892162"/>
 <node id="4304484608" visible="true" version="2" changeset="147467492" timestamp="2024-02-14T21:31:27Z" user="Clarke22" uid="703694" lat="34.2352535" lon="-118.5892292"/>
 <node id="4304484609" visible="true" version="2" changeset="147467492" timestamp="2024-02-14T21:31:27Z" user="Clarke22" uid="703694" lat="34.2353310" lon="-118.5892162"/>
 <node id="4304484610" visible="true" version="2" changeset="147467492" timestamp="2024-02-14T21:31:27Z" user="Clarke22" uid="703694" lat="34.2353315" lon="-118.5890084"/>
 <node id="4316200947" visible="true" version="1" changeset="40958805" timestamp="2016-07-22T19:48:48Z" user="yurasi_import" uid="4210536" lat="34.2374602" lon="-118.5891736"/>
 <node id="4316200948" visible="true" version="1" changeset="40958805" timestamp="2016-07-22T19:48:48Z" user="yurasi_import" uid="4210536" lat="34.2374609" lon="-118.5889909"/>
 <node id="4316200949" visible="true" version="1" changeset="40958805" timestamp="2016-07-22T19:48:48Z" user="yurasi_import" uid="4210536" lat="34.2375046" lon="-118.5889841"/>
 <node id="4316200950" visible="true" version="1" changeset="40958805" timestamp="2016-07-22T19:48:48Z" user="yurasi_import" uid="4210536" lat="34.2375046" lon="-118.5889912"/>
 <node id="4316200951" visible="true" version="1" changeset="40958805" timestamp="2016-07-22T19:48:48Z" user="yurasi_import" uid="4210536" lat="34.2375297" lon="-118.5892029"/>
 <node id="4316200952" visible="true" version="1" changeset="40958805" timestamp="2016-07-22T19:48:48Z" user="yurasi_import" uid="4210536" lat="34.2375298" lon="-118.5891740"/>
 <node id="4316200953" visible="true" version="1" changeset="40958805" timestamp="2016-07-22T19:48:48Z" user="yurasi_import" uid="4210536" lat="34.2375809" lon="-118.5892032"/>
 <node id="4316200954" visible="true" version="1" changeset="40958805" timestamp="2016-07-22T19:48:49Z" user="yurasi_import" uid="4210536" lat="34.2375814" lon="-118.5890838"/>
 <node id="4316200955" visible="true" version="1" changeset="40958805" timestamp="2016-07-22T19:48:49Z" user="yurasi_import" uid="4210536" lat="34.2375856" lon="-118.5890838"/>
 <node id="4316200956" visible="true" version="1" changeset="40958805" timestamp="2016-07-22T19:48:49Z" user="yurasi_import" uid="4210536" lat="34.2375860" lon="-118.5889846"/>
 <node id="4319223122" visible="true" version="1" changeset="41006312" timestamp="2016-07-25T09:04:31Z" user="PlaneMad" uid="1306" lat="34.2369835" lon="-118.5899625"/>
 <node id="4320304299" visible="true" version="1" changeset="41024056" timestamp="2016-07-25T22:05:24Z" user="Luis36995_labuildings" uid="3851527" lat="34.2386051" lon="-118.5940527"/>
 <node id="4621430409" visible="true" version="2" changeset="116458308" timestamp="2022-01-22T09:08:49Z" user="Clarke22" uid="703694" lat="34.2318074" lon="-118.5907288"/>
 <node id="4818899546" visible="true" version="2" changeset="116047811" timestamp="2022-01-12T03:34:17Z" user="Clarke22" uid="703694" lat="34.2346964" lon="-118.5867715"/>
 <node id="4818899550" visible="true" version="2" changeset="113826752" timestamp="2021-11-15T22:03:58Z" user="Clarke22" uid="703694" lat="34.2367571" lon="-118.5885549"/>
 <node id="4818899551" visible="true" version="2" changeset="73326420" timestamp="2019-08-13T21:58:48Z" user="Clarke22" uid="703694" lat="34.2367578" lon="-118.5882784"/>
 <node id="4818899552" visible="true" version="3" changeset="113826752" timestamp="2021-11-15T22:03:58Z" user="Clarke22" uid="703694" lat="34.2372293" lon="-118.5882782"/>
 <node id="4818899553" visible="true" version="2" changeset="113631490" timestamp="2021-11-11T01:28:06Z" user="Clarke22" uid="703694" lat="34.2364864" lon="-118.5882822"/>
 <node id="4818899554" visible="true" version="2" changeset="113826752" timestamp="2021-11-15T22:03:58Z" user="Clarke22" uid="703694" lat="34.2359109" lon="-118.5885517"/>
 <node id="4818899555" visible="true" version="1" changeset="48176339" timestamp="2017-04-26T21:48:09Z" user="RichRico" uid="2219338" lat="34.2354684" lon="-118.5890814"/>
 <node id="4818899556" visible="true" version="1" changeset="48176339" timestamp="2017-04-26T21:48:09Z" user="RichRico" uid="2219338" lat="34.2356661" lon="-118.5887924"/>
 <node id="4818899557" visible="true" version="1" changeset="48176339" timestamp="2017-04-26T21:48:09Z" user="RichRico" uid="2219338" lat="34.2358046" lon="-118.5889471"/>
 <node id="4818899558" visible="true" version="4" changeset="114939221" timestamp="2021-12-14T20:45:12Z" user="Clarke22" uid="703694" lat="34.2359113" lon="-118.5887090"/>
 <node id="4818899559" visible="true" version="2" changeset="147467492" timestamp="2024-02-14T21:31:27Z" user="Clarke22" uid="703694" lat="34.2359030" lon="-118.5888163"/>
 <node id="4818899560" visible="true" version="2" changeset="147467492" timestamp="2024-02-14T21:31:27Z" user="Clarke22" uid="703694" lat="34.2356977" lon="-118.5890785"/>
 <node id="4818899561" visible="true" version="2" changeset="113631490" timestamp="2021-11-11T01:28:06Z" user="Clarke22" uid="703694" lat="34.2355985" lon="-118.5890848"/>
 <node id="4818899562" visible="true" version="2" changeset="114939221" timestamp="2021-12-14T20:45:12Z" user="Clarke22" uid="703694" lat="34.2354685" lon="-118.5874004"/>
 <node id="4818899563" visible="true" version="1" changeset="48176339" timestamp="2017-04-26T21:48:09Z" user="RichRico" uid="2219338" lat="34.2354683" lon="-118.5876277"/>
 <node id="4818899564" visible="true" version="3" changeset="116850317" timestamp="2022-02-01T06:05:30Z" user="Clarke22" uid="703694" lat="34.2355985" lon="-118.5874001"/>
 <node id="4818899565" visible="true" version="1" changeset="48176339" timestamp="2017-04-26T21:48:09Z" user="RichRico" uid="2219338" lat="34.2358754" lon="-118.5873971"/>
 <node id="4818899566" visible="true" version="3" changeset="116850317" timestamp="2022-02-01T06:05:30Z" user="Clarke22" uid="703694" lat="34.2355980" lon="-118.5876242"/>
 <node id="4818899567" visible="true" version="1" changeset="48176339" timestamp="2017-04-26T21:48:09Z" user="RichRico" uid="2219338" lat="34.2358764" lon="-118.5876184"/>
 <node id="4818899568" visible="true" version="4" changeset="113826979" timestamp="2021-11-15T22:11:12Z" user="Clarke22" uid="703694" lat="34.2363694" lon="-118.5885523"/>
 <node id="4818899570" visible="true" version="3" changeset="116850317" timestamp="2022-02-01T06:05:30Z" user="Clarke22" uid="703694" lat="34.2354685" lon="-118.5877857"/>
 <node id="4818899571" visible="true" version="3" changeset="116850317" timestamp="2022-02-01T06:05:30Z" user="Clarke22" uid="703694" lat="34.2356012" lon="-118.5877865"/>
 <node id="4818899572" visible="true" version="1" changeset="48176339" timestamp="2017-04-26T21:48:09Z" user="RichRico" uid="2219338" lat="34.2360674" lon="-118.5885504"/>
 <node id="5491884258" visible="true" version="2" changeset="73326420" timestamp="2019-08-13T21:58:48Z" user="Clarke22" uid="703694" lat="34.2353043" lon="-118.5866405"/>
 <node id="5491884261" visible="true" version="2" changeset="73326420" timestamp="2019-08-13T21:58:48Z" user="Clarke22" uid="703694" lat="34.2348864" lon="-118.5866386"/>
 <node id="5491884262" visible="true" version="2" changeset="73326420" timestamp="2019-08-13T21:58:48Z" user="Clarke22" uid="703694" lat="34.2348843" lon="-118.5864055"/>
 <node id="5491884263" visible="true" version="2" changeset="73326420" timestamp="2019-08-13T21:58:48Z" user="Clarke22" uid="703694" lat="34.2349370" lon="-118.5863407"/>
 <node id="5491884264" visible="true" version="2" changeset="73326420" timestamp="2019-08-13T21:58:48Z" user="Clarke22" uid="703694" lat="34.2350619" lon="-118.5863408"/>
 <node id="5491884265" visible="true" version="3" changeset="147467492" timestamp="2024-02-14T21:31:27Z" user="Clarke22" uid="703694" lat="34.2350636" lon="-118.5859880"/>
 <node id="5491884266" visible="true" version="3" changeset="147467492" timestamp="2024-02-14T21:31:27Z" user="Clarke22" uid="703694" lat="34.2353022" lon="-118.5859871"/>
 <node id="5544335142" visible="true" version="2" changeset="116850317" timestamp="2022-02-01T06:05:30Z" user="Clarke22" uid="703694" lat="34.2354705" lon="-118.5853303"/>
 <node id="5544335145" visible="true" version="2" changeset="114935156" timestamp="2021-12-14T18:32:58Z" user="Clarke22" uid="703694" lat="34.2348445" lon="-118.5885514"/>
 <node id="5544335146" visible="true" version="2" changeset="116047811" timestamp="2022-01-12T03:34:17Z" user="Clarke22" uid="703694" lat="34.2348528" lon="-118.5882861"/>
 <node id="5544335147" visible="true" version="2" changeset="116047811" timestamp="2022-01-12T03:34:17Z" user="Clarke22" uid="703694" lat="34.2348759" lon="-118.5882087"/>
 <node id="5544335148" visible="true" version="2" changeset="116047811" timestamp="2022-01-12T03:34:17Z" user="Clarke22" uid="703694" lat="34.2348781" lon="-118.5880253"/>
 <node id="5544335149" visible="true" version="2" changeset="116047811" timestamp="2022-01-12T03:34:17Z" user="Clarke22" uid="703694" lat="34.2352201" lon="-118.5879997"/>
 <node id="5544335150" visible="true" version="1" changeset="57992429" timestamp="2018-04-11T05:51:34Z" user="nakamuraa" uid="8042681" lat="34.2352170" lon="-118.5871930"/>
 <node id="5544335151" visible="true" version="2" changeset="116047811" timestamp="2022-01-12T03:34:17Z" user="Clarke22" uid="703694" lat="34.2352865" lon="-118.5870760"/>
 <node id="5544335152" visible="true" version="2" changeset="116047811" timestamp="2022-01-12T03:34:17Z" user="Clarke22" uid="703694" lat="34.2352844" lon="-118.5868980"/>
 <node id="5544335153" visible="true" version="2" changeset="116047811" timestamp="2022-01-12T03:34:17Z" user="Clarke22" uid="703694" lat="34.2352504" lon="-118.5868657"/>
 <node id="5544335154" visible="true" version="2" changeset="116047811" timestamp="2022-01-12T03:34:17Z" user="Clarke22" uid="703694" lat="34.2350017" lon="-118.5868640"/>
 <node id="5544335155" visible="true" version="2" changeset="116047811" timestamp="2022-01-12T03:34:17Z" user="Clarke22" uid="703694" lat="34.2349698" lon="-118.5868839"/>
 <node id="5544335156" visible="true" version="2" changeset="116047811" timestamp="2022-01-12T03:34:17Z" user="Clarke22" uid="703694" lat="34.2349499" lon="-118.5870221"/>
 <node id="5544335157" visible="true" version="1" changeset="57992429" timestamp="2018-04-11T05:51:34Z" user="nakamuraa" uid="8042681" lat="34.2349732" lon="-118.5870810"/>
 <node id="5544335158" visible="true" version="1" changeset="57992429" timestamp="2018-04-11T05:51:34Z" user="nakamuraa" uid="8042681" lat="34.2349732" lon="-118.5871902"/>
 <node id="5544335159" visible="true" version="1" changeset="57992429" timestamp="2018-04-11T05:51:34Z" user="nakamuraa" uid="8042681" lat="34.2349017" lon="-118.5871887"/>
 <node id="5544335160" visible="true" version="2" changeset="116047811" timestamp="2022-01-12T03:34:17Z" user="Clarke22" uid="703694" lat="34.2348862" lon="-118.5871665"/>
 <node id="5544335161" visible="true" version="2" changeset="116047811" timestamp="2022-01-12T03:34:17Z" user="Clarke22" uid="703694" lat="34.2348747" lon="-118.5867761"/>
 <node id="5544335162" visible="true" version="1" changeset="57992429" timestamp="2018-04-11T05:51:34Z" user="nakamuraa" uid="8042681" lat="34.2354678" lon="-118.5867833"/>
 <node id="5544335163" visible="true" version="1" changeset="57992429" timestamp="2018-04-11T05:51:34Z" user="nakamuraa" uid="8042681" lat="34.2350646" lon="-118.5871912"/>
 <node id="5544335164" visible="true" version="2" changeset="116047811" timestamp="2022-01-12T03:34:17Z" user="Clarke22" uid="703694" lat="34.2350665" lon="-118.5879975"/>
 <node id="5544335165" visible="true" version="2" changeset="116047811" timestamp="2022-01-12T03:34:17Z" user="Clarke22" uid="703694" lat="34.2352913" lon="-118.5881259"/>
 <node id="5544335166" visible="true" version="2" changeset="116047811" timestamp="2022-01-12T03:34:17Z" user="Clarke22" uid="703694" lat="34.2352894" lon="-118.5882580"/>
 <node id="5544335167" visible="true" version="1" changeset="57992429" timestamp="2018-04-11T05:51:34Z" user="nakamuraa" uid="8042681" lat="34.2352280" lon="-118.5883300"/>
 <node id="5544335168" visible="true" version="2" changeset="116047811" timestamp="2022-01-12T03:34:17Z" user="Clarke22" uid="703694" lat="34.2349616" lon="-118.5883263"/>
 <node id="5544335169" visible="true" version="2" changeset="116047811" timestamp="2022-01-12T03:34:17Z" user="Clarke22" uid="703694" lat="34.2349299" lon="-118.5883174"/>
 <node id="5548446084" visible="true" version="1" changeset="58040898" timestamp="2018-04-12T16:45:08Z" user="corb555" uid="2971859" lat="34.2367073" lon="-118.5909189"/>
 <node id="5548446085" visible="true" version="1" changeset="58040898" timestamp="2018-04-12T16:45:08Z" user="corb555" uid="2971859" lat="34.2366188" lon="-118.5910808"/>
 <node id="5548446086" visible="true" version="1" changeset="58040898" timestamp="2018-04-12T16:45:08Z" user="corb555" uid="2971859" lat="34.2365994" lon="-118.5923250"/>
 <node id="5548446087" visible="true" version="1" changeset="58040898" timestamp="2018-04-12T16:45:08Z" user="corb555" uid="2971859" lat="34.2367278" lon="-118.5923845"/>
 <node id="5548446088" visible="true" version="2" changeset="136918202" timestamp="2023-06-03T23:42:51Z" user="Smol_Ame" uid="17331026" lat="34.2381004" lon="-118.5893096"/>
 <node id="5548446089" visible="true" version="2" changeset="136918202" timestamp="2023-06-03T23:42:51Z" user="Smol_Ame" uid="17331026" lat="34.2373597" lon="-118.5893075"/>
 <node id="5548446090" visible="true" version="3" changeset="146805209" timestamp="2024-01-29T05:37:33Z" user="mpatsevich_lyft" uid="12896788" lat="34.2373597" lon="-118.5888594"/>
 <node id="5548446092" visible="true" version="4" changeset="146805209" timestamp="2024-01-29T05:37:33Z" user="mpatsevich_lyft" uid="12896788" lat="34.2373268" lon="-118.5885553"/>
 <node id="5548446093" visible="true" version="2" changeset="136918202" timestamp="2023-06-03T23:42:51Z" user="Smol_Ame" uid="17331026" lat="34.2380465" lon="-118.5888513"/>
 <node id="5548446094" visible="true" version="3" changeset="146805209" timestamp="2024-01-29T05:37:33Z" user="mpatsevich_lyft" uid="12896788" lat="34.2381540" lon="-118.5892946"/>
 <node id="5548446095" visible="true" version="2" changeset="136918202" timestamp="2023-06-03T23:42:51Z" user="Smol_Ame" uid="17331026" lat="34.2376808" lon="-118.5893094"/>
 <node id="5548446096" visible="true" version="1" changeset="58040898" timestamp="2018-04-12T16:45:08Z" user="corb555" uid="2971859" lat="34.2376816" lon="-118.5888504"/>
 <node id="5548446097" visible="true" version="3" changeset="136918202" timestamp="2023-06-03T23:42:51Z" user="Smol_Ame" uid="17331026" lat="34.2376774" lon="-118.5885541"/>
 <node id="5548446098" visible="true" version="4" changeset="113826979" timestamp="2021-11-15T22:11:12Z" user="Clarke22" uid="703694" lat="34.2363569" lon="-118.5885526"/>
 <node id="5548446102" visible="true" version="2" changeset="113826752" timestamp="2021-11-15T22:03:58Z" user="Clarke22" uid="703694" lat="34.2370100" lon="-118.5885551"/>
 <node id="5548446103" visible="true" version="2" changeset="73326420" timestamp="2019-08-13T21:58:48Z" user="Clarke22" uid="703694" lat="34.2370087" lon="-118.5897374"/>
 <node id="5666109305" visible="true" version="1" changeset="59562261" timestamp="2018-06-05T09:11:05Z" user="marthaleena" uid="5659851" lat="34.2365930" lon="-118.5937335"/>
 <node id="5666109306" visible="true" version="2" changeset="113631005" timestamp="2021-11-11T00:50:10Z" user="Clarke22" uid="703694" lat="34.2357428" lon="-118.5926870"/>
 <node id="5666109307" visible="true" version="2" changeset="113631005" timestamp="2021-11-11T00:50:10Z" user="Clarke22" uid="703694" lat="34.2357412" lon="-118.5936012"/>
 <node id="5666109308" visible="true" version="1" changeset="59562261" timestamp="2018-06-05T09:11:05Z" user="marthaleena" uid="5659851" lat="34.2358628" lon="-118.5937388"/>
 <node id="5666109309" visible="true" version="2" changeset="113631005" timestamp="2021-11-11T00:50:10Z" user="Clarke22" uid="703694" lat="34.2358610" lon="-118.5939807"/>
 <node id="5666109310" visible="true" version="1" changeset="59562261" timestamp="2018-06-05T09:11:05Z" user="marthaleena" uid="5659851" lat="34.2354651" lon="-118.5926807"/>
 <node id="5666109311" visible="true" version="1" changeset="59562261" timestamp="2018-06-05T09:11:05Z" user="marthaleena" uid="5659851" lat="34.2354651" lon="-118.5924031"/>
 <node id="6193909209" visible="true" version="2" changeset="114939221" timestamp="2021-12-14T20:45:12Z" user="Clarke22" uid="703694" lat="34.2410321" lon="-118.5958153"/>
 <node id="6215483048" visible="true" version="3" changeset="113631005" timestamp="2021-11-11T00:50:10Z" user="Clarke22" uid="703694" lat="34.2353374" lon="-118.5972024"/>
 <node id="6215483049" visible="true" version="3" changeset="114939221" timestamp="2021-12-14T20:45:12Z" user="Clarke22" uid="703694" lat="34.2353378" lon="-118.5941382"/>
 <node id="6215483050" visible="true" version="3" changeset="113631005" timestamp="2021-11-11T00:50:10Z" user="Clarke22" uid="703694" lat="34.2353290" lon="-118.5940822"/>
 <node id="6215483051" visible="true" version="2" changeset="113631005" timestamp="2021-11-11T00:50:10Z" user="Clarke22" uid="703694" lat="34.2352928" lon="-118.5940725"/>
 <node id="6215483053" visible="true" version="2" changeset="113631005" timestamp="2021-11-11T00:50:10Z" user="Clarke22" uid="703694" lat="34.2335851" lon="-118.5940679"/>
 <node id="6215483054" visible="true" version="2" changeset="113631005" timestamp="2021-11-11T00:50:10Z" user="Clarke22" uid="703694" lat="34.2334336" lon="-118.5940937"/>
 <node id="6215483055" visible="true" version="2" changeset="113631005" timestamp="2021-11-11T00:50:10Z" user="Clarke22" uid="703694" lat="34.2332910" lon="-118.5941432"/>
 <node id="6215483056" visible="true" version="1" changeset="66385494" timestamp="2019-01-17T06:47:12Z" user="Clarke22" uid="703694" lat="34.2331747" lon="-118.5942048"/>
 <node id="6215483057" visible="true" version="1" changeset="66385494" timestamp="2019-01-17T06:47:12Z" user="Clarke22" uid="703694" lat="34.2330483" lon="-118.5943041"/>
 <node id="6215483058" visible="true" version="2" changeset="113631005" timestamp="2021-11-11T00:50:10Z" user="Clarke22" uid="703694" lat="34.2328931" lon="-118.5944659"/>
 <node id="6215483059" visible="true" version="1" changeset="66385494" timestamp="2019-01-17T06:47:12Z" user="Clarke22" uid="703694" lat="34.2326880" lon="-118.5947466"/>
 <node id="6215483060" visible="true" version="1" changeset="66385494" timestamp="2019-01-17T06:47:12Z" user="Clarke22" uid="703694" lat="34.2325893" lon="-118.5948552"/>
 <node id="6215483061" visible="true" version="1" changeset="66385494" timestamp="2019-01-17T06:47:12Z" user="Clarke22" uid="703694" lat="34.2324452" lon="-118.5949786"/>
 <node id="6215483062" visible="true" version="1" changeset="66385494" timestamp="2019-01-17T06:47:12Z" user="Clarke22" uid="703694" lat="34.2323032" lon="-118.5950618"/>
 <node id="6215483063" visible="true" version="1" changeset="66385494" timestamp="2019-01-17T06:47:12Z" user="Clarke22" uid="703694" lat="34.2321735" lon="-118.5951248"/>
 <node id="6215483064" visible="true" version="1" changeset="66385494" timestamp="2019-01-17T06:47:12Z" user="Clarke22" uid="703694" lat="34.2318564" lon="-118.5951838"/>
 <node id="6215483065" visible="true" version="3" changeset="147465346" timestamp="2024-02-14T20:14:55Z" user="Clarke22" uid="703694" lat="34.2295794" lon="-118.5951850"/>
 <node id="6215483066" visible="true" version="1" changeset="66385494" timestamp="2019-01-17T06:47:12Z" user="Clarke22" uid="703694" lat="34.2285926" lon="-118.5951812"/>
 <node id="6215483068" visible="true" version="4" changeset="113631005" timestamp="2021-11-11T00:50:10Z" user="Clarke22" uid="703694" lat="34.2283136" lon="-118.5951868"/>
 <node id="6234385309" visible="true" version="4" changeset="114939221" timestamp="2021-12-14T20:45:12Z" user="Clarke22" uid="703694" lat="34.2353403" lon="-118.5906407"/>
 <node id="6234385312" visible="true" version="2" changeset="73960749" timestamp="2019-09-01T00:52:15Z" user="Clarke22" uid="703694" lat="34.2331387" lon="-118.5887031"/>
 <node id="6234385316" visible="true" version="2" changeset="113631005" timestamp="2021-11-11T00:50:10Z" user="Clarke22" uid="703694" lat="34.2336089" lon="-118.5938911"/>
 <node id="6234385317" visible="true" version="3" changeset="113631490" timestamp="2021-11-11T01:28:06Z" user="Clarke22" uid="703694" lat="34.2352807" lon="-118.5938952"/>
 <node id="6234385318" visible="true" version="4" changeset="113631490" timestamp="2021-11-11T01:28:06Z" user="Clarke22" uid="703694" lat="34.2353305" lon="-118.5938823"/>
 <node id="6234385319" visible="true" version="4" changeset="114939221" timestamp="2021-12-14T20:45:12Z" user="Clarke22" uid="703694" lat="34.2353395" lon="-118.5908383"/>
 <node id="6234385321" visible="true" version="1" changeset="66613339" timestamp="2019-01-24T20:39:11Z" user="Clarke22" uid="703694" lat="34.2343256" lon="-118.5908168"/>
 <node id="6234385322" visible="true" version="4" changeset="114938542" timestamp="2021-12-14T20:21:48Z" user="Clarke22" uid="703694" lat="34.2331551" lon="-118.5908234"/>
 <node id="6234385376" visible="true" version="2" changeset="113631005" timestamp="2021-11-11T00:50:10Z" user="Clarke22" uid="703694" lat="34.2334883" lon="-118.5939076"/>
 <node id="6234385377" visible="true" version="1" changeset="66613339" timestamp="2019-01-24T20:39:12Z" user="Clarke22" uid="703694" lat="34.2332826" lon="-118.5939656"/>
 <node id="6234385379" visible="true" version="2" changeset="113631005" timestamp="2021-11-11T00:50:10Z" user="Clarke22" uid="703694" lat="34.2329796" lon="-118.5941318"/>
 <node id="6234385590" visible="true" version="2" changeset="113631005" timestamp="2021-11-11T00:50:10Z" user="Clarke22" uid="703694" lat="34.2362767" lon="-118.5908096"/>
 <node id="6234385592" visible="true" version="3" changeset="113631005" timestamp="2021-11-11T00:50:10Z" user="Clarke22" uid="703694" lat="34.2355975" lon="-118.5908261"/>
 <node id="6234385595" visible="true" version="2" changeset="73960749" timestamp="2019-09-01T00:52:15Z" user="Clarke22" uid="703694" lat="34.2358614" lon="-118.5938907"/>
 <node id="6234385596" visible="true" version="2" changeset="113631005" timestamp="2021-11-11T00:50:10Z" user="Clarke22" uid="703694" lat="34.2365926" lon="-118.5938910"/>
 <node id="6234385597" visible="true" version="2" changeset="113631005" timestamp="2021-11-11T00:50:10Z" user="Clarke22" uid="703694" lat="34.2372670" lon="-118.5939115"/>
 <node id="6234385598" visible="true" version="1" changeset="66613339" timestamp="2019-01-24T20:39:12Z" user="Clarke22" uid="703694" lat="34.2375563" lon="-118.5939921"/>
 <node id="6234385599" visible="true" version="1" changeset="66613339" timestamp="2019-01-24T20:39:12Z" user="Clarke22" uid="703694" lat="34.2402719" lon="-118.5950247"/>
 <node id="6234385600" visible="true" version="1" changeset="66613339" timestamp="2019-01-24T20:39:12Z" user="Clarke22" uid="703694" lat="34.2404702" lon="-118.5951385"/>
 <node id="6234385601" visible="true" version="2" changeset="114939221" timestamp="2021-12-14T20:45:12Z" user="Clarke22" uid="703694" lat="34.2406103" lon="-118.5952440"/>
 <node id="6234385602" visible="true" version="2" changeset="114939221" timestamp="2021-12-14T20:45:12Z" user="Clarke22" uid="703694" lat="34.2410892" lon="-118.5957576"/>
 <node id="6234385605" visible="true" version="2" changeset="113631005" timestamp="2021-11-11T00:50:10Z" user="Clarke22" uid="703694" lat="34.2373393" lon="-118.5941160"/>
 <node id="6234385606" visible="true" version="3" changeset="114939221" timestamp="2021-12-14T20:45:12Z" user="Clarke22" uid="703694" lat="34.2372528" lon="-118.5940950"/>
 <node id="6234385607" visible="true" version="2" changeset="73960749" timestamp="2019-09-01T00:52:15Z" user="Clarke22" uid="703694" lat="34.2365925" lon="-118.5940721"/>
 <node id="6234385608" visible="true" version="3" changeset="113631005" timestamp="2021-11-11T00:50:10Z" user="Clarke22" uid="703694" lat="34.2355916" lon="-118.5940819"/>
 <node id="6234385610" visible="true" version="3" changeset="114939221" timestamp="2021-12-14T20:45:12Z" user="Clarke22" uid="703694" lat="34.2355901" lon="-118.5959947"/>
 <node id="6234385612" visible="true" version="2" changeset="114939221" timestamp="2021-12-14T20:45:12Z" user="Clarke22" uid="703694" lat="34.2365881" lon="-118.5960061"/>
 <node id="6234385615" visible="true" version="2" changeset="114939221" timestamp="2021-12-14T20:45:12Z" user="Clarke22" uid="703694" lat="34.2408428" lon="-118.5957388"/>
 <node id="6234385616" visible="true" version="2" changeset="114939221" timestamp="2021-12-14T20:45:12Z" user="Clarke22" uid="703694" lat="34.2405711" lon="-118.5954394"/>
 <node id="6234385620" visible="true" version="4" changeset="113826752" timestamp="2021-11-15T22:03:58Z" user="Clarke22" uid="703694" lat="34.2392550" lon="-118.5887140">
  <tag k="railway" v="crossing"/>
 </node>
 <node id="6234385621" visible="true" version="2" changeset="114939221" timestamp="2021-12-14T20:45:12Z" user="Clarke22" uid="703694" lat="34.2383328" lon="-118.5887149"/>
 <node id="6234385622" visible="true" version="4" changeset="136918202" timestamp="2023-06-03T23:42:51Z" user="Smol_Ame" uid="17331026" lat="34.2383633" lon="-118.5897482"/>
 <node id="6234385623" visible="true" version="4" changeset="136918202" timestamp="2023-06-03T23:42:51Z" user="Smol_Ame" uid="17331026" lat="34.2382548" lon="-118.5892631"/>
 <node id="6234385624" visible="true" version="4" changeset="136918202" timestamp="2023-06-03T23:42:51Z" user="Smol_Ame" uid="17331026" lat="34.2382079" lon="-118.5890273"/>
 <node id="6234385627" visible="true" version="4" changeset="136918202" timestamp="2023-06-03T23:42:51Z" user="Smol_Ame" uid="17331026" lat="34.2376795" lon="-118.5887071"/>
 <node id="6234385628" visible="true" version="6" changeset="146805209" timestamp="2024-01-29T05:37:33Z" user="mpatsevich_lyft" uid="12896788" lat="34.2373291" lon="-118.5887108"/>
 <node id="6234385629" visible="true" version="3" changeset="113826979" timestamp="2021-11-15T22:11:12Z" user="Clarke22" uid="703694" lat="34.2370116" lon="-118.5887127"/>
 <node id="6234385630" visible="true" version="3" changeset="114939221" timestamp="2021-12-14T20:45:12Z" user="Clarke22" uid="703694" lat="34.2363585" lon="-118.5887145"/>
 <node id="6234385633" visible="true" version="3" changeset="113631005" timestamp="2021-11-11T00:50:10Z" user="Clarke22" uid="703694" lat="34.2355972" lon="-118.5906495"/>
 <node id="6234385634" visible="true" version="3" changeset="116850317" timestamp="2022-02-01T06:05:30Z" user="Clarke22" uid="703694" lat="34.2370694" lon="-118.5843091"/>
 <node id="6234385635" visible="true" version="3" changeset="116850317" timestamp="2022-02-01T06:05:30Z" user="Clarke22" uid="703694" lat="34.2362103" lon="-118.5843028"/>
 <node id="6234385638" visible="true" version="3" changeset="116850317" timestamp="2022-02-01T06:05:30Z" user="Clarke22" uid="703694" lat="34.2355994" lon="-118.5849933"/>
 <node id="6234385641" visible="true" version="3" changeset="114939221" timestamp="2021-12-14T20:45:12Z" user="Clarke22" uid="703694" lat="34.2360656" lon="-118.5883965"/>
 <node id="6234385642" visible="true" version="3" changeset="114939221" timestamp="2021-12-14T20:45:12Z" user="Clarke22" uid="703694" lat="34.2363698" lon="-118.5883998"/>
 <node id="6234385643" visible="true" version="4" changeset="114939221" timestamp="2021-12-14T20:45:12Z" user="Clarke22" uid="703694" lat="34.2367565" lon="-118.5884035"/>
 <node id="6234385645" visible="true" version="5" changeset="116047811" timestamp="2022-01-12T03:34:17Z" user="Clarke22" uid="703694" lat="34.2371550" lon="-118.5883483"/>
 <node id="6234385646" visible="true" version="2" changeset="116850317" timestamp="2022-02-01T06:05:30Z" user="Clarke22" uid="703694" lat="34.2371504" lon="-118.5843780"/>
 <node id="6234587786" visible="true" version="1" changeset="66614249" timestamp="2019-01-24T21:22:30Z" user="Clarke22" uid="703694" lat="34.2296519" lon="-118.5883937"/>
 <node id="6234587787" visible="true" version="1" changeset="66614249" timestamp="2019-01-24T21:22:30Z" user="Clarke22" uid="703694" lat="34.2298588" lon="-118.5883964"/>
 <node id="6234587788" visible="true" version="1" changeset="66614249" timestamp="2019-01-24T21:22:30Z" user="Clarke22" uid="703694" lat="34.2304861" lon="-118.5883911"/>
 <node id="6234587789" visible="true" version="4" changeset="147465346" timestamp="2024-02-14T20:14:55Z" user="Clarke22" uid="703694" lat="34.2306192" lon="-118.5883887"/>
 <node id="6234587790" visible="true" version="2" changeset="147465346" timestamp="2024-02-14T20:14:55Z" user="Clarke22" uid="703694" lat="34.2313926" lon="-118.5883913"/>
 <node id="6234587791" visible="true" version="1" changeset="66614249" timestamp="2019-01-24T21:22:30Z" user="Clarke22" uid="703694" lat="34.2339621" lon="-118.5883991"/>
 <node id="6234587792" visible="true" version="1" changeset="66614249" timestamp="2019-01-24T21:22:30Z" user="Clarke22" uid="703694" lat="34.2348470" lon="-118.5883910"/>
 <node id="6234587795" visible="true" version="5" changeset="167513884" timestamp="2025-06-12T01:55:56Z" user="Clarke22" uid="703694" lat="34.2353456" lon="-118.5867820"/>
 <node id="6234587796" visible="true" version="3" changeset="116047811" timestamp="2022-01-12T03:34:17Z" user="Clarke22" uid="703694" lat="34.2353409" lon="-118.5853292"/>
 <node id="6285507207" visible="true" version="1" changeset="67305190" timestamp="2019-02-18T08:01:36Z" user="Clarke22" uid="703694" lat="34.2381868" lon="-118.5872645"/>
 <node id="6285507212" visible="true" version="3" changeset="113631490" timestamp="2021-11-11T01:28:06Z" user="Clarke22" uid="703694" lat="34.2391946" lon="-118.5884054">
  <tag k="railway" v="crossing"/>
 </node>
 <node id="6403173295" visible="true" version="5" changeset="114942625" timestamp="2021-12-14T23:17:48Z" user="Clarke22" uid="703694" lat="34.2283296" lon="-118.5883834"/>
 <node id="6403173348" visible="true" version="5" changeset="116849698" timestamp="2022-02-01T05:43:54Z" user="Clarke22" uid="703694" lat="34.2356048" lon="-118.5843153"/>
 <node id="6403173354" visible="true" version="3" changeset="116047811" timestamp="2022-01-12T03:34:17Z" user="Clarke22" uid="703694" lat="34.2353357" lon="-118.5843140"/>
 <node id="6403173359" visible="true" version="3" changeset="116047811" timestamp="2022-01-12T03:34:17Z" user="Clarke22" uid="703694" lat="34.2373109" lon="-118.5870783"/>
 <node id="6403173362" visible="true" version="3" changeset="116047811" timestamp="2022-01-12T03:34:17Z" user="Clarke22" uid="703694" lat="34.2373100" lon="-118.5855809"/>
 <node id="6403173368" visible="true" version="2" changeset="116850317" timestamp="2022-02-01T06:05:30Z" user="Clarke22" uid="703694" lat="34.2371148" lon="-118.5843282"/>
 <node id="6403173372" visible="true" version="2" changeset="85469158" timestamp="2020-05-20T02:23:17Z" user="Clarke22" uid="703694" lat="34.2372383" lon="-118.5842968"/>
 <node id="6403173533" visible="true" version="3" changeset="116047811" timestamp="2022-01-12T03:34:17Z" user="Clarke22" uid="703694" lat="34.2373118" lon="-118.5871777"/>
 <node id="6403173534" visible="true" version="3" changeset="116047811" timestamp="2022-01-12T03:34:17Z" user="Clarke22" uid="703694" lat="34.2373113" lon="-118.5872781"/>
 <node id="6438868535" visible="true" version="2" changeset="113631005" timestamp="2021-11-11T00:50:10Z" user="Clarke22" uid="703694" lat="34.2349524" lon="-118.5939783"/>
 <node id="6438868536" visible="true" version="2" changeset="113631005" timestamp="2021-11-11T00:50:10Z" user="Clarke22" uid="703694" lat="34.2349472" lon="-118.5940713"/>
 <node id="6438868537" visible="true" version="2" changeset="113631005" timestamp="2021-11-11T00:50:10Z" user="Clarke22" uid="703694" lat="34.2349422" lon="-118.5946277"/>
 <node id="6438868538" visible="true" version="1" changeset="69736939" timestamp="2019-04-30T14:26:10Z" user="payelgh" uid="8683377" lat="34.2340262" lon="-118.5946233"/>
 <node id="6438868540" visible="true" version="2" changeset="113631005" timestamp="2021-11-11T00:50:10Z" user="Clarke22" uid="703694" lat="34.2340265" lon="-118.5941745"/>
 <node id="6438868541" visible="true" version="2" changeset="113631005" timestamp="2021-11-11T00:50:10Z" user="Clarke22" uid="703694" lat="34.2344636" lon="-118.5941715"/>
 <node id="6438868542" visible="true" version="2" changeset="113631005" timestamp="2021-11-11T00:50:10Z" user="Clarke22" uid="703694" lat="34.2349463" lon="-118.5941773"/>
 <node id="6438868543" visible="true" version="2" changeset="113631005" timestamp="2021-11-11T00:50:10Z" user="Clarke22" uid="703694" lat="34.2344658" lon="-118.5939812"/>
 <node id="6438868544" visible="true" version="2" changeset="113631005" timestamp="2021-11-11T00:50:10Z" user="Clarke22" uid="703694" lat="34.2344647" lon="-118.5940693"/>
 <node id="6438868545" visible="true" version="2" changeset="113631005" timestamp="2021-11-11T00:50:10Z" user="Clarke22" uid="703694" lat="34.2344620" lon="-118.5946264"/>
 <node id="6438868546" visible="true" version="2" changeset="113631005" timestamp="2021-11-11T00:50:10Z" user="Clarke22" uid="703694" lat="34.2340265" lon="-118.5940709"/>
 <node id="6438868547" visible="true" version="2" changeset="113631005" timestamp="2021-11-11T00:50:10Z" user="Clarke22" uid="703694" lat="34.2340273" lon="-118.5939791"/>
 <node id="6438868548" visible="true" version="2" changeset="113631005" timestamp="2021-11-11T00:50:10Z" user="Clarke22" uid="703694" lat="34.2352319" lon="-118.5939819"/>
 <node id="6438868549" visible="true" version="3" changeset="113631490" timestamp="2021-11-11T01:28:06Z" user="Clarke22" uid="703694" lat="34.2352321" lon="-118.5940697"/>
 <node id="6438868550" visible="true" version="2" changeset="113631005" timestamp="2021-11-11T00:50:10Z" user="Clarke22" uid="703694" lat="34.2352316" lon="-118.5946128"/>
 <node id="6438868551" visible="true" version="1" changeset="69736939" timestamp="2019-04-30T14:26:10Z" user="payelgh" uid="8683377" lat="34.2322827" lon="-118.5936565"/>
 <node id="6438868563" visible="true" version="2" changeset="113631005" timestamp="2021-11-11T00:50:10Z" user="Clarke22" uid="703694" lat="34.2341630" lon="-118.5932264"/>
 <node id="6438868564" visible="true" version="3" changeset="113631490" timestamp="2021-11-11T01:28:06Z" user="Clarke22" uid="703694" lat="34.2352391" lon="-118.5932272"/>
 <node id="6438868565" visible="true" version="2" changeset="113631490" timestamp="2021-11-11T01:28:06Z" user="Clarke22" uid="703694" lat="34.2352343" lon="-118.5938953"/>
 <node id="6438868566" visible="true" version="1" changeset="69736939" timestamp="2019-04-30T14:26:10Z" user="payelgh" uid="8683377" lat="34.2354651" lon="-118.5932324"/>
 <node id="6438868567" visible="true" version="3" changeset="113631490" timestamp="2021-11-11T01:28:06Z" user="Clarke22" uid="703694" lat="34.2352188" lon="-118.5927811"/>
 <node id="6438868568" visible="true" version="1" changeset="69736939" timestamp="2019-04-30T14:26:10Z" user="payelgh" uid="8683377" lat="34.2348361" lon="-118.5927773"/>
 <node id="6438868569" visible="true" version="2" changeset="113631005" timestamp="2021-11-11T00:50:10Z" user="Clarke22" uid="703694" lat="34.2344615" lon="-118.5927907"/>
 <node id="6438868572" visible="true" version="2" changeset="113631005" timestamp="2021-11-11T00:50:10Z" user="Clarke22" uid="703694" lat="34.2337714" lon="-118.5929256">
  <tag k="traffic_calming" v="bump"/>
 </node>
 <node id="6438868573" visible="true" version="1" changeset="69736939" timestamp="2019-04-30T14:26:10Z" user="payelgh" uid="8683377" lat="34.2333657" lon="-118.5930110"/>
 <node id="6438868574" visible="true" version="1" changeset="69736939" timestamp="2019-04-30T14:26:10Z" user="payelgh" uid="8683377" lat="34.2333099" lon="-118.5930137"/>
 <node id="6438868575" visible="true" version="1" changeset="69736939" timestamp="2019-04-30T14:26:10Z" user="payelgh" uid="8683377" lat="34.2322637" lon="-118.5932621"/>
 <node id="6438868578" visible="true" version="1" changeset="69736939" timestamp="2019-04-30T14:26:10Z" user="payelgh" uid="8683377" lat="34.2331491" lon="-118.5941222"/>
 <node id="6438868580" visible="true" version="2" changeset="113631005" timestamp="2021-11-11T00:50:10Z" user="Clarke22" uid="703694" lat="34.2331216" lon="-118.5940439"/>
 <node id="6438868582" visible="true" version="2" changeset="113631005" timestamp="2021-11-11T00:50:10Z" user="Clarke22" uid="703694" lat="34.2341630" lon="-118.5939761"/>
 <node id="6438868583" visible="true" version="2" changeset="113631005" timestamp="2021-11-11T00:50:10Z" user="Clarke22" uid="703694" lat="34.2341639" lon="-118.5938921"/>
 <node id="6438868584" visible="true" version="2" changeset="113631005" timestamp="2021-11-11T00:50:10Z" user="Clarke22" uid="703694" lat="34.2349618" lon="-118.5932329"/>
 <node id="6438893385" visible="true" version="2" changeset="113631005" timestamp="2021-11-11T00:50:10Z" user="Clarke22" uid="703694" lat="34.2349585" lon="-118.5937644"/>
 <node id="6438893386" visible="true" version="2" changeset="113631005" timestamp="2021-11-11T00:50:10Z" user="Clarke22" uid="703694" lat="34.2345085" lon="-118.5937618"/>
 <node id="6438893387" visible="true" version="2" changeset="113631005" timestamp="2021-11-11T00:50:10Z" user="Clarke22" uid="703694" lat="34.2345105" lon="-118.5932296"/>
 <node id="6438893388" visible="true" version="2" changeset="113631005" timestamp="2021-11-11T00:50:10Z" user="Clarke22" uid="703694" lat="34.2345060" lon="-118.5939804"/>
 <node id="6438893389" visible="true" version="1" changeset="69736939" timestamp="2019-04-30T14:26:10Z" user="payelgh" uid="8683377" lat="34.2345077" lon="-118.5938880"/>
 <node id="6438893390" visible="true" version="2" changeset="113631005" timestamp="2021-11-11T00:50:10Z" user="Clarke22" uid="703694" lat="34.2349561" lon="-118.5938939"/>
 <node id="6438893393" visible="true" version="2" changeset="113631005" timestamp="2021-11-11T00:50:10Z" user="Clarke22" uid="703694" lat="34.2341020" lon="-118.5928562"/>
 <node id="6438893394" visible="true" version="1" changeset="69736939" timestamp="2019-04-30T14:26:10Z" user="payelgh" uid="8683377" lat="34.2354651" lon="-118.5928867"/>
 <node id="6438893395" visible="true" version="2" changeset="114939221" timestamp="2021-12-14T20:45:12Z" user="Clarke22" uid="703694" lat="34.2353412" lon="-118.5928839"/>
 <node id="6438893396" visible="true" version="3" changeset="113631490" timestamp="2021-11-11T01:28:06Z" user="Clarke22" uid="703694" lat="34.2352396" lon="-118.5928792"/>
 <node id="6469450156" visible="true" version="2" changeset="114939221" timestamp="2021-12-14T20:45:12Z" user="Clarke22" uid="703694" lat="34.2387308" lon="-118.5945300"/>
 <node id="6533976645" visible="true" version="4" changeset="116046652" timestamp="2022-01-12T01:43:33Z" user="Clarke22" uid="703694" lat="34.2426185" lon="-118.5887213"/>
 <node id="6533976646" visible="true" version="5" changeset="116045693" timestamp="2022-01-12T00:25:15Z" user="Clarke22" uid="703694" lat="34.2408265" lon="-118.5884050"/>
 <node id="6597658985" visible="true" version="21" changeset="140197766" timestamp="2023-08-21T19:26:53Z" user="secondaryhighway" uid="19233464" lat="34.2369212" lon="-118.5906181">
  <tag k="addr:housenumber" v="9142"/>
  <tag k="addr:postcode" v="91311"/>
  <tag k="addr:street" v="Independence Ave"/>
  <tag k="name" v="IT Creations"/>
  <tag k="name:ru" v="Работа"/>
  <tag k="tourism" v="hostel"/>
 </node>
 <node id="6708752892" visible="true" version="3" changeset="116850317" timestamp="2022-02-01T06:05:30Z" user="Clarke22" uid="703694" lat="34.2364090" lon="-118.5843018"/>
 <node id="6708752893" visible="true" version="1" changeset="73326420" timestamp="2019-08-13T21:58:48Z" user="Clarke22" uid="703694" lat="34.2364039" lon="-118.5862360"/>
 <node id="6708752894" visible="true" version="2" changeset="113631490" timestamp="2021-11-11T01:28:06Z" user="Clarke22" uid="703694" lat="34.2354668" lon="-118.5895789"/>
 <node id="6708752895" visible="true" version="2" changeset="113631490" timestamp="2021-11-11T01:28:06Z" user="Clarke22" uid="703694" lat="34.2355982" lon="-118.5895796"/>
 <node id="6708752896" visible="true" version="1" changeset="73326420" timestamp="2019-08-13T21:58:48Z" user="Clarke22" uid="703694" lat="34.2363665" lon="-118.5895742"/>
 <node id="6708752897" visible="true" version="1" changeset="73326420" timestamp="2019-08-13T21:58:48Z" user="Clarke22" uid="703694" lat="34.2364796" lon="-118.5895997"/>
 <node id="6708752898" visible="true" version="1" changeset="73326420" timestamp="2019-08-13T21:58:48Z" user="Clarke22" uid="703694" lat="34.2369675" lon="-118.5897338"/>
 <node id="6708752899" visible="true" version="1" changeset="73326420" timestamp="2019-08-13T21:58:48Z" user="Clarke22" uid="703694" lat="34.2371126" lon="-118.5897466"/>
 <node id="6708752900" visible="true" version="2" changeset="113631490" timestamp="2021-11-11T01:28:06Z" user="Clarke22" uid="703694" lat="34.2384244" lon="-118.5897310"/>
 <node id="6708752901" visible="true" version="5" changeset="116047811" timestamp="2022-01-12T03:34:17Z" user="Clarke22" uid="703694" lat="34.2371504" lon="-118.5884000"/>
 <node id="6708752902" visible="true" version="5" changeset="114935156" timestamp="2021-12-14T18:32:58Z" user="Clarke22" uid="703694" lat="34.2372283" lon="-118.5884027"/>
 <node id="6708752903" visible="true" version="4" changeset="114935156" timestamp="2021-12-14T18:32:58Z" user="Clarke22" uid="703694" lat="34.2373192" lon="-118.5884008"/>
 <node id="6708752904" visible="true" version="3" changeset="113826752" timestamp="2021-11-15T22:03:58Z" user="Clarke22" uid="703694" lat="34.2372284" lon="-118.5883810">
  <tag k="direction" v="forward"/>
  <tag k="highway" v="stop"/>
 </node>
 <node id="6708752905" visible="true" version="3" changeset="116047811" timestamp="2022-01-12T03:34:17Z" user="Clarke22" uid="703694" lat="34.2382251" lon="-118.5871776"/>
 <node id="6749046962" visible="true" version="1" changeset="73779118" timestamp="2019-08-27T06:24:22Z" user="shushmit" uid="8683370" lat="34.2330477" lon="-118.5883963"/>
 <node id="6762850769" visible="true" version="2" changeset="114939221" timestamp="2021-12-14T20:45:12Z" user="Clarke22" uid="703694" lat="34.2353396" lon="-118.5883923"/>
 <node id="6762850770" visible="true" version="2" changeset="116047811" timestamp="2022-01-12T03:34:17Z" user="Clarke22" uid="703694" lat="34.2354687" lon="-118.5883933"/>
 <node id="6762850771" visible="true" version="1" changeset="73960749" timestamp="2019-09-01T00:52:15Z" user="Clarke22" uid="703694" lat="34.2356074" lon="-118.5883963"/>
 <node id="6762850772" visible="true" version="3" changeset="116047811" timestamp="2022-01-12T03:34:17Z" user="Clarke22" uid="703694" lat="34.2356058" lon="-118.5885500"/>
 <node id="6762850773" visible="true" version="5" changeset="147467492" timestamp="2024-02-14T21:31:27Z" user="Clarke22" uid="703694" lat="34.2356006" lon="-118.5887119"/>
 <node id="6762850774" visible="true" version="2" changeset="147467492" timestamp="2024-02-14T21:31:27Z" user="Clarke22" uid="703694" lat="34.2354687" lon="-118.5887121"/>
 <node id="6762850775" visible="true" version="3" changeset="147467492" timestamp="2024-02-14T21:31:27Z" user="Clarke22" uid="703694" lat="34.2353433" lon="-118.5887141"/>
 <node id="6762850776" visible="true" version="2" changeset="114935156" timestamp="2021-12-14T18:32:58Z" user="Clarke22" uid="703694" lat="34.2353396" lon="-118.5885509"/>
 <node id="6762850778" visible="true" version="3" changeset="114939221" timestamp="2021-12-14T20:45:12Z" user="Clarke22" uid="703694" lat="34.2353402" lon="-118.5907356"/>
 <node id="6762850779" visible="true" version="2" changeset="114939221" timestamp="2021-12-14T20:45:12Z" user="Clarke22" uid="703694" lat="34.2353078" lon="-118.5906481"/>
 <node id="6762850780" visible="true" version="3" changeset="114939221" timestamp="2021-12-14T20:45:12Z" user="Clarke22" uid="703694" lat="34.2353236" lon="-118.5907358">
  <tag k="direction" v="forward"/>
  <tag k="highway" v="stop"/>
 </node>
 <node id="6762850781" visible="true" version="3" changeset="114939221" timestamp="2021-12-14T20:45:12Z" user="Clarke22" uid="703694" lat="34.2356321" lon="-118.5907340">
  <tag k="direction" v="backward"/>
  <tag k="highway" v="stop"/>
 </node>
 <node id="6762850782" visible="true" version="2" changeset="113631005" timestamp="2021-11-11T00:50:10Z" user="Clarke22" uid="703694" lat="34.2355985" lon="-118.5907335"/>
 <node id="6762850783" visible="true" version="2" changeset="113631005" timestamp="2021-11-11T00:50:10Z" user="Clarke22" uid="703694" lat="34.2357114" lon="-118.5908286"/>
 <node id="6762850784" visible="true" version="2" changeset="113631005" timestamp="2021-11-11T00:50:10Z" user="Clarke22" uid="703694" lat="34.2357468" lon="-118.5908117"/>
 <node id="6762872385" visible="true" version="2" changeset="113631005" timestamp="2021-11-11T00:50:10Z" user="Clarke22" uid="703694" lat="34.2364390" lon="-118.5908610"/>
 <node id="6762872387" visible="true" version="2" changeset="113631005" timestamp="2021-11-11T00:50:10Z" user="Clarke22" uid="703694" lat="34.2354651" lon="-118.5938748"/>
 <node id="6762872388" visible="true" version="2" changeset="113631005" timestamp="2021-11-11T00:50:10Z" user="Clarke22" uid="703694" lat="34.2355936" lon="-118.5938846"/>
 <node id="6762872389" visible="true" version="2" changeset="113631005" timestamp="2021-11-11T00:50:10Z" user="Clarke22" uid="703694" lat="34.2355936" lon="-118.5939806"/>
 <node id="6762872390" visible="true" version="2" changeset="113631005" timestamp="2021-11-11T00:50:10Z" user="Clarke22" uid="703694" lat="34.2354649" lon="-118.5940865"/>
 <node id="6762872391" visible="true" version="2" changeset="113631005" timestamp="2021-11-11T00:50:10Z" user="Clarke22" uid="703694" lat="34.2353313" lon="-118.5939830"/>
 <node id="6762872395" visible="true" version="3" changeset="114939221" timestamp="2021-12-14T20:45:12Z" user="Clarke22" uid="703694" lat="34.2353399" lon="-118.5938308"/>
 <node id="6762872502" visible="true" version="2" changeset="114939221" timestamp="2021-12-14T20:45:12Z" user="Clarke22" uid="703694" lat="34.2353400" lon="-118.5932274"/>
 <node id="6762872503" visible="true" version="2" changeset="113631005" timestamp="2021-11-11T00:50:10Z" user="Clarke22" uid="703694" lat="34.2289065" lon="-118.5951834"/>
 <node id="6762872504" visible="true" version="2" changeset="114939221" timestamp="2021-12-14T20:45:12Z" user="Clarke22" uid="703694" lat="34.2392809" lon="-118.5946507"/>
 <node id="6762872513" visible="true" version="2" changeset="114939221" timestamp="2021-12-14T20:45:12Z" user="Clarke22" uid="703694" lat="34.2387126" lon="-118.5946281"/>
 <node id="6762872524" visible="true" version="3" changeset="114938542" timestamp="2021-12-14T20:21:48Z" user="Clarke22" uid="703694" lat="34.2331284" lon="-118.5906397"/>
 <node id="6762872525" visible="true" version="2" changeset="114935156" timestamp="2021-12-14T18:32:58Z" user="Clarke22" uid="703694" lat="34.2331301" lon="-118.5907307"/>
 <node id="6762872526" visible="true" version="1" changeset="73960749" timestamp="2019-09-01T00:52:15Z" user="Clarke22" uid="703694" lat="34.2331295" lon="-118.5908326"/>
 <node id="6762872529" visible="true" version="2" changeset="114935156" timestamp="2021-12-14T18:32:58Z" user="Clarke22" uid="703694" lat="34.2329632" lon="-118.5907329"/>
 <node id="6765384708" visible="true" version="1" changeset="73985423" timestamp="2019-09-02T02:52:27Z" user="Burisma" uid="10261343" lat="34.2343497" lon="-118.5846141"/>
 <node id="6765384709" visible="true" version="2" changeset="147467492" timestamp="2024-02-14T21:31:27Z" user="Clarke22" uid="703694" lat="34.2343491" lon="-118.5843239"/>
 <node id="6765384710" visible="true" version="2" changeset="147467492" timestamp="2024-02-14T21:31:27Z" user="Clarke22" uid="703694" lat="34.2347717" lon="-118.5843252"/>
 <node id="6765384711" visible="true" version="2" changeset="147467492" timestamp="2024-02-14T21:31:27Z" user="Clarke22" uid="703694" lat="34.2347300" lon="-118.5867286"/>
 <node id="6765384712" visible="true" version="2" changeset="147465346" timestamp="2024-02-14T20:14:55Z" user="Clarke22" uid="703694" lat="34.2347715" lon="-118.5883657"/>
 <node id="6765384713" visible="true" version="2" changeset="147467492" timestamp="2024-02-14T21:31:27Z" user="Clarke22" uid="703694" lat="34.2347754" lon="-118.5867293"/>
 <node id="6765384715" visible="true" version="2" changeset="147467492" timestamp="2024-02-14T21:31:27Z" user="Clarke22" uid="703694" lat="34.2347360" lon="-118.5856087"/>
 <node id="6765384716" visible="true" version="2" changeset="147467492" timestamp="2024-02-14T21:31:27Z" user="Clarke22" uid="703694" lat="34.2342112" lon="-118.5856039"/>
 <node id="6765384717" visible="true" version="2" changeset="147465346" timestamp="2024-02-14T20:14:55Z" user="Clarke22" uid="703694" lat="34.2342173" lon="-118.5846117"/>
 <node id="6787665510" visible="true" version="2" changeset="113631005" timestamp="2021-11-11T00:50:10Z" user="Clarke22" uid="703694" lat="34.2353391" lon="-118.5970159"/>
 <node id="6787665525" visible="true" version="2" changeset="114939221" timestamp="2021-12-14T20:45:12Z" user="Clarke22" uid="703694" lat="34.2353352" lon="-118.5960509"/>
 <node id="6787684757" visible="true" version="3" changeset="116045693" timestamp="2022-01-12T00:25:15Z" user="Clarke22" uid="703694" lat="34.2417477" lon="-118.5887174"/>
 <node id="6787684768" visible="true" version="3" changeset="113631490" timestamp="2021-11-11T01:28:06Z" user="Clarke22" uid="703694" lat="34.2408878" lon="-118.5887170"/>
 <node id="6787684781" visible="true" version="2" changeset="114939221" timestamp="2021-12-14T20:45:12Z" user="Clarke22" uid="703694" lat="34.2394014" lon="-118.5884047"/>
 <node id="6787705486" visible="true" version="2" changeset="116047811" timestamp="2022-01-12T03:34:17Z" user="Clarke22" uid="703694" lat="34.2372384" lon="-118.5847120"/>
 <node id="6787705487" visible="true" version="1" changeset="74342773" timestamp="2019-09-11T09:01:14Z" user="desuman" uid="10208972" lat="34.2371658" lon="-118.5847120"/>
 <node id="6787705489" visible="true" version="2" changeset="113631490" timestamp="2021-11-11T01:28:06Z" user="Clarke22" uid="703694" lat="34.2372340" lon="-118.5878550"/>
 <node id="6787705490" visible="true" version="2" changeset="113826752" timestamp="2021-11-15T22:03:58Z" user="Clarke22" uid="703694" lat="34.2373083" lon="-118.5878559"/>
 <node id="6787705491" visible="true" version="1" changeset="74342773" timestamp="2019-09-11T09:01:14Z" user="desuman" uid="10208972" lat="34.2374214" lon="-118.5878613"/>
 <node id="6787705492" visible="true" version="1" changeset="74342773" timestamp="2019-09-11T09:01:14Z" user="desuman" uid="10208972" lat="34.2374249" lon="-118.5882705"/>
 <node id="6787705494" visible="true" version="1" changeset="74342773" timestamp="2019-09-11T09:01:14Z" user="desuman" uid="10208972" lat="34.2373299" lon="-118.5878562">
  <tag k="barrier" v="gate"/>
 </node>
 <node id="6787705495" visible="true" version="1" changeset="74342773" timestamp="2019-09-11T09:01:14Z" user="desuman" uid="10208972" lat="34.2385098" lon="-118.5872893">
  <tag k="barrier" v="gate"/>
 </node>
 <node id="6787705496" visible="true" version="2" changeset="113826752" timestamp="2021-11-15T22:03:58Z" user="Clarke22" uid="703694" lat="34.2385013" lon="-118.5882744"/>
 <node id="6787705497" visible="true" version="2" changeset="113826752" timestamp="2021-11-15T22:03:58Z" user="Clarke22" uid="703694" lat="34.2389676" lon="-118.5882851"/>
 <node id="6787705498" visible="true" version="1" changeset="74342773" timestamp="2019-09-11T09:01:14Z" user="desuman" uid="10208972" lat="34.2384119" lon="-118.5873909"/>
 <node id="6787705499" visible="true" version="1" changeset="74342773" timestamp="2019-09-11T09:01:14Z" user="desuman" uid="10208972" lat="34.2384171" lon="-118.5882793"/>
 <node id="6787705500" visible="true" version="1" changeset="74342773" timestamp="2019-09-11T09:01:14Z" user="desuman" uid="10208972" lat="34.2380691" lon="-118.5882908"/>
 <node id="6787705501" visible="true" version="2" changeset="113826752" timestamp="2021-11-15T22:03:58Z" user="Clarke22" uid="703694" lat="34.2385008" lon="-118.5884079"/>
 <node id="6787705502" visible="true" version="2" changeset="113826752" timestamp="2021-11-15T22:03:58Z" user="Clarke22" uid="703694" lat="34.2385010" lon="-118.5885558"/>
 <node id="6787705503" visible="true" version="1" changeset="74342773" timestamp="2019-09-11T09:01:14Z" user="desuman" uid="10208972" lat="34.2372353" lon="-118.5877270"/>
 <node id="6787705504" visible="true" version="2" changeset="113826752" timestamp="2021-11-15T22:03:58Z" user="Clarke22" uid="703694" lat="34.2373076" lon="-118.5877278"/>
 <node id="6787705505" visible="true" version="1" changeset="74342773" timestamp="2019-09-11T09:01:14Z" user="desuman" uid="10208972" lat="34.2376035" lon="-118.5877201"/>
 <node id="6787705506" visible="true" version="1" changeset="74342773" timestamp="2019-09-11T09:01:14Z" user="desuman" uid="10208972" lat="34.2379952" lon="-118.5877146"/>
 <node id="6787705507" visible="true" version="2" changeset="129381892" timestamp="2022-11-25T20:22:41Z" user="stst415" uid="15080366" lat="34.2373299" lon="-118.5877270">
  <tag k="barrier" v="gate"/>
  <tag k="locked" v="yes"/>
 </node>
 <node id="6787705508" visible="true" version="2" changeset="113826752" timestamp="2021-11-15T22:03:58Z" user="Clarke22" uid="703694" lat="34.2371613" lon="-118.5877260"/>
 <node id="6787705509" visible="true" version="2" changeset="91081906" timestamp="2020-09-18T04:49:30Z" user="akalohri" uid="10127758" lat="34.2365549" lon="-118.5877179"/>
 <node id="6787705510" visible="true" version="2" changeset="114939221" timestamp="2021-12-14T20:45:12Z" user="Clarke22" uid="703694" lat="34.2354679" lon="-118.5898252"/>
 <node id="6787705511" visible="true" version="2" changeset="114939221" timestamp="2021-12-14T20:45:12Z" user="Clarke22" uid="703694" lat="34.2353418" lon="-118.5898234"/>
 <node id="6787705512" visible="true" version="2" changeset="116047811" timestamp="2022-01-12T03:34:17Z" user="Clarke22" uid="703694" lat="34.2337809" lon="-118.5897939"/>
 <node id="6787705513" visible="true" version="1" changeset="74342773" timestamp="2019-09-11T09:01:14Z" user="desuman" uid="10208972" lat="34.2346661" lon="-118.5907335"/>
 <node id="6787705514" visible="true" version="1" changeset="74342773" timestamp="2019-09-11T09:01:14Z" user="desuman" uid="10208972" lat="34.2346647" lon="-118.5906457"/>
 <node id="6787705515" visible="true" version="2" changeset="116047811" timestamp="2022-01-12T03:34:17Z" user="Clarke22" uid="703694" lat="34.2346670" lon="-118.5898021"/>
 <node id="6787705516" visible="true" version="1" changeset="74342773" timestamp="2019-09-11T09:01:14Z" user="desuman" uid="10208972" lat="34.2339159" lon="-118.5907317"/>
 <node id="6787705517" visible="true" version="1" changeset="74342773" timestamp="2019-09-11T09:01:14Z" user="desuman" uid="10208972" lat="34.2339168" lon="-118.5906438"/>
 <node id="6787705520" visible="true" version="2" changeset="116047811" timestamp="2022-01-12T03:34:17Z" user="Clarke22" uid="703694" lat="34.2340091" lon="-118.5900017"/>
 <node id="6787705521" visible="true" version="2" changeset="116047811" timestamp="2022-01-12T03:34:17Z" user="Clarke22" uid="703694" lat="34.2346660" lon="-118.5900025"/>
 <node id="6787705522" visible="true" version="2" changeset="116047811" timestamp="2022-01-12T03:34:17Z" user="Clarke22" uid="703694" lat="34.2352263" lon="-118.5898063"/>
 <node id="6787705523" visible="true" version="2" changeset="116047811" timestamp="2022-01-12T03:34:17Z" user="Clarke22" uid="703694" lat="34.2352302" lon="-118.5901976"/>
 <node id="6787705524" visible="true" version="2" changeset="116047811" timestamp="2022-01-12T03:34:17Z" user="Clarke22" uid="703694" lat="34.2346667" lon="-118.5901986"/>
 <node id="6787705525" visible="true" version="1" changeset="74342773" timestamp="2019-09-11T09:01:14Z" user="desuman" uid="10208972" lat="34.2383640" lon="-118.5894404"/>
 <node id="6787705526" visible="true" version="1" changeset="74342773" timestamp="2019-09-11T09:01:14Z" user="desuman" uid="10208972" lat="34.2390993" lon="-118.5891849"/>
 <node id="6787705527" visible="true" version="1" changeset="74342773" timestamp="2019-09-11T09:01:14Z" user="desuman" uid="10208972" lat="34.2390378" lon="-118.5888330"/>
 <node id="6787705528" visible="true" version="1" changeset="74342773" timestamp="2019-09-11T09:01:14Z" user="desuman" uid="10208972" lat="34.2385241" lon="-118.5888290"/>
 <node id="6787705529" visible="true" version="1" changeset="74342773" timestamp="2019-09-11T09:01:14Z" user="desuman" uid="10208972" lat="34.2386244" lon="-118.5893500"/>
 <node id="6787705530" visible="true" version="1" changeset="74342773" timestamp="2019-09-11T09:01:14Z" user="desuman" uid="10208972" lat="34.2385357" lon="-118.5893808">
  <tag k="barrier" v="gate"/>
 </node>
 <node id="6787897641" visible="true" version="2" changeset="113631005" timestamp="2021-11-11T00:50:10Z" user="Clarke22" uid="703694" lat="34.2383879" lon="-118.5933963"/>
 <node id="6787897642" visible="true" version="2" changeset="113631005" timestamp="2021-11-11T00:50:10Z" user="Clarke22" uid="703694" lat="34.2381736" lon="-118.5942319"/>
 <node id="6787897643" visible="true" version="2" changeset="113631005" timestamp="2021-11-11T00:50:10Z" user="Clarke22" uid="703694" lat="34.2381531" lon="-118.5943152"/>
 <node id="6787897644" visible="true" version="1" changeset="74346467" timestamp="2019-09-11T10:34:23Z" user="chhava" uid="10127773" lat="34.2378465" lon="-118.5939394"/>
 <node id="6787897645" visible="true" version="1" changeset="74346467" timestamp="2019-09-11T10:34:23Z" user="chhava" uid="10127773" lat="34.2382138" lon="-118.5940751"/>
 <node id="6787897646" visible="true" version="1" changeset="74346467" timestamp="2019-09-11T10:34:23Z" user="chhava" uid="10127773" lat="34.2393210" lon="-118.5944951"/>
 <node id="6787897647" visible="true" version="2" changeset="114939221" timestamp="2021-12-14T20:45:12Z" user="Clarke22" uid="703694" lat="34.2388611" lon="-118.5945825"/>
 <node id="6787897648" visible="true" version="2" changeset="114939221" timestamp="2021-12-14T20:45:12Z" user="Clarke22" uid="703694" lat="34.2388824" lon="-118.5944992"/>
 <node id="6787897649" visible="true" version="2" changeset="114939221" timestamp="2021-12-14T20:45:12Z" user="Clarke22" uid="703694" lat="34.2389232" lon="-118.5943465"/>
 <node id="6787897650" visible="true" version="2" changeset="114939221" timestamp="2021-12-14T20:45:12Z" user="Clarke22" uid="703694" lat="34.2378315" lon="-118.5960944"/>
 <node id="6787897651" visible="true" version="2" changeset="114939221" timestamp="2021-12-14T20:45:12Z" user="Clarke22" uid="703694" lat="34.2378326" lon="-118.5960051"/>
 <node id="6787897652" visible="true" version="2" changeset="114939221" timestamp="2021-12-14T20:45:12Z" user="Clarke22" uid="703694" lat="34.2378667" lon="-118.5951328"/>
 <node id="6787897653" visible="true" version="2" changeset="114939221" timestamp="2021-12-14T20:45:12Z" user="Clarke22" uid="703694" lat="34.2382256" lon="-118.5951305"/>
 <node id="6787897654" visible="true" version="2" changeset="113631005" timestamp="2021-11-11T00:50:10Z" user="Clarke22" uid="703694" lat="34.2382260" lon="-118.5944421"/>
 <node id="6787897655" visible="true" version="2" changeset="113631005" timestamp="2021-11-11T00:50:10Z" user="Clarke22" uid="703694" lat="34.2382449" lon="-118.5943506"/>
 <node id="6787897660" visible="true" version="2" changeset="114939221" timestamp="2021-12-14T20:45:12Z" user="Clarke22" uid="703694" lat="34.2378335" lon="-118.5958458"/>
 <node id="6787897663" visible="true" version="2" changeset="114939221" timestamp="2021-12-14T20:45:12Z" user="Clarke22" uid="703694" lat="34.2395453" lon="-118.5949479"/>
 <node id="6787897664" visible="true" version="2" changeset="114939221" timestamp="2021-12-14T20:45:12Z" user="Clarke22" uid="703694" lat="34.2395657" lon="-118.5948481"/>
 <node id="6789880336" visible="true" version="2" changeset="116850317" timestamp="2022-02-01T06:05:30Z" user="Clarke22" uid="703694" lat="34.2354720" lon="-118.5864097"/>
 <node id="6789880337" visible="true" version="3" changeset="116850317" timestamp="2022-02-01T06:05:30Z" user="Clarke22" uid="703694" lat="34.2355995" lon="-118.5864105"/>
 <node id="6789880338" visible="true" version="3" changeset="116850317" timestamp="2022-02-01T06:05:30Z" user="Clarke22" uid="703694" lat="34.2356123" lon="-118.5864113">
  <tag k="barrier" v="gate"/>
 </node>
 <node id="6789880339" visible="true" version="2" changeset="116850317" timestamp="2022-02-01T06:05:30Z" user="Clarke22" uid="703694" lat="34.2357070" lon="-118.5864117"/>
 <node id="6789880340" visible="true" version="2" changeset="116850317" timestamp="2022-02-01T06:05:30Z" user="Clarke22" uid="703694" lat="34.2357025" lon="-118.5872246"/>
 <node id="6789880341" visible="true" version="1" changeset="74381427" timestamp="2019-09-12T07:51:38Z" user="rahuzod" uid="10173459" lat="34.2354678" lon="-118.5867267"/>
 <node id="6789880342" visible="true" version="3" changeset="116850317" timestamp="2022-02-01T06:05:30Z" user="Clarke22" uid="703694" lat="34.2355991" lon="-118.5867267"/>
 <node id="6789880343" visible="true" version="2" changeset="116047811" timestamp="2022-01-12T03:34:17Z" user="Clarke22" uid="703694" lat="34.2356175" lon="-118.5867269">
  <tag k="barrier" v="gate"/>
 </node>
 <node id="6789880344" visible="true" version="2" changeset="116850317" timestamp="2022-02-01T06:05:30Z" user="Clarke22" uid="703694" lat="34.2357042" lon="-118.5867266"/>
 <node id="6789880345" visible="true" version="2" changeset="116047811" timestamp="2022-01-12T03:34:17Z" user="Clarke22" uid="703694" lat="34.2347799" lon="-118.5867727">
  <tag k="barrier" v="gate"/>
 </node>
 <node id="6789880346" visible="true" version="2" changeset="116047811" timestamp="2022-01-12T03:34:17Z" user="Clarke22" uid="703694" lat="34.2348278" lon="-118.5867744"/>
 <node id="6790200976" visible="true" version="1" changeset="74388222" timestamp="2019-09-12T11:07:31Z" user="pillalp" uid="10145805" lat="34.2393251" lon="-118.5923063"/>
 <node id="7165360571" visible="true" version="1" changeset="80171038" timestamp="2020-01-28T04:22:32Z" user="vvvnm" uid="10192117" lat="34.2365646" lon="-118.5908060"/>
 <node id="7165360572" visible="true" version="1" changeset="80171038" timestamp="2020-01-28T04:22:32Z" user="vvvnm" uid="10192117" lat="34.2366559" lon="-118.5906349"/>
 <node id="7165360573" visible="true" version="1" changeset="80171038" timestamp="2020-01-28T04:22:32Z" user="vvvnm" uid="10192117" lat="34.2367397" lon="-118.5903344"/>
 <node id="7165360574" visible="true" version="1" changeset="80171038" timestamp="2020-01-28T04:22:32Z" user="vvvnm" uid="10192117" lat="34.2365211" lon="-118.5902580"/>
 <node id="7165360575" visible="true" version="1" changeset="80171038" timestamp="2020-01-28T04:22:32Z" user="vvvnm" uid="10192117" lat="34.2364714" lon="-118.5906040"/>
 <node id="7165360576" visible="true" version="1" changeset="80171038" timestamp="2020-01-28T04:22:32Z" user="vvvnm" uid="10192117" lat="34.2366248" lon="-118.5906932"/>
 <node id="7165360577" visible="true" version="1" changeset="80171038" timestamp="2020-01-28T04:22:32Z" user="vvvnm" uid="10192117" lat="34.2366211" lon="-118.5907002">
  <tag k="barrier" v="gate"/>
 </node>
 <node id="7165360578" visible="true" version="1" changeset="80171038" timestamp="2020-01-28T04:22:32Z" user="vvvnm" uid="10192117" lat="34.2364709" lon="-118.5907639"/>
 <node id="7165360580" visible="true" version="2" changeset="113631005" timestamp="2021-11-11T00:50:10Z" user="Clarke22" uid="703694" lat="34.2364322" lon="-118.5923102"/>
 <node id="7165360582" visible="true" version="1" changeset="80171038" timestamp="2020-01-28T04:22:32Z" user="vvvnm" uid="10192117" lat="34.2354651" lon="-118.5923890"/>
 <node id="7165360583" visible="true" version="2" changeset="113631005" timestamp="2021-11-11T00:50:10Z" user="Clarke22" uid="703694" lat="34.2357007" lon="-118.5923109"/>
 <node id="7165360584" visible="true" version="2" changeset="113631005" timestamp="2021-11-11T00:50:10Z" user="Clarke22" uid="703694" lat="34.2357111" lon="-118.5910970"/>
 <node id="7165369185" visible="true" version="2" changeset="113631005" timestamp="2021-11-11T00:50:10Z" user="Clarke22" uid="703694" lat="34.2358308" lon="-118.5909504"/>
 <node id="7165369186" visible="true" version="2" changeset="113631005" timestamp="2021-11-11T00:50:10Z" user="Clarke22" uid="703694" lat="34.2359525" lon="-118.5909488"/>
 <node id="7165369187" visible="true" version="2" changeset="113631005" timestamp="2021-11-11T00:50:10Z" user="Clarke22" uid="703694" lat="34.2359539" lon="-118.5908129"/>
 <node id="7165369188" visible="true" version="2" changeset="113631005" timestamp="2021-11-11T00:50:10Z" user="Clarke22" uid="703694" lat="34.2359536" lon="-118.5907354"/>
 <node id="7165369189" visible="true" version="2" changeset="113631005" timestamp="2021-11-11T00:50:10Z" user="Clarke22" uid="703694" lat="34.2364326" lon="-118.5909130">
  <tag k="barrier" v="gate"/>
 </node>
 <node id="7165369190" visible="true" version="2" changeset="113631005" timestamp="2021-11-11T00:50:10Z" user="Clarke22" uid="703694" lat="34.2359529" lon="-118.5908430">
  <tag k="barrier" v="gate"/>
 </node>
 <node id="7165369191" visible="true" version="2" changeset="113631005" timestamp="2021-11-11T00:50:10Z" user="Clarke22" uid="703694" lat="34.2356333" lon="-118.5923488">
  <tag k="barrier" v="gate"/>
 </node>
 <node id="7165369192" visible="true" version="1" changeset="80171038" timestamp="2020-01-28T04:22:32Z" user="vvvnm" uid="10192117" lat="34.2354652" lon="-118.5923380"/>
 <node id="7203243725" visible="true" version="3" changeset="114939221" timestamp="2021-12-14T20:45:12Z" user="Clarke22" uid="703694" lat="34.2353341" lon="-118.5959252"/>
 <node id="7207585809" visible="true" version="1" changeset="80939379" timestamp="2020-02-13T06:38:53Z" user="nehnaaz" uid="10240915" lat="34.2369380" lon="-118.5911575"/>
 <node id="7207585810" visible="true" version="1" changeset="80939379" timestamp="2020-02-13T06:38:53Z" user="nehnaaz" uid="10240915" lat="34.2370558" lon="-118.5909350"/>
 <node id="7207585811" visible="true" version="1" changeset="80939379" timestamp="2020-02-13T06:38:53Z" user="nehnaaz" uid="10240915" lat="34.2373501" lon="-118.5903877"/>
 <node id="7207585812" visible="true" version="1" changeset="80939379" timestamp="2020-02-13T06:38:53Z" user="nehnaaz" uid="10240915" lat="34.2374112" lon="-118.5902506"/>
 <node id="7207585813" visible="true" version="1" changeset="80939379" timestamp="2020-02-13T06:38:53Z" user="nehnaaz" uid="10240915" lat="34.2374112" lon="-118.5901890"/>
 <node id="7207585814" visible="true" version="1" changeset="80939379" timestamp="2020-02-13T06:38:53Z" user="nehnaaz" uid="10240915" lat="34.2372558" lon="-118.5900596"/>
 <node id="7207585815" visible="true" version="1" changeset="80939379" timestamp="2020-02-13T06:38:53Z" user="nehnaaz" uid="10240915" lat="34.2369955" lon="-118.5910483"/>
 <node id="7207585816" visible="true" version="1" changeset="80939379" timestamp="2020-02-13T06:38:53Z" user="nehnaaz" uid="10240915" lat="34.2372227" lon="-118.5912550"/>
 <node id="7207585817" visible="true" version="1" changeset="80939379" timestamp="2020-02-13T06:38:53Z" user="nehnaaz" uid="10240915" lat="34.2372584" lon="-118.5913059"/>
 <node id="7207585818" visible="true" version="1" changeset="80939379" timestamp="2020-02-13T06:38:53Z" user="nehnaaz" uid="10240915" lat="34.2368267" lon="-118.5907467"/>
 <node id="7207585819" visible="true" version="1" changeset="80939379" timestamp="2020-02-13T06:38:53Z" user="nehnaaz" uid="10240915" lat="34.2369345" lon="-118.5908353"/>
 <node id="7207585820" visible="true" version="1" changeset="80939379" timestamp="2020-02-13T06:38:53Z" user="nehnaaz" uid="10240915" lat="34.2367998" lon="-118.5910146"/>
 <node id="7207585821" visible="true" version="1" changeset="80939379" timestamp="2020-02-13T06:38:53Z" user="nehnaaz" uid="10240915" lat="34.2373121" lon="-118.5913590"/>
 <node id="7207585822" visible="true" version="1" changeset="80939379" timestamp="2020-02-13T06:38:53Z" user="nehnaaz" uid="10240915" lat="34.2374589" lon="-118.5914708"/>
 <node id="7207585823" visible="true" version="1" changeset="80939379" timestamp="2020-02-13T06:38:53Z" user="nehnaaz" uid="10240915" lat="34.2375188" lon="-118.5914977"/>
 <node id="7207585824" visible="true" version="1" changeset="80939379" timestamp="2020-02-13T06:38:53Z" user="nehnaaz" uid="10240915" lat="34.2374788" lon="-118.5916039"/>
 <node id="7207585825" visible="true" version="1" changeset="80939379" timestamp="2020-02-13T06:38:53Z" user="nehnaaz" uid="10240915" lat="34.2372572" lon="-118.5914667"/>
 <node id="7238001301" visible="true" version="1" changeset="81385275" timestamp="2020-02-24T04:43:29Z" user="gohimans" uid="10145709" lat="34.2357710" lon="-118.5960908"/>
 <node id="7238001302" visible="true" version="1" changeset="81385275" timestamp="2020-02-24T04:43:29Z" user="gohimans" uid="10145709" lat="34.2357710" lon="-118.5960020"/>
 <node id="7238001303" visible="true" version="2" changeset="113631005" timestamp="2021-11-11T00:50:10Z" user="Clarke22" uid="703694" lat="34.2357742" lon="-118.5940743"/>
 <node id="7238001304" visible="true" version="2" changeset="113631005" timestamp="2021-11-11T00:50:10Z" user="Clarke22" uid="703694" lat="34.2357746" lon="-118.5939813"/>
 <node id="7238001305" visible="true" version="2" changeset="113631005" timestamp="2021-11-11T00:50:10Z" user="Clarke22" uid="703694" lat="34.2357698" lon="-118.5959122"/>
 <node id="7259833411" visible="true" version="2" changeset="114939221" timestamp="2021-12-14T20:45:12Z" user="Clarke22" uid="703694" lat="34.2399133" lon="-118.5949794"/>
 <node id="7259833412" visible="true" version="1" changeset="81706146" timestamp="2020-03-03T03:34:02Z" user="inagans" uid="10192109" lat="34.2399359" lon="-118.5948969"/>
 <node id="7388915912" visible="true" version="2" changeset="114939221" timestamp="2021-12-14T20:45:12Z" user="Clarke22" uid="703694" lat="34.2411407" lon="-118.5959501"/>
 <node id="7456049996" visible="true" version="1" changeset="84237630" timestamp="2020-04-28T05:49:28Z" user="amzmkuma" uid="10145719" lat="34.2371409" lon="-118.5897467"/>
 <node id="7456049997" visible="true" version="3" changeset="158592018" timestamp="2024-10-31T17:56:24Z" user="GenSao" uid="14679343" lat="34.2371963" lon="-118.5893081"/>
 <node id="7463194163" visible="true" version="1" changeset="84338599" timestamp="2020-04-29T12:21:22Z" user="amzmkuma" uid="10145719" lat="34.2393513" lon="-118.5923162"/>
 <node id="7539501405" visible="true" version="1" changeset="85469158" timestamp="2020-05-20T02:23:17Z" user="Clarke22" uid="703694" lat="34.2382600" lon="-118.5887154"/>
 <node id="7539501406" visible="true" version="3" changeset="136918202" timestamp="2023-06-03T23:42:51Z" user="Smol_Ame" uid="17331026" lat="34.2381462" lon="-118.5885559"/>
 <node id="7539501407" visible="true" version="3" changeset="114935156" timestamp="2021-12-14T18:32:58Z" user="Clarke22" uid="703694" lat="34.2381823" lon="-118.5887175"/>
 <node id="7539501408" visible="true" version="3" changeset="114939221" timestamp="2021-12-14T20:45:12Z" user="Clarke22" uid="703694" lat="34.2381144" lon="-118.5884067"/>
 <node id="7539501409" visible="true" version="2" changeset="116047811" timestamp="2022-01-12T03:34:17Z" user="Clarke22" uid="703694" lat="34.2373332" lon="-118.5871772">
  <tag k="direction" v="backward"/>
  <tag k="highway" v="stop"/>
 </node>
 <node id="7540860193" visible="true" version="1" changeset="85494007" timestamp="2020-05-20T10:50:52Z" user="dyellak" uid="10086276" lat="34.2385954" lon="-118.5905052"/>
 <node id="7540860194" visible="true" version="1" changeset="85494007" timestamp="2020-05-20T10:50:52Z" user="dyellak" uid="10086276" lat="34.2384237" lon="-118.5904982">
  <tag k="barrier" v="gate"/>
 </node>
 <node id="7540860195" visible="true" version="1" changeset="85494007" timestamp="2020-05-20T10:50:52Z" user="dyellak" uid="10086276" lat="34.2379220" lon="-118.5904750"/>
 <node id="7889188202" visible="true" version="2" changeset="114939221" timestamp="2021-12-14T20:45:12Z" user="Clarke22" uid="703694" lat="34.2402358" lon="-118.5952115"/>
 <node id="7889188203" visible="true" version="2" changeset="114939221" timestamp="2021-12-14T20:45:12Z" user="Clarke22" uid="703694" lat="34.2402561" lon="-118.5951186"/>
 <node id="7907614031" visible="true" version="1" changeset="90900725" timestamp="2020-09-15T06:09:02Z" user="panchis1" uid="10327368" lat="34.2354652" lon="-118.5923156"/>
 <node id="7907614032" visible="true" version="2" changeset="113631490" timestamp="2021-11-11T01:28:06Z" user="Clarke22" uid="703694" lat="34.2352130" lon="-118.5923279"/>
 <node id="7907614033" visible="true" version="2" changeset="113631490" timestamp="2021-11-11T01:28:06Z" user="Clarke22" uid="703694" lat="34.2352386" lon="-118.5915436"/>
 <node id="7907614034" visible="true" version="1" changeset="90900725" timestamp="2020-09-15T06:09:02Z" user="panchis1" uid="10327368" lat="34.2354660" lon="-118.5915476"/>
 <node id="7907614035" visible="true" version="3" changeset="114939221" timestamp="2021-12-14T20:45:12Z" user="Clarke22" uid="703694" lat="34.2353435" lon="-118.5915446">
  <tag k="highway" v="crossing"/>
 </node>
 <node id="7907614036" visible="true" version="3" changeset="114939221" timestamp="2021-12-14T20:45:12Z" user="Clarke22" uid="703694" lat="34.2353405" lon="-118.5923210">
  <tag k="highway" v="crossing"/>
 </node>
 <node id="7907614037" visible="true" version="1" changeset="90900725" timestamp="2020-09-15T06:09:02Z" user="panchis1" uid="10327368" lat="34.2348134" lon="-118.5907335"/>
 <node id="7907614040" visible="true" version="1" changeset="90900725" timestamp="2020-09-15T06:09:02Z" user="panchis1" uid="10327368" lat="34.2348129" lon="-118.5908168">
  <tag k="highway" v="crossing"/>
 </node>
 <node id="7907614041" visible="true" version="2" changeset="116047811" timestamp="2022-01-12T03:34:17Z" user="Clarke22" uid="703694" lat="34.2352294" lon="-118.5900050"/>
 <node id="7907614043" visible="true" version="2" changeset="116047811" timestamp="2022-01-12T03:34:17Z" user="Clarke22" uid="703694" lat="34.2340082" lon="-118.5901995"/>
 <node id="7907614044" visible="true" version="2" changeset="113826752" timestamp="2021-11-15T22:03:58Z" user="Clarke22" uid="703694" lat="34.2360447" lon="-118.5885504"/>
 <node id="7907614046" visible="true" version="2" changeset="114939221" timestamp="2021-12-14T20:45:12Z" user="Clarke22" uid="703694" lat="34.2360400" lon="-118.5894641"/>
 <node id="7907614047" visible="true" version="2" changeset="114939221" timestamp="2021-12-14T20:45:12Z" user="Clarke22" uid="703694" lat="34.2354688" lon="-118.5893729"/>
 <node id="7907614048" visible="true" version="4" changeset="147467492" timestamp="2024-02-14T21:31:27Z" user="Clarke22" uid="703694" lat="34.2360478" lon="-118.5887087">
  <tag k="highway" v="crossing"/>
 </node>
 <node id="7907614049" visible="true" version="3" changeset="114939221" timestamp="2021-12-14T20:45:12Z" user="Clarke22" uid="703694" lat="34.2355984" lon="-118.5893740">
  <tag k="highway" v="crossing"/>
 </node>
 <node id="7907614050" visible="true" version="3" changeset="147467492" timestamp="2024-02-14T21:31:27Z" user="Clarke22" uid="703694" lat="34.2360472" lon="-118.5893059"/>
 <node id="7907614053" visible="true" version="2" changeset="114939221" timestamp="2021-12-14T20:45:12Z" user="Clarke22" uid="703694" lat="34.2356510" lon="-118.5893759"/>
 <node id="7907614054" visible="true" version="2" changeset="114939221" timestamp="2021-12-14T20:45:12Z" user="Clarke22" uid="703694" lat="34.2356504" lon="-118.5892964"/>
 <node id="7907654090" visible="true" version="3" changeset="114939221" timestamp="2021-12-14T20:45:12Z" user="Clarke22" uid="703694" lat="34.2353352" lon="-118.5956470">
  <tag k="highway" v="crossing"/>
 </node>
 <node id="7907654096" visible="true" version="2" changeset="113631005" timestamp="2021-11-11T00:50:10Z" user="Clarke22" uid="703694" lat="34.2337342" lon="-118.5939763"/>
 <node id="7907654098" visible="true" version="2" changeset="113631005" timestamp="2021-11-11T00:50:10Z" user="Clarke22" uid="703694" lat="34.2337338" lon="-118.5940654">
  <tag k="highway" v="crossing"/>
 </node>
 <node id="7919018091" visible="true" version="1" changeset="91081906" timestamp="2020-09-18T04:49:30Z" user="akalohri" uid="10127758" lat="34.2365145" lon="-118.5876842"/>
 <node id="7919018092" visible="true" version="1" changeset="91081906" timestamp="2020-09-18T04:49:30Z" user="akalohri" uid="10127758" lat="34.2365073" lon="-118.5870514"/>
 <node id="7919018095" visible="true" version="2" changeset="113631490" timestamp="2021-11-11T01:28:06Z" user="Clarke22" uid="703694" lat="34.2355994" lon="-118.5854590"/>
 <node id="7919018098" visible="true" version="1" changeset="91081906" timestamp="2020-09-18T04:49:30Z" user="akalohri" uid="10127758" lat="34.2354671" lon="-118.5856510"/>
 <node id="7919018100" visible="true" version="2" changeset="116850317" timestamp="2022-02-01T06:05:30Z" user="Clarke22" uid="703694" lat="34.2354694" lon="-118.5854570"/>
 <node id="7919018101" visible="true" version="1" changeset="91081906" timestamp="2020-09-18T04:49:30Z" user="akalohri" uid="10127758" lat="34.2356854" lon="-118.5854448"/>
 <node id="7919018102" visible="true" version="2" changeset="116047811" timestamp="2022-01-12T03:34:17Z" user="Clarke22" uid="703694" lat="34.2356855" lon="-118.5856388"/>
 <node id="7919018103" visible="true" version="1" changeset="91081906" timestamp="2020-09-18T04:49:30Z" user="akalohri" uid="10127758" lat="34.2356908" lon="-118.5862177"/>
 <node id="7919018104" visible="true" version="1" changeset="91081906" timestamp="2020-09-18T04:49:30Z" user="akalohri" uid="10127758" lat="34.2356671" lon="-118.5862554"/>
 <node id="7919018105" visible="true" version="3" changeset="116850317" timestamp="2022-02-01T06:05:30Z" user="Clarke22" uid="703694" lat="34.2356004" lon="-118.5862635"/>
 <node id="7919018106" visible="true" version="2" changeset="116850317" timestamp="2022-02-01T06:05:30Z" user="Clarke22" uid="703694" lat="34.2354704" lon="-118.5862652"/>
 <node id="7919436039" visible="true" version="2" changeset="114939221" timestamp="2021-12-14T20:45:12Z" user="Clarke22" uid="703694" lat="34.2393953" lon="-118.5948908"/>
 <node id="7919436040" visible="true" version="2" changeset="114939221" timestamp="2021-12-14T20:45:12Z" user="Clarke22" uid="703694" lat="34.2394146" lon="-118.5947930"/>
 <node id="7920118240" visible="true" version="1" changeset="91109162" timestamp="2020-09-18T11:20:30Z" user="arehaan" uid="10208962" lat="34.2380898" lon="-118.5918376"/>
 <node id="7920118241" visible="true" version="1" changeset="91109162" timestamp="2020-09-18T11:20:30Z" user="arehaan" uid="10208962" lat="34.2381484" lon="-118.5916306">
  <tag k="barrier" v="gate"/>
 </node>
 <node id="7920118242" visible="true" version="1" changeset="91109162" timestamp="2020-09-18T11:20:30Z" user="arehaan" uid="10208962" lat="34.2382368" lon="-118.5913188"/>
 <node id="7920118243" visible="true" version="1" changeset="91109162" timestamp="2020-09-18T11:20:30Z" user="arehaan" uid="10208962" lat="34.2383033" lon="-118.5911133"/>
 <node id="7920118244" visible="true" version="1" changeset="91109162" timestamp="2020-09-18T11:20:30Z" user="arehaan" uid="10208962" lat="34.2383047" lon="-118.5910904"/>
 <node id="7920118245" visible="true" version="1" changeset="91109162" timestamp="2020-09-18T11:20:30Z" user="arehaan" uid="10208962" lat="34.2382960" lon="-118.5910728"/>
 <node id="7920118246" visible="true" version="1" changeset="91109162" timestamp="2020-09-18T11:20:30Z" user="arehaan" uid="10208962" lat="34.2380877" lon="-118.5909865"/>
 <node id="7930448833" visible="true" version="1" changeset="91270355" timestamp="2020-09-22T07:16:46Z" user="vbbukka" uid="10159579" lat="34.2389954" lon="-118.5913028"/>
 <node id="7930448834" visible="true" version="1" changeset="91270355" timestamp="2020-09-22T07:16:46Z" user="vbbukka" uid="10159579" lat="34.2389657" lon="-118.5914372"/>
 <node id="7930448835" visible="true" version="1" changeset="91270355" timestamp="2020-09-22T07:16:46Z" user="vbbukka" uid="10159579" lat="34.2389044" lon="-118.5914094"/>
 <node id="7930448836" visible="true" version="1" changeset="91270355" timestamp="2020-09-22T07:16:46Z" user="vbbukka" uid="10159579" lat="34.2388163" lon="-118.5914117"/>
 <node id="7930448837" visible="true" version="1" changeset="91270355" timestamp="2020-09-22T07:16:46Z" user="vbbukka" uid="10159579" lat="34.2387138" lon="-118.5913770"/>
 <node id="7930448838" visible="true" version="1" changeset="91270355" timestamp="2020-09-22T07:16:46Z" user="vbbukka" uid="10159579" lat="34.2386774" lon="-118.5913862"/>
 <node id="7930448839" visible="true" version="1" changeset="91270355" timestamp="2020-09-22T07:16:46Z" user="vbbukka" uid="10159579" lat="34.2385731" lon="-118.5913446"/>
 <node id="7930448840" visible="true" version="1" changeset="91270355" timestamp="2020-09-22T07:16:46Z" user="vbbukka" uid="10159579" lat="34.2386971" lon="-118.5911775">
  <tag k="barrier" v="gate"/>
 </node>
 <node id="7930448841" visible="true" version="1" changeset="91270355" timestamp="2020-09-22T07:16:46Z" user="vbbukka" uid="10159579" lat="34.2386515" lon="-118.5913752">
  <tag k="barrier" v="gate"/>
 </node>
 <node id="7933799096" visible="true" version="2" changeset="114939221" timestamp="2021-12-14T20:45:12Z" user="Clarke22" uid="703694" lat="34.2378327" lon="-118.5951813"/>
 <node id="8333128963" visible="true" version="1" changeset="97676510" timestamp="2021-01-18T07:27:15Z" user="harsmula" uid="11759464" lat="34.2286856" lon="-118.5883877"/>
 <node id="8333128974" visible="true" version="1" changeset="97676510" timestamp="2021-01-18T07:27:15Z" user="harsmula" uid="11759464" lat="34.2290424" lon="-118.5883897"/>
 <node id="9242076648" visible="true" version="3" changeset="125063722" timestamp="2022-08-18T13:54:28Z" user="stst415" uid="15080366" lat="34.2282130" lon="-118.5930898"/>
 <node id="9242076665" visible="true" version="2" changeset="114939221" timestamp="2021-12-14T20:45:12Z" user="Clarke22" uid="703694" lat="34.2353390" lon="-118.5949026"/>
 <node id="9242076668" visible="true" version="1" changeset="113631005" timestamp="2021-11-11T00:50:10Z" user="Clarke22" uid="703694" lat="34.2357727" lon="-118.5951840">
  <tag k="traffic_calming" v="bump"/>
 </node>
 <node id="9242076669" visible="true" version="1" changeset="113631005" timestamp="2021-11-11T00:50:10Z" user="Clarke22" uid="703694" lat="34.2357701" lon="-118.5954292">
  <tag k="traffic_calming" v="bump"/>
 </node>
 <node id="9242076670" visible="true" version="1" changeset="113631005" timestamp="2021-11-11T00:50:10Z" user="Clarke22" uid="703694" lat="34.2357015" lon="-118.5911248"/>
 <node id="9242076671" visible="true" version="2" changeset="114939221" timestamp="2021-12-14T20:45:12Z" user="Clarke22" uid="703694" lat="34.2374708" lon="-118.5941572"/>
 <node id="9242076672" visible="true" version="1" changeset="113631005" timestamp="2021-11-11T00:50:10Z" user="Clarke22" uid="703694" lat="34.2370971" lon="-118.5940818"/>
 <node id="9242076673" visible="true" version="1" changeset="113631005" timestamp="2021-11-11T00:50:10Z" user="Clarke22" uid="703694" lat="34.2373933" lon="-118.5939422"/>
 <node id="9242076674" visible="true" version="1" changeset="113631005" timestamp="2021-11-11T00:50:10Z" user="Clarke22" uid="703694" lat="34.2371254" lon="-118.5938940"/>
 <node id="9242076675" visible="true" version="1" changeset="113631005" timestamp="2021-11-11T00:50:10Z" user="Clarke22" uid="703694" lat="34.2371005" lon="-118.5937332"/>
 <node id="9242076676" visible="true" version="1" changeset="113631005" timestamp="2021-11-11T00:50:10Z" user="Clarke22" uid="703694" lat="34.2372996" lon="-118.5937547"/>
 <node id="9242076677" visible="true" version="1" changeset="113631005" timestamp="2021-11-11T00:50:10Z" user="Clarke22" uid="703694" lat="34.2374220" lon="-118.5937917"/>
 <node id="9242076678" visible="true" version="1" changeset="113631005" timestamp="2021-11-11T00:50:10Z" user="Clarke22" uid="703694" lat="34.2377267" lon="-118.5938963"/>
 <node id="9242076679" visible="true" version="1" changeset="113631005" timestamp="2021-11-11T00:50:10Z" user="Clarke22" uid="703694" lat="34.2342620" lon="-118.5928212"/>
 <node id="9242076696" visible="true" version="1" changeset="113631005" timestamp="2021-11-11T00:50:10Z" user="Clarke22" uid="703694" lat="34.2334008" lon="-118.5939227"/>
 <node id="9242132947" visible="true" version="2" changeset="116047811" timestamp="2022-01-12T03:34:17Z" user="Clarke22" uid="703694" lat="34.2371566" lon="-118.5882780"/>
 <node id="9242132949" visible="true" version="1" changeset="113631490" timestamp="2021-11-11T01:28:06Z" user="Clarke22" uid="703694" lat="34.2353108" lon="-118.5908280"/>
 <node id="9242132951" visible="true" version="1" changeset="113631490" timestamp="2021-11-11T01:28:06Z" user="Clarke22" uid="703694" lat="34.2352073" lon="-118.5915691"/>
 <node id="9254685930" visible="true" version="2" changeset="113826979" timestamp="2021-11-15T22:11:12Z" user="Clarke22" uid="703694" lat="34.2388778" lon="-118.5884029"/>
 <node id="9254685931" visible="true" version="2" changeset="114939221" timestamp="2021-12-14T20:45:12Z" user="Clarke22" uid="703694" lat="34.2373085" lon="-118.5883347"/>
 <node id="9254690860" visible="true" version="1" changeset="113826979" timestamp="2021-11-15T22:11:12Z" user="Clarke22" uid="703694" lat="34.2396077" lon="-118.5884034"/>
 <node id="9338636573" visible="true" version="1" changeset="114939221" timestamp="2021-12-14T20:45:12Z" user="Clarke22" uid="703694" lat="34.2407699" lon="-118.5953866"/>
 <node id="9338636574" visible="true" version="1" changeset="114939221" timestamp="2021-12-14T20:45:12Z" user="Clarke22" uid="703694" lat="34.2408721" lon="-118.5954921"/>
 <node id="9338636576" visible="true" version="1" changeset="114939221" timestamp="2021-12-14T20:45:12Z" user="Clarke22" uid="703694" lat="34.2408315" lon="-118.5957017"/>
 <node id="9338636578" visible="true" version="1" changeset="114939221" timestamp="2021-12-14T20:45:12Z" user="Clarke22" uid="703694" lat="34.2407041" lon="-118.5955582"/>
 <node id="9338636579" visible="true" version="1" changeset="114939221" timestamp="2021-12-14T20:45:12Z" user="Clarke22" uid="703694" lat="34.2403594" lon="-118.5952878"/>
 <node id="9338636584" visible="true" version="1" changeset="114939221" timestamp="2021-12-14T20:45:12Z" user="Clarke22" uid="703694" lat="34.2353361" lon="-118.5954747"/>
 <node id="9338636585" visible="true" version="1" changeset="114939221" timestamp="2021-12-14T20:45:12Z" user="Clarke22" uid="703694" lat="34.2356529" lon="-118.5894617"/>
 <node id="9338636587" visible="true" version="2" changeset="136918202" timestamp="2023-06-03T23:42:51Z" user="Smol_Ame" uid="17331026" lat="34.2381964" lon="-118.5889213"/>
 <node id="9411478995" visible="true" version="3" changeset="152051943" timestamp="2024-05-30T19:29:30Z" user="TheDutchMan13" uid="1330847" lat="34.2382603" lon="-118.5887325">
  <tag k="direction" v="backward"/>
  <tag k="highway" v="traffic_signals"/>
  <tag k="traffic_signals" v="traffic_lights"/>
  <tag k="traffic_signals:direction" v="backward"/>
 </node>
 <node id="9411653590" visible="true" version="2" changeset="116849698" timestamp="2022-02-01T05:43:54Z" user="Clarke22" uid="703694" lat="34.2356468" lon="-118.5843039"/>
 <node id="9411653593" visible="true" version="1" changeset="116047811" timestamp="2022-01-12T03:34:17Z" user="Clarke22" uid="703694" lat="34.2366906" lon="-118.5864307"/>
 <node id="9411653594" visible="true" version="1" changeset="116047811" timestamp="2022-01-12T03:34:17Z" user="Clarke22" uid="703694" lat="34.2368950" lon="-118.5863776"/>
 <node id="9411653595" visible="true" version="1" changeset="116047811" timestamp="2022-01-12T03:34:17Z" user="Clarke22" uid="703694" lat="34.2371633" lon="-118.5863901"/>
 <node id="9411653596" visible="true" version="1" changeset="116047811" timestamp="2022-01-12T03:34:17Z" user="Clarke22" uid="703694" lat="34.2372395" lon="-118.5863916"/>
 <node id="9411653597" visible="true" version="1" changeset="116047811" timestamp="2022-01-12T03:34:17Z" user="Clarke22" uid="703694" lat="34.2372397" lon="-118.5862567"/>
 <node id="9411653598" visible="true" version="1" changeset="116047811" timestamp="2022-01-12T03:34:17Z" user="Clarke22" uid="703694" lat="34.2371635" lon="-118.5862559"/>
 <node id="9411653599" visible="true" version="1" changeset="116047811" timestamp="2022-01-12T03:34:17Z" user="Clarke22" uid="703694" lat="34.2370839" lon="-118.5861683"/>
 <node id="9411653600" visible="true" version="1" changeset="116047811" timestamp="2022-01-12T03:34:17Z" user="Clarke22" uid="703694" lat="34.2370854" lon="-118.5859767"/>
 <node id="9411653601" visible="true" version="1" changeset="116047811" timestamp="2022-01-12T03:34:17Z" user="Clarke22" uid="703694" lat="34.2371621" lon="-118.5859600"/>
 <node id="9411653602" visible="true" version="1" changeset="116047811" timestamp="2022-01-12T03:34:17Z" user="Clarke22" uid="703694" lat="34.2372400" lon="-118.5859600"/>
 <node id="9411653603" visible="true" version="1" changeset="116047811" timestamp="2022-01-12T03:34:17Z" user="Clarke22" uid="703694" lat="34.2372398" lon="-118.5851840"/>
 <node id="9411653604" visible="true" version="1" changeset="116047811" timestamp="2022-01-12T03:34:17Z" user="Clarke22" uid="703694" lat="34.2371644" lon="-118.5851840"/>
 <node id="9411653606" visible="true" version="1" changeset="116047811" timestamp="2022-01-12T03:34:17Z" user="Clarke22" uid="703694" lat="34.2371628" lon="-118.5857299"/>
 <node id="9411653610" visible="true" version="1" changeset="116047811" timestamp="2022-01-12T03:34:17Z" user="Clarke22" uid="703694" lat="34.2372403" lon="-118.5857307"/>
 <node id="9411653611" visible="true" version="1" changeset="116047811" timestamp="2022-01-12T03:34:17Z" user="Clarke22" uid="703694" lat="34.2370996" lon="-118.5870733"/>
 <node id="9411653612" visible="true" version="1" changeset="116047811" timestamp="2022-01-12T03:34:17Z" user="Clarke22" uid="703694" lat="34.2371623" lon="-118.5870733"/>
 <node id="9411653613" visible="true" version="1" changeset="116047811" timestamp="2022-01-12T03:34:17Z" user="Clarke22" uid="703694" lat="34.2372388" lon="-118.5870740"/>
 <node id="9411653614" visible="true" version="1" changeset="116047811" timestamp="2022-01-12T03:34:17Z" user="Clarke22" uid="703694" lat="34.2371052" lon="-118.5872997"/>
 <node id="9411653615" visible="true" version="1" changeset="116047811" timestamp="2022-01-12T03:34:17Z" user="Clarke22" uid="703694" lat="34.2371619" lon="-118.5873024"/>
 <node id="9411653616" visible="true" version="1" changeset="116047811" timestamp="2022-01-12T03:34:17Z" user="Clarke22" uid="703694" lat="34.2372378" lon="-118.5873088"/>
 <node id="9411678417" visible="true" version="1" changeset="116047811" timestamp="2022-01-12T03:34:17Z" user="Clarke22" uid="703694" lat="34.2370949" lon="-118.5875167"/>
 <node id="9411678418" visible="true" version="1" changeset="116047811" timestamp="2022-01-12T03:34:17Z" user="Clarke22" uid="703694" lat="34.2371616" lon="-118.5875152"/>
 <node id="9411678419" visible="true" version="1" changeset="116047811" timestamp="2022-01-12T03:34:17Z" user="Clarke22" uid="703694" lat="34.2372366" lon="-118.5875167"/>
 <node id="9411678472" visible="true" version="1" changeset="116047811" timestamp="2022-01-12T03:34:17Z" user="Clarke22" uid="703694" lat="34.2348768" lon="-118.5868308">
  <tag k="direction" v="backward"/>
  <tag k="highway" v="stop"/>
 </node>
 <node id="9411678473" visible="true" version="1" changeset="116047811" timestamp="2022-01-12T03:34:17Z" user="Clarke22" uid="703694" lat="34.2352722" lon="-118.5871164"/>
 <node id="9411678474" visible="true" version="1" changeset="116047811" timestamp="2022-01-12T03:34:17Z" user="Clarke22" uid="703694" lat="34.2349509" lon="-118.5869219"/>
 <node id="9411678475" visible="true" version="1" changeset="116047811" timestamp="2022-01-12T03:34:17Z" user="Clarke22" uid="703694" lat="34.2349583" lon="-118.5870486"/>
 <node id="9411678476" visible="true" version="1" changeset="116047811" timestamp="2022-01-12T03:34:17Z" user="Clarke22" uid="703694" lat="34.2349702" lon="-118.5870675"/>
 <node id="9411678477" visible="true" version="1" changeset="116047811" timestamp="2022-01-12T03:34:17Z" user="Clarke22" uid="703694" lat="34.2352718" lon="-118.5868773"/>
 <node id="9411678478" visible="true" version="2" changeset="167513884" timestamp="2025-06-12T01:55:56Z" user="Clarke22" uid="703694" lat="34.2353450" lon="-118.5871749"/>
 <node id="9411678479" visible="true" version="1" changeset="116047811" timestamp="2022-01-12T03:34:17Z" user="Clarke22" uid="703694" lat="34.2352295" lon="-118.5870729"/>
 <node id="9411678480" visible="true" version="1" changeset="116047811" timestamp="2022-01-12T03:34:17Z" user="Clarke22" uid="703694" lat="34.2352218" lon="-118.5870480"/>
 <node id="9411678481" visible="true" version="1" changeset="116047811" timestamp="2022-01-12T03:34:17Z" user="Clarke22" uid="703694" lat="34.2354683" lon="-118.5875937"/>
 <node id="9411678482" visible="true" version="2" changeset="167513884" timestamp="2025-06-12T01:55:56Z" user="Clarke22" uid="703694" lat="34.2353441" lon="-118.5875928"/>
 <node id="9411678483" visible="true" version="1" changeset="116047811" timestamp="2022-01-12T03:34:17Z" user="Clarke22" uid="703694" lat="34.2352222" lon="-118.5875918"/>
 <node id="9411678484" visible="true" version="1" changeset="116047811" timestamp="2022-01-12T03:34:17Z" user="Clarke22" uid="703694" lat="34.2352871" lon="-118.5881003"/>
 <node id="9411678485" visible="true" version="1" changeset="116047811" timestamp="2022-01-12T03:34:17Z" user="Clarke22" uid="703694" lat="34.2352693" lon="-118.5883083"/>
 <node id="9411678486" visible="true" version="1" changeset="116047811" timestamp="2022-01-12T03:34:17Z" user="Clarke22" uid="703694" lat="34.2348878" lon="-118.5880067"/>
 <node id="9411678487" visible="true" version="1" changeset="116047811" timestamp="2022-01-12T03:34:17Z" user="Clarke22" uid="703694" lat="34.2347990" lon="-118.5878850"/>
 <node id="9411678488" visible="true" version="1" changeset="116047811" timestamp="2022-01-12T03:34:17Z" user="Clarke22" uid="703694" lat="34.2349483" lon="-118.5878767"/>
 <node id="9411678489" visible="true" version="1" changeset="116047811" timestamp="2022-01-12T03:34:17Z" user="Clarke22" uid="703694" lat="34.2349483" lon="-118.5873138"/>
 <node id="9411678490" visible="true" version="1" changeset="116047811" timestamp="2022-01-12T03:34:17Z" user="Clarke22" uid="703694" lat="34.2347934" lon="-118.5873130"/>
 <node id="9411678491" visible="true" version="1" changeset="116047811" timestamp="2022-01-12T03:34:17Z" user="Clarke22" uid="703694" lat="34.2352525" lon="-118.5870353"/>
 <node id="9411678492" visible="true" version="1" changeset="116047811" timestamp="2022-01-12T03:34:17Z" user="Clarke22" uid="703694" lat="34.2352563" lon="-118.5869087"/>
 <node id="9411678493" visible="true" version="1" changeset="116047811" timestamp="2022-01-12T03:34:17Z" user="Clarke22" uid="703694" lat="34.2351521" lon="-118.5869109"/>
 <node id="9411678494" visible="true" version="1" changeset="116047811" timestamp="2022-01-12T03:34:17Z" user="Clarke22" uid="703694" lat="34.2351521" lon="-118.5868927"/>
 <node id="9411678495" visible="true" version="1" changeset="116047811" timestamp="2022-01-12T03:34:17Z" user="Clarke22" uid="703694" lat="34.2350612" lon="-118.5868965"/>
 <node id="9411678496" visible="true" version="1" changeset="116047811" timestamp="2022-01-12T03:34:17Z" user="Clarke22" uid="703694" lat="34.2350612" lon="-118.5870414"/>
 <node id="9411678497" visible="true" version="1" changeset="116047811" timestamp="2022-01-12T03:34:17Z" user="Clarke22" uid="703694" lat="34.2351785" lon="-118.5882962"/>
 <node id="9411678498" visible="true" version="1" changeset="116047811" timestamp="2022-01-12T03:34:17Z" user="Clarke22" uid="703694" lat="34.2351779" lon="-118.5881680"/>
 <node id="9411678499" visible="true" version="1" changeset="116047811" timestamp="2022-01-12T03:34:17Z" user="Clarke22" uid="703694" lat="34.2349552" lon="-118.5881672"/>
 <node id="9411678500" visible="true" version="1" changeset="116047811" timestamp="2022-01-12T03:34:17Z" user="Clarke22" uid="703694" lat="34.2349627" lon="-118.5882939"/>
 <node id="9411678504" visible="true" version="1" changeset="116047811" timestamp="2022-01-12T03:34:17Z" user="Clarke22" uid="703694" lat="34.2349756" lon="-118.5898039">
  <tag k="traffic_calming" v="bump"/>
 </node>
 <node id="9465121169" visible="true" version="1" changeset="116850317" timestamp="2022-02-01T06:05:30Z" user="Clarke22" uid="703694" lat="34.2371633" lon="-118.5844418"/>
 <node id="9950037218" visible="true" version="3" changeset="133020314" timestamp="2023-02-25T20:00:23Z" user="Clarke22" uid="703694" lat="34.1952254" lon="-118.5811491"/>
 <node id="9950037219" visible="true" version="4" changeset="133020314" timestamp="2023-02-25T20:00:23Z" user="Clarke22" uid="703694" lat="34.1951598" lon="-118.5810281"/>
 <node id="9950037220" visible="true" version="5" changeset="133020314" timestamp="2023-02-25T20:00:23Z" user="Clarke22" uid="703694" lat="34.1951956" lon="-118.5807101"/>
 <node id="9950037228" visible="true" version="3" changeset="133020314" timestamp="2023-02-25T20:00:23Z" user="Clarke22" uid="703694" lat="34.1952853" lon="-118.5809632"/>
 <node id="9950037229" visible="true" version="1" changeset="124832939" timestamp="2022-08-12T20:15:44Z" user="stst415" uid="15080366" lat="34.1953582" lon="-118.5810837"/>
 <node id="9950037230" visible="true" version="1" changeset="124832939" timestamp="2022-08-12T20:15:44Z" user="stst415" uid="15080366" lat="34.1956145" lon="-118.5814370"/>
 <node id="9950037231" visible="true" version="2" changeset="130928543" timestamp="2023-01-06T00:30:09Z" user="Clarke22" uid="703694" lat="34.1958408" lon="-118.5816768"/>
 <node id="9950037232" visible="true" version="2" changeset="130928543" timestamp="2023-01-06T00:30:09Z" user="Clarke22" uid="703694" lat="34.1960528" lon="-118.5818943"/>
 <node id="9950037233" visible="true" version="2" changeset="130928543" timestamp="2023-01-06T00:30:09Z" user="Clarke22" uid="703694" lat="34.1957676" lon="-118.5818410"/>
 <node id="9950037234" visible="true" version="2" changeset="130928543" timestamp="2023-01-06T00:30:09Z" user="Clarke22" uid="703694" lat="34.1955674" lon="-118.5815941"/>
 <node id="9950037237" visible="true" version="2" changeset="130928543" timestamp="2023-01-06T00:30:09Z" user="Clarke22" uid="703694" lat="34.1963490" lon="-118.5823739"/>
 <node id="9950037238" visible="true" version="1" changeset="124832939" timestamp="2022-08-12T20:15:44Z" user="stst415" uid="15080366" lat="34.1960615" lon="-118.5821427"/>
 <node id="9950037239" visible="true" version="2" changeset="132906321" timestamp="2023-02-23T03:35:38Z" user="Clarke22" uid="703694" lat="34.1964719" lon="-118.5822313"/>
 <node id="9950037240" visible="true" version="1" changeset="124832939" timestamp="2022-08-12T20:15:44Z" user="stst415" uid="15080366" lat="34.1965817" lon="-118.5825289"/>
 <node id="9950037241" visible="true" version="2" changeset="130928543" timestamp="2023-01-06T00:30:09Z" user="Clarke22" uid="703694" lat="34.1968549" lon="-118.5824789"/>
 <node id="9950037242" visible="true" version="2" changeset="130928543" timestamp="2023-01-06T00:30:09Z" user="Clarke22" uid="703694" lat="34.1968717" lon="-118.5826906"/>
 <node id="9956799450" visible="true" version="1" changeset="124967907" timestamp="2022-08-16T11:36:10Z" user="vrynkevich_lyft" uid="11904280" lat="34.2393658" lon="-118.5906268"/>
 <node id="9956799451" visible="true" version="1" changeset="124967907" timestamp="2022-08-16T11:36:10Z" user="vrynkevich_lyft" uid="11904280" lat="34.2395040" lon="-118.5912385"/>
 <node id="9956799452" visible="true" version="1" changeset="124967907" timestamp="2022-08-16T11:36:10Z" user="vrynkevich_lyft" uid="11904280" lat="34.2391922" lon="-118.5912155"/>
 <node id="9956799453" visible="true" version="1" changeset="124967907" timestamp="2022-08-16T11:36:10Z" user="vrynkevich_lyft" uid="11904280" lat="34.2391616" lon="-118.5911154"/>
 <node id="9956799454" visible="true" version="1" changeset="124967907" timestamp="2022-08-16T11:36:10Z" user="vrynkevich_lyft" uid="11904280" lat="34.2391134" lon="-118.5910337"/>
 <node id="9956799455" visible="true" version="1" changeset="124967907" timestamp="2022-08-16T11:36:10Z" user="vrynkevich_lyft" uid="11904280" lat="34.2390399" lon="-118.5906982"/>
 <node id="9956799458" visible="true" version="1" changeset="124967907" timestamp="2022-08-16T11:36:10Z" user="vrynkevich_lyft" uid="11904280" lat="34.2388822" lon="-118.5907327"/>
 <node id="9956799459" visible="true" version="1" changeset="124967907" timestamp="2022-08-16T11:36:10Z" user="vrynkevich_lyft" uid="11904280" lat="34.2389291" lon="-118.5909949"/>
 <node id="9956799460" visible="true" version="1" changeset="124967907" timestamp="2022-08-16T11:36:10Z" user="vrynkevich_lyft" uid="11904280" lat="34.2388603" lon="-118.5909954">
  <tag k="barrier" v="gate"/>
 </node>
 <node id="9958311526" visible="true" version="1" changeset="124996689" timestamp="2022-08-17T03:17:39Z" user="stst415" uid="15080366" lat="34.1970679" lon="-118.5827790"/>
 <node id="9958311527" visible="true" version="1" changeset="124996689" timestamp="2022-08-17T03:17:39Z" user="stst415" uid="15080366" lat="34.1971262" lon="-118.5825958"/>
 <node id="9960646863" visible="true" version="2" changeset="130928543" timestamp="2023-01-06T00:30:09Z" user="Clarke22" uid="703694" lat="34.1977881" lon="-118.5830198"/>
 <node id="9960646864" visible="true" version="2" changeset="130928543" timestamp="2023-01-06T00:30:09Z" user="Clarke22" uid="703694" lat="34.1981370" lon="-118.5828912"/>
 <node id="9960646865" visible="true" version="1" changeset="125040713" timestamp="2022-08-18T03:02:28Z" user="stst415" uid="15080366" lat="34.1974460" lon="-118.5827263"/>
 <node id="9960646866" visible="true" version="2" changeset="130928543" timestamp="2023-01-06T00:30:09Z" user="Clarke22" uid="703694" lat="34.1984253" lon="-118.5831069"/>
 <node id="9960646867" visible="true" version="2" changeset="130928543" timestamp="2023-01-06T00:30:09Z" user="Clarke22" uid="703694" lat="34.1984324" lon="-118.5829110"/>
 <node id="9960646872" visible="true" version="2" changeset="130928543" timestamp="2023-01-06T00:30:09Z" user="Clarke22" uid="703694" lat="34.2008512" lon="-118.5831135"/>
 <node id="9960646873" visible="true" version="2" changeset="130928543" timestamp="2023-01-06T00:30:09Z" user="Clarke22" uid="703694" lat="34.2008422" lon="-118.5829152"/>
 <node id="9960646874" visible="true" version="2" changeset="130928543" timestamp="2023-01-06T00:30:09Z" user="Clarke22" uid="703694" lat="34.2012538" lon="-118.5831255"/>
 <node id="9960646875" visible="true" version="2" changeset="130928543" timestamp="2023-01-06T00:30:09Z" user="Clarke22" uid="703694" lat="34.2012611" lon="-118.5829261"/>
 <node id="9960646882" visible="true" version="1" changeset="125040713" timestamp="2022-08-18T03:02:28Z" user="stst415" uid="15080366" lat="34.2046798" lon="-118.5831232"/>
 <node id="9960646883" visible="true" version="1" changeset="125040713" timestamp="2022-08-18T03:02:28Z" user="stst415" uid="15080366" lat="34.2046835" lon="-118.5829395"/>
 <node id="9960646884" visible="true" version="1" changeset="125040713" timestamp="2022-08-18T03:02:28Z" user="stst415" uid="15080366" lat="34.2047562" lon="-118.5829362"/>
 <node id="9960646885" visible="true" version="1" changeset="125040713" timestamp="2022-08-18T03:02:28Z" user="stst415" uid="15080366" lat="34.2047518" lon="-118.5831203"/>
 <node id="9960646890" visible="true" version="1" changeset="125040713" timestamp="2022-08-18T03:02:28Z" user="stst415" uid="15080366" lat="34.2082007" lon="-118.5831334"/>
 <node id="9960646891" visible="true" version="1" changeset="125040713" timestamp="2022-08-18T03:02:28Z" user="stst415" uid="15080366" lat="34.2081942" lon="-118.5829460"/>
 <node id="9960646892" visible="true" version="1" changeset="125040713" timestamp="2022-08-18T03:02:28Z" user="stst415" uid="15080366" lat="34.2084494" lon="-118.5831357"/>
 <node id="9960646893" visible="true" version="1" changeset="125040713" timestamp="2022-08-18T03:02:28Z" user="stst415" uid="15080366" lat="34.2084521" lon="-118.5829361"/>
 <node id="9960646896" visible="true" version="2" changeset="130928543" timestamp="2023-01-06T00:30:09Z" user="Clarke22" uid="703694" lat="34.2105227" lon="-118.5829539"/>
 <node id="9960646897" visible="true" version="2" changeset="130928543" timestamp="2023-01-06T00:30:09Z" user="Clarke22" uid="703694" lat="34.2105114" lon="-118.5831333"/>
 <node id="9960646898" visible="true" version="1" changeset="125040713" timestamp="2022-08-18T03:02:28Z" user="stst415" uid="15080366" lat="34.2113003" lon="-118.5830498"/>
 <node id="9960646899" visible="true" version="1" changeset="125040713" timestamp="2022-08-18T03:02:28Z" user="stst415" uid="15080366" lat="34.2109392" lon="-118.5829850"/>
 <node id="9960646900" visible="true" version="2" changeset="130928543" timestamp="2023-01-06T00:30:09Z" user="Clarke22" uid="703694" lat="34.2110097" lon="-118.5831766"/>
 <node id="9960646901" visible="true" version="2" changeset="135485009" timestamp="2023-04-28T21:22:37Z" user="Clarke22" uid="703694" lat="34.2116468" lon="-118.5833385"/>
 <node id="9960646902" visible="true" version="1" changeset="125040713" timestamp="2022-08-18T03:02:28Z" user="stst415" uid="15080366" lat="34.2117255" lon="-118.5831668"/>
 <node id="9960646903" visible="true" version="1" changeset="125040713" timestamp="2022-08-18T03:02:28Z" user="stst415" uid="15080366" lat="34.2119229" lon="-118.5834493"/>
 <node id="9960646904" visible="true" version="1" changeset="125040713" timestamp="2022-08-18T03:02:28Z" user="stst415" uid="15080366" lat="34.2120597" lon="-118.5833190"/>
 <node id="9960646905" visible="true" version="1" changeset="125040713" timestamp="2022-08-18T03:02:28Z" user="stst415" uid="15080366" lat="34.2124990" lon="-118.5835788"/>
 <node id="9960646906" visible="true" version="1" changeset="125040713" timestamp="2022-08-18T03:02:28Z" user="stst415" uid="15080366" lat="34.2123433" lon="-118.5836893"/>
 <node id="9960646907" visible="true" version="2" changeset="135485009" timestamp="2023-04-28T21:22:37Z" user="Clarke22" uid="703694" lat="34.2126991" lon="-118.5839420"/>
 <node id="9960646908" visible="true" version="1" changeset="125040713" timestamp="2022-08-18T03:02:28Z" user="stst415" uid="15080366" lat="34.2128198" lon="-118.5837984"/>
 <node id="9960646909" visible="true" version="1" changeset="125040713" timestamp="2022-08-18T03:02:28Z" user="stst415" uid="15080366" lat="34.2128537" lon="-118.5840816"/>
 <node id="9960646910" visible="true" version="1" changeset="125040713" timestamp="2022-08-18T03:02:28Z" user="stst415" uid="15080366" lat="34.2129906" lon="-118.5839375"/>
 <node id="9960646911" visible="true" version="1" changeset="125040713" timestamp="2022-08-18T03:02:28Z" user="stst415" uid="15080366" lat="34.2131940" lon="-118.5843790"/>
 <node id="9960646912" visible="true" version="1" changeset="125040713" timestamp="2022-08-18T03:02:28Z" user="stst415" uid="15080366" lat="34.2133889" lon="-118.5843662"/>
 <node id="9960646913" visible="true" version="1" changeset="125040713" timestamp="2022-08-18T03:02:28Z" user="stst415" uid="15080366" lat="34.2138184" lon="-118.5848815"/>
 <node id="9960646914" visible="true" version="1" changeset="125040713" timestamp="2022-08-18T03:02:28Z" user="stst415" uid="15080366" lat="34.2138013" lon="-118.5851259"/>
 <node id="9960646915" visible="true" version="1" changeset="125040713" timestamp="2022-08-18T03:02:28Z" user="stst415" uid="15080366" lat="34.2144576" lon="-118.5856759"/>
 <node id="9960646916" visible="true" version="1" changeset="125040713" timestamp="2022-08-18T03:02:28Z" user="stst415" uid="15080366" lat="34.2144779" lon="-118.5859287"/>
 <node id="9960672417" visible="true" version="2" changeset="135485009" timestamp="2023-04-28T21:22:37Z" user="Clarke22" uid="703694" lat="34.2150717" lon="-118.5862506"/>
 <node id="9960672418" visible="true" version="1" changeset="125040713" timestamp="2022-08-18T03:02:28Z" user="stst415" uid="15080366" lat="34.2149912" lon="-118.5864232"/>
 <node id="9960672419" visible="true" version="2" changeset="135485009" timestamp="2023-04-28T21:22:37Z" user="Clarke22" uid="703694" lat="34.2157075" lon="-118.5866488"/>
 <node id="9960672420" visible="true" version="2" changeset="135485009" timestamp="2023-04-28T21:22:37Z" user="Clarke22" uid="703694" lat="34.2154955" lon="-118.5867524"/>
 <node id="9960672421" visible="true" version="1" changeset="125040713" timestamp="2022-08-18T03:02:28Z" user="stst415" uid="15080366" lat="34.2160265" lon="-118.5868054"/>
 <node id="9960672422" visible="true" version="1" changeset="125040713" timestamp="2022-08-18T03:02:28Z" user="stst415" uid="15080366" lat="34.2161948" lon="-118.5870481"/>
 <node id="9960672423" visible="true" version="2" changeset="135485009" timestamp="2023-04-28T21:22:37Z" user="Clarke22" uid="703694" lat="34.2168794" lon="-118.5870095"/>
 <node id="9960672424" visible="true" version="1" changeset="125040713" timestamp="2022-08-18T03:02:28Z" user="stst415" uid="15080366" lat="34.2168459" lon="-118.5871982"/>
 <node id="9960672425" visible="true" version="1" changeset="125040713" timestamp="2022-08-18T03:02:28Z" user="stst415" uid="15080366" lat="34.2165297" lon="-118.5871499"/>
 <node id="9960672426" visible="true" version="1" changeset="125040713" timestamp="2022-08-18T03:02:28Z" user="stst415" uid="15080366" lat="34.2172472" lon="-118.5870300"/>
 <node id="9960672427" visible="true" version="1" changeset="125040713" timestamp="2022-08-18T03:02:28Z" user="stst415" uid="15080366" lat="34.2173816" lon="-118.5872337"/>
 <node id="9960672430" visible="true" version="2" changeset="135485009" timestamp="2023-04-28T21:22:37Z" user="Clarke22" uid="703694" lat="34.2198160" lon="-118.5872410"/>
 <node id="9960672431" visible="true" version="2" changeset="135485009" timestamp="2023-04-28T21:22:37Z" user="Clarke22" uid="703694" lat="34.2198158" lon="-118.5870488"/>
 <node id="9960672432" visible="true" version="1" changeset="125040713" timestamp="2022-08-18T03:02:28Z" user="stst415" uid="15080366" lat="34.2201040" lon="-118.5872492"/>
 <node id="9960672433" visible="true" version="1" changeset="125040713" timestamp="2022-08-18T03:02:28Z" user="stst415" uid="15080366" lat="34.2201099" lon="-118.5870517"/>
 <node id="9961665843" visible="true" version="1" changeset="125063722" timestamp="2022-08-18T13:54:28Z" user="stst415" uid="15080366" lat="34.2207618" lon="-118.5872731"/>
 <node id="9961665844" visible="true" version="1" changeset="125063722" timestamp="2022-08-18T13:54:28Z" user="stst415" uid="15080366" lat="34.2207835" lon="-118.5870747"/>
 <node id="9961665845" visible="true" version="1" changeset="125063722" timestamp="2022-08-18T13:54:28Z" user="stst415" uid="15080366" lat="34.2211606" lon="-118.5873302"/>
 <node id="9961665846" visible="true" version="1" changeset="125063722" timestamp="2022-08-18T13:54:28Z" user="stst415" uid="15080366" lat="34.2212488" lon="-118.5871440"/>
 <node id="9961665847" visible="true" version="1" changeset="125063722" timestamp="2022-08-18T13:54:28Z" user="stst415" uid="15080366" lat="34.2215244" lon="-118.5873988"/>
 <node id="9961665848" visible="true" version="1" changeset="125063722" timestamp="2022-08-18T13:54:28Z" user="stst415" uid="15080366" lat="34.2216105" lon="-118.5872323"/>
 <node id="9961665849" visible="true" version="1" changeset="125063722" timestamp="2022-08-18T13:54:28Z" user="stst415" uid="15080366" lat="34.2219890" lon="-118.5873674"/>
 <node id="9961665850" visible="true" version="1" changeset="125063722" timestamp="2022-08-18T13:54:28Z" user="stst415" uid="15080366" lat="34.2220015" lon="-118.5875700"/>
 <node id="9961665851" visible="true" version="1" changeset="125063722" timestamp="2022-08-18T13:54:28Z" user="stst415" uid="15080366" lat="34.2230805" lon="-118.5877681"/>
 <node id="9961665852" visible="true" version="1" changeset="125063722" timestamp="2022-08-18T13:54:28Z" user="stst415" uid="15080366" lat="34.2231052" lon="-118.5879885"/>
 <node id="9961665853" visible="true" version="1" changeset="125063722" timestamp="2022-08-18T13:54:28Z" user="stst415" uid="15080366" lat="34.2234380" lon="-118.5879401"/>
 <node id="9961665854" visible="true" version="1" changeset="125063722" timestamp="2022-08-18T13:54:28Z" user="stst415" uid="15080366" lat="34.2238568" lon="-118.5882206"/>
 <node id="9961665855" visible="true" version="1" changeset="125063722" timestamp="2022-08-18T13:54:28Z" user="stst415" uid="15080366" lat="34.2233700" lon="-118.5881359"/>
 <node id="9961665856" visible="true" version="1" changeset="125063722" timestamp="2022-08-18T13:54:28Z" user="stst415" uid="15080366" lat="34.2237255" lon="-118.5883455"/>
 <node id="9961665863" visible="true" version="1" changeset="125063722" timestamp="2022-08-18T13:54:28Z" user="stst415" uid="15080366" lat="34.2240180" lon="-118.5883608"/>
 <node id="9961665864" visible="true" version="1" changeset="125063722" timestamp="2022-08-18T13:54:28Z" user="stst415" uid="15080366" lat="34.2241278" lon="-118.5887132"/>
 <node id="9961665865" visible="true" version="1" changeset="125063722" timestamp="2022-08-18T13:54:28Z" user="stst415" uid="15080366" lat="34.2243820" lon="-118.5887002"/>
 <node id="9961665866" visible="true" version="1" changeset="125063722" timestamp="2022-08-18T13:54:28Z" user="stst415" uid="15080366" lat="34.2245397" lon="-118.5891594"/>
 <node id="9961665867" visible="true" version="1" changeset="125063722" timestamp="2022-08-18T13:54:28Z" user="stst415" uid="15080366" lat="34.2247610" lon="-118.5891653"/>
 <node id="9961665868" visible="true" version="1" changeset="125063722" timestamp="2022-08-18T13:54:28Z" user="stst415" uid="15080366" lat="34.2249866" lon="-118.5895158"/>
 <node id="9961665869" visible="true" version="1" changeset="125063722" timestamp="2022-08-18T13:54:28Z" user="stst415" uid="15080366" lat="34.2248304" lon="-118.5896117"/>
 <node id="9961665870" visible="true" version="1" changeset="125063722" timestamp="2022-08-18T13:54:28Z" user="stst415" uid="15080366" lat="34.2249945" lon="-118.5899071"/>
 <node id="9961665871" visible="true" version="1" changeset="125063722" timestamp="2022-08-18T13:54:28Z" user="stst415" uid="15080366" lat="34.2252328" lon="-118.5899994"/>
 <node id="9961665872" visible="true" version="1" changeset="125063722" timestamp="2022-08-18T13:54:28Z" user="stst415" uid="15080366" lat="34.2255476" lon="-118.5906499"/>
 <node id="9961665873" visible="true" version="1" changeset="125063722" timestamp="2022-08-18T13:54:28Z" user="stst415" uid="15080366" lat="34.2253983" lon="-118.5907497"/>
 <node id="9961665874" visible="true" version="1" changeset="125063722" timestamp="2022-08-18T13:54:28Z" user="stst415" uid="15080366" lat="34.2256401" lon="-118.5911942"/>
 <node id="9961665875" visible="true" version="1" changeset="125063722" timestamp="2022-08-18T13:54:28Z" user="stst415" uid="15080366" lat="34.2258856" lon="-118.5912387"/>
 <node id="9961665876" visible="true" version="1" changeset="125063722" timestamp="2022-08-18T13:54:28Z" user="stst415" uid="15080366" lat="34.2262093" lon="-118.5916659"/>
 <node id="9961665877" visible="true" version="1" changeset="125063722" timestamp="2022-08-18T13:54:28Z" user="stst415" uid="15080366" lat="34.2260081" lon="-118.5916951"/>
 <node id="9961665878" visible="true" version="1" changeset="125063722" timestamp="2022-08-18T13:54:28Z" user="stst415" uid="15080366" lat="34.2263508" lon="-118.5921058"/>
 <node id="9961665879" visible="true" version="1" changeset="125063722" timestamp="2022-08-18T13:54:28Z" user="stst415" uid="15080366" lat="34.2266467" lon="-118.5921418"/>
 <node id="9961665880" visible="true" version="1" changeset="125063722" timestamp="2022-08-18T13:54:28Z" user="stst415" uid="15080366" lat="34.2268092" lon="-118.5925388"/>
 <node id="9961665881" visible="true" version="1" changeset="125063722" timestamp="2022-08-18T13:54:28Z" user="stst415" uid="15080366" lat="34.2270272" lon="-118.5924630"/>
 <node id="9961665884" visible="true" version="1" changeset="125063722" timestamp="2022-08-18T13:54:28Z" user="stst415" uid="15080366" lat="34.2272521" lon="-118.5928756"/>
 <node id="9961665889" visible="true" version="2" changeset="125288114" timestamp="2022-08-23T20:29:04Z" user="Clarke22" uid="703694" lat="34.2271827" lon="-118.5927554"/>
 <node id="9961665891" visible="true" version="1" changeset="125063722" timestamp="2022-08-18T13:54:28Z" user="stst415" uid="15080366" lat="34.2270637" lon="-118.5927467"/>
 <node id="9961665893" visible="true" version="2" changeset="125288114" timestamp="2022-08-23T20:29:04Z" user="Clarke22" uid="703694" lat="34.2271261" lon="-118.5927424"/>
 <node id="9961665894" visible="true" version="1" changeset="125063722" timestamp="2022-08-18T13:54:28Z" user="stst415" uid="15080366" lat="34.2273042" lon="-118.5926641"/>
 <node id="9961665895" visible="true" version="1" changeset="125063722" timestamp="2022-08-18T13:54:28Z" user="stst415" uid="15080366" lat="34.2273603" lon="-118.5929407"/>
 <node id="9961665896" visible="true" version="1" changeset="125063722" timestamp="2022-08-18T13:54:28Z" user="stst415" uid="15080366" lat="34.2274553" lon="-118.5927661"/>
 <node id="9961665897" visible="true" version="1" changeset="125063722" timestamp="2022-08-18T13:54:28Z" user="stst415" uid="15080366" lat="34.2280791" lon="-118.5933068"/>
 <node id="9961665898" visible="true" version="1" changeset="125063722" timestamp="2022-08-18T13:54:28Z" user="stst415" uid="15080366" lat="34.2280821" lon="-118.5930742"/>
 <node id="9961665904" visible="true" version="1" changeset="125063722" timestamp="2022-08-18T13:54:28Z" user="stst415" uid="15080366" lat="34.2283296" lon="-118.5933941"/>
 <node id="9961665905" visible="true" version="1" changeset="125063722" timestamp="2022-08-18T13:54:28Z" user="stst415" uid="15080366" lat="34.2283297" lon="-118.5931731"/>
 <node id="9961665906" visible="true" version="1" changeset="125063722" timestamp="2022-08-18T13:54:28Z" user="stst415" uid="15080366" lat="34.2289465" lon="-118.5933457"/>
 <node id="9961665907" visible="true" version="1" changeset="125063722" timestamp="2022-08-18T13:54:28Z" user="stst415" uid="15080366" lat="34.2289011" lon="-118.5935432"/>
 <node id="9961665908" visible="true" version="1" changeset="125063722" timestamp="2022-08-18T13:54:28Z" user="stst415" uid="15080366" lat="34.2293366" lon="-118.5936001"/>
 <node id="9961665909" visible="true" version="1" changeset="125063722" timestamp="2022-08-18T13:54:28Z" user="stst415" uid="15080366" lat="34.2293203" lon="-118.5933903"/>
 <node id="9961665910" visible="true" version="1" changeset="125063722" timestamp="2022-08-18T13:54:28Z" user="stst415" uid="15080366" lat="34.2297662" lon="-118.5933959"/>
 <node id="9961665911" visible="true" version="1" changeset="125063722" timestamp="2022-08-18T13:54:28Z" user="stst415" uid="15080366" lat="34.2297867" lon="-118.5936136"/>
 <node id="9961665912" visible="true" version="1" changeset="125063722" timestamp="2022-08-18T13:54:28Z" user="stst415" uid="15080366" lat="34.2302474" lon="-118.5935707"/>
 <node id="9961665913" visible="true" version="1" changeset="125063722" timestamp="2022-08-18T13:54:28Z" user="stst415" uid="15080366" lat="34.2300913" lon="-118.5933869"/>
 <node id="9961665914" visible="true" version="1" changeset="125063722" timestamp="2022-08-18T13:54:28Z" user="stst415" uid="15080366" lat="34.2304963" lon="-118.5933256"/>
 <node id="9961665915" visible="true" version="1" changeset="125063722" timestamp="2022-08-18T13:54:28Z" user="stst415" uid="15080366" lat="34.2305900" lon="-118.5935024"/>
 <node id="9961665916" visible="true" version="1" changeset="125063722" timestamp="2022-08-18T13:54:28Z" user="stst415" uid="15080366" lat="34.2313972" lon="-118.5933215"/>
 <node id="9961668717" visible="true" version="1" changeset="125063722" timestamp="2022-08-18T13:54:28Z" user="stst415" uid="15080366" lat="34.2313987" lon="-118.5931176"/>
 <node id="9961668718" visible="true" version="1" changeset="125063722" timestamp="2022-08-18T13:54:28Z" user="stst415" uid="15080366" lat="34.2323762" lon="-118.5931067"/>
 <node id="9961668719" visible="true" version="1" changeset="125063722" timestamp="2022-08-18T13:54:28Z" user="stst415" uid="15080366" lat="34.2324417" lon="-118.5928848"/>
 <node id="9961668720" visible="true" version="1" changeset="125063722" timestamp="2022-08-18T13:54:28Z" user="stst415" uid="15080366" lat="34.2334387" lon="-118.5928659"/>
 <node id="9961668721" visible="true" version="1" changeset="125063722" timestamp="2022-08-18T13:54:28Z" user="stst415" uid="15080366" lat="34.2334411" lon="-118.5926547"/>
 <node id="9961668722" visible="true" version="1" changeset="125063722" timestamp="2022-08-18T13:54:28Z" user="stst415" uid="15080366" lat="34.2341744" lon="-118.5924981"/>
 <node id="9961668723" visible="true" version="1" changeset="125063722" timestamp="2022-08-18T13:54:28Z" user="stst415" uid="15080366" lat="34.2342404" lon="-118.5926950"/>
 <node id="9961668724" visible="true" version="1" changeset="125063722" timestamp="2022-08-18T13:54:28Z" user="stst415" uid="15080366" lat="34.2347265" lon="-118.5924395"/>
 <node id="9961668725" visible="true" version="1" changeset="125063722" timestamp="2022-08-18T13:54:28Z" user="stst415" uid="15080366" lat="34.2347886" lon="-118.5926421"/>
 <node id="9961668726" visible="true" version="1" changeset="125063722" timestamp="2022-08-18T13:54:28Z" user="stst415" uid="15080366" lat="34.2353251" lon="-118.5924314"/>
 <node id="9961668727" visible="true" version="1" changeset="125063722" timestamp="2022-08-18T13:54:28Z" user="stst415" uid="15080366" lat="34.2353232" lon="-118.5926446"/>
 <node id="9961668728" visible="true" version="1" changeset="125063722" timestamp="2022-08-18T13:54:28Z" user="stst415" uid="15080366" lat="34.2355941" lon="-118.5926567"/>
 <node id="9961668729" visible="true" version="1" changeset="125063722" timestamp="2022-08-18T13:54:28Z" user="stst415" uid="15080366" lat="34.2355934" lon="-118.5924190"/>
 <node id="9961668730" visible="true" version="1" changeset="125063722" timestamp="2022-08-18T13:54:28Z" user="stst415" uid="15080366" lat="34.2353407" lon="-118.5924217"/>
 <node id="9961668731" visible="true" version="1" changeset="125063722" timestamp="2022-08-18T13:54:28Z" user="stst415" uid="15080366" lat="34.2353377" lon="-118.5926585"/>
 <node id="9961668732" visible="true" version="2" changeset="125288114" timestamp="2022-08-23T20:29:04Z" user="Clarke22" uid="703694" lat="34.2356055" lon="-118.5924330"/>
 <node id="9961668733" visible="true" version="2" changeset="125288114" timestamp="2022-08-23T20:29:04Z" user="Clarke22" uid="703694" lat="34.2356053" lon="-118.5926449"/>
 <node id="9961668734" visible="true" version="1" changeset="125063722" timestamp="2022-08-18T13:54:28Z" user="stst415" uid="15080366" lat="34.2362592" lon="-118.5926758"/>
 <node id="9961668735" visible="true" version="1" changeset="125063722" timestamp="2022-08-18T13:54:28Z" user="stst415" uid="15080366" lat="34.2362827" lon="-118.5924684"/>
 <node id="9961668736" visible="true" version="1" changeset="125063722" timestamp="2022-08-18T13:54:28Z" user="stst415" uid="15080366" lat="34.2368787" lon="-118.5927864"/>
 <node id="9961668737" visible="true" version="1" changeset="125063722" timestamp="2022-08-18T13:54:28Z" user="stst415" uid="15080366" lat="34.2369968" lon="-118.5926112"/>
 <node id="9961668738" visible="true" version="1" changeset="125063722" timestamp="2022-08-18T13:54:28Z" user="stst415" uid="15080366" lat="34.2374499" lon="-118.5929724"/>
 <node id="9961668739" visible="true" version="1" changeset="125063722" timestamp="2022-08-18T13:54:28Z" user="stst415" uid="15080366" lat="34.2375880" lon="-118.5928188"/>
 <node id="9961668740" visible="true" version="1" changeset="125063722" timestamp="2022-08-18T13:54:28Z" user="stst415" uid="15080366" lat="34.2390354" lon="-118.5935737"/>
 <node id="9961668741" visible="true" version="1" changeset="125063722" timestamp="2022-08-18T13:54:28Z" user="stst415" uid="15080366" lat="34.2390527" lon="-118.5933729"/>
 <node id="9961668742" visible="true" version="1" changeset="125063722" timestamp="2022-08-18T13:54:28Z" user="stst415" uid="15080366" lat="34.2393429" lon="-118.5936933"/>
 <node id="9961668743" visible="true" version="1" changeset="125063722" timestamp="2022-08-18T13:54:28Z" user="stst415" uid="15080366" lat="34.2396490" lon="-118.5937685"/>
 <node id="9961668744" visible="true" version="1" changeset="125063722" timestamp="2022-08-18T13:54:28Z" user="stst415" uid="15080366" lat="34.2393726" lon="-118.5935016"/>
 <node id="9961668745" visible="true" version="1" changeset="125063722" timestamp="2022-08-18T13:54:28Z" user="stst415" uid="15080366" lat="34.2396967" lon="-118.5936669"/>
 <node id="9961668746" visible="true" version="2" changeset="125288114" timestamp="2022-08-23T20:29:04Z" user="Clarke22" uid="703694" lat="34.2410978" lon="-118.5943324"/>
 <node id="9961668747" visible="true" version="2" changeset="125288114" timestamp="2022-08-23T20:29:04Z" user="Clarke22" uid="703694" lat="34.2410043" lon="-118.5941551"/>
 <node id="9961668748" visible="true" version="2" changeset="125288114" timestamp="2022-08-23T20:29:04Z" user="Clarke22" uid="703694" lat="34.2413001" lon="-118.5944030"/>
 <node id="9961668749" visible="true" version="2" changeset="125288114" timestamp="2022-08-23T20:29:04Z" user="Clarke22" uid="703694" lat="34.2411818" lon="-118.5942208"/>
 <node id="9961668750" visible="true" version="1" changeset="125063722" timestamp="2022-08-18T13:54:28Z" user="stst415" uid="15080366" lat="34.2421082" lon="-118.5947072"/>
 <node id="9961668751" visible="true" version="1" changeset="125063722" timestamp="2022-08-18T13:54:28Z" user="stst415" uid="15080366" lat="34.2421211" lon="-118.5945786"/>
 <node id="9961668752" visible="true" version="1" changeset="125063722" timestamp="2022-08-18T13:54:28Z" user="stst415" uid="15080366" lat="34.2429061" lon="-118.5950296"/>
 <node id="9961668753" visible="true" version="1" changeset="125063722" timestamp="2022-08-18T13:54:28Z" user="stst415" uid="15080366" lat="34.2429655" lon="-118.5949210"/>
 <node id="9961668754" visible="true" version="1" changeset="125063722" timestamp="2022-08-18T13:54:28Z" user="stst415" uid="15080366" lat="34.2432944" lon="-118.5950292"/>
 <node id="9961668755" visible="true" version="1" changeset="125063722" timestamp="2022-08-18T13:54:28Z" user="stst415" uid="15080366" lat="34.2432311" lon="-118.5952080"/>
 <node id="9961668756" visible="true" version="1" changeset="125063722" timestamp="2022-08-18T13:54:28Z" user="stst415" uid="15080366" lat="34.2436231" lon="-118.5954218"/>
 <node id="9961668757" visible="true" version="1" changeset="125063722" timestamp="2022-08-18T13:54:28Z" user="stst415" uid="15080366" lat="34.2436744" lon="-118.5952174"/>
 <node id="9961668758" visible="true" version="1" changeset="125063722" timestamp="2022-08-18T13:54:28Z" user="stst415" uid="15080366" lat="34.2444057" lon="-118.5958446"/>
 <node id="9961668759" visible="true" version="1" changeset="125063722" timestamp="2022-08-18T13:54:28Z" user="stst415" uid="15080366" lat="34.2445592" lon="-118.5957397"/>
 <node id="9961668760" visible="true" version="1" changeset="125063722" timestamp="2022-08-18T13:54:28Z" user="stst415" uid="15080366" lat="34.2454931" lon="-118.5963326"/>
 <node id="9961668761" visible="true" version="1" changeset="125063722" timestamp="2022-08-18T13:54:28Z" user="stst415" uid="15080366" lat="34.2455095" lon="-118.5965533"/>
 <node id="9961668762" visible="true" version="1" changeset="125063722" timestamp="2022-08-18T13:54:28Z" user="stst415" uid="15080366" lat="34.2466916" lon="-118.5971382"/>
 <node id="9961668763" visible="true" version="1" changeset="125063722" timestamp="2022-08-18T13:54:28Z" user="stst415" uid="15080366" lat="34.2468425" lon="-118.5974215"/>
 <node id="9961668764" visible="true" version="1" changeset="125063722" timestamp="2022-08-18T13:54:28Z" user="stst415" uid="15080366" lat="34.2476960" lon="-118.5977789"/>
 <node id="9961668765" visible="true" version="1" changeset="125063722" timestamp="2022-08-18T13:54:28Z" user="stst415" uid="15080366" lat="34.2478797" lon="-118.5980833"/>
 <node id="9961668766" visible="true" version="1" changeset="125063722" timestamp="2022-08-18T13:54:28Z" user="stst415" uid="15080366" lat="34.2485324" lon="-118.5981924"/>
 <node id="9961668767" visible="true" version="1" changeset="125063722" timestamp="2022-08-18T13:54:28Z" user="stst415" uid="15080366" lat="34.2486254" lon="-118.5984202"/>
 <node id="9961668768" visible="true" version="1" changeset="125063722" timestamp="2022-08-18T13:54:28Z" user="stst415" uid="15080366" lat="34.2482175" lon="-118.5982635"/>
 <node id="9961668769" visible="true" version="1" changeset="125063722" timestamp="2022-08-18T13:54:28Z" user="stst415" uid="15080366" lat="34.2493881" lon="-118.5984147"/>
 <node id="9961668770" visible="true" version="1" changeset="125063722" timestamp="2022-08-18T13:54:28Z" user="stst415" uid="15080366" lat="34.2492239" lon="-118.5985725"/>
 <node id="9961668771" visible="true" version="1" changeset="125063722" timestamp="2022-08-18T13:54:28Z" user="stst415" uid="15080366" lat="34.2497508" lon="-118.5986541"/>
 <node id="9961668772" visible="true" version="1" changeset="125063722" timestamp="2022-08-18T13:54:28Z" user="stst415" uid="15080366" lat="34.2498564" lon="-118.5984683"/>
 <node id="9961668773" visible="true" version="1" changeset="125063722" timestamp="2022-08-18T13:54:28Z" user="stst415" uid="15080366" lat="34.2498596" lon="-118.5986724"/>
 <node id="9961668774" visible="true" version="1" changeset="125063722" timestamp="2022-08-18T13:54:28Z" user="stst415" uid="15080366" lat="34.2495479" lon="-118.5986402"/>
 <node id="9961668780" visible="true" version="1" changeset="125063722" timestamp="2022-08-18T13:54:28Z" user="stst415" uid="15080366" lat="34.2501057" lon="-118.5986862"/>
 <node id="9961668781" visible="true" version="1" changeset="125063722" timestamp="2022-08-18T13:54:28Z" user="stst415" uid="15080366" lat="34.2501037" lon="-118.5984717"/>
 <node id="9961668782" visible="true" version="1" changeset="125063722" timestamp="2022-08-18T13:54:28Z" user="stst415" uid="15080366" lat="34.2508995" lon="-118.5984794"/>
 <node id="9961668783" visible="true" version="1" changeset="125063722" timestamp="2022-08-18T13:54:28Z" user="stst415" uid="15080366" lat="34.2508968" lon="-118.5986874"/>
 <node id="9961668784" visible="true" version="1" changeset="125063722" timestamp="2022-08-18T13:54:28Z" user="stst415" uid="15080366" lat="34.2516555" lon="-118.5986867"/>
 <node id="9961668785" visible="true" version="1" changeset="125063722" timestamp="2022-08-18T13:54:28Z" user="stst415" uid="15080366" lat="34.2516636" lon="-118.5984792"/>
 <node id="9961668786" visible="true" version="1" changeset="125063722" timestamp="2022-08-18T13:54:28Z" user="stst415" uid="15080366" lat="34.2524927" lon="-118.5984746"/>
 <node id="9961668787" visible="true" version="1" changeset="125063722" timestamp="2022-08-18T13:54:28Z" user="stst415" uid="15080366" lat="34.2525081" lon="-118.5986886"/>
 <node id="9961668788" visible="true" version="1" changeset="125063722" timestamp="2022-08-18T13:54:28Z" user="stst415" uid="15080366" lat="34.2537429" lon="-118.5986895"/>
 <node id="9961668789" visible="true" version="1" changeset="125063722" timestamp="2022-08-18T13:54:28Z" user="stst415" uid="15080366" lat="34.2536957" lon="-118.5986895"/>
 <node id="9961668790" visible="true" version="1" changeset="125063722" timestamp="2022-08-18T13:54:28Z" user="stst415" uid="15080366" lat="34.2537490" lon="-118.5984873"/>
 <node id="9961668791" visible="true" version="1" changeset="125063722" timestamp="2022-08-18T13:54:28Z" user="stst415" uid="15080366" lat="34.2547710" lon="-118.5986857"/>
 <node id="9961668792" visible="true" version="1" changeset="125063722" timestamp="2022-08-18T13:54:28Z" user="stst415" uid="15080366" lat="34.2548741" lon="-118.5984854"/>
 <node id="9961668793" visible="true" version="1" changeset="125063722" timestamp="2022-08-18T13:54:28Z" user="stst415" uid="15080366" lat="34.2551761" lon="-118.5984341"/>
 <node id="9961668794" visible="true" version="1" changeset="125063722" timestamp="2022-08-18T13:54:28Z" user="stst415" uid="15080366" lat="34.2554991" lon="-118.5983421"/>
 <node id="9961668795" visible="true" version="1" changeset="125063722" timestamp="2022-08-18T13:54:28Z" user="stst415" uid="15080366" lat="34.2553523" lon="-118.5986013"/>
 <node id="9961668796" visible="true" version="1" changeset="125063722" timestamp="2022-08-18T13:54:28Z" user="stst415" uid="15080366" lat="34.2550711" lon="-118.5986549"/>
 <node id="9961668797" visible="true" version="1" changeset="125063722" timestamp="2022-08-18T13:54:28Z" user="stst415" uid="15080366" lat="34.2558974" lon="-118.5983624"/>
 <node id="9961668798" visible="true" version="1" changeset="125063722" timestamp="2022-08-18T13:54:28Z" user="stst415" uid="15080366" lat="34.2559020" lon="-118.5981321"/>
 <node id="9961668799" visible="true" version="1" changeset="125063722" timestamp="2022-08-18T13:54:28Z" user="stst415" uid="15080366" lat="34.2561947" lon="-118.5979393"/>
 <node id="9961668800" visible="true" version="1" changeset="125063722" timestamp="2022-08-18T13:54:28Z" user="stst415" uid="15080366" lat="34.2563744" lon="-118.5980534"/>
 <node id="9961668801" visible="true" version="2" changeset="125288114" timestamp="2022-08-23T20:29:04Z" user="Clarke22" uid="703694" lat="34.2569281" lon="-118.5974877"/>
 <node id="9961668802" visible="true" version="2" changeset="125288114" timestamp="2022-08-23T20:29:04Z" user="Clarke22" uid="703694" lat="34.2570960" lon="-118.5975140"/>
 <node id="9961668803" visible="true" version="1" changeset="125063722" timestamp="2022-08-18T13:54:28Z" user="stst415" uid="15080366" lat="34.2570033" lon="-118.5974876"/>
 <node id="9961668804" visible="true" version="1" changeset="125063722" timestamp="2022-08-18T13:54:28Z" user="stst415" uid="15080366" lat="34.2570752" lon="-118.5974879"/>
 <node id="9973290613" visible="true" version="1" changeset="125288114" timestamp="2022-08-23T20:29:04Z" user="Clarke22" uid="703694" lat="34.2570969" lon="-118.5975675"/>
 <node id="9973290616" visible="true" version="1" changeset="125288114" timestamp="2022-08-23T20:29:04Z" user="Clarke22" uid="703694" lat="34.2568469" lon="-118.5974917"/>
 <node id="9973321421" visible="true" version="1" changeset="125288114" timestamp="2022-08-23T20:29:04Z" user="Clarke22" uid="703694" lat="34.2501034" lon="-118.5986320"/>
 <node id="9973321422" visible="true" version="2" changeset="130929057" timestamp="2023-01-06T01:08:50Z" user="Clarke22" uid="703694" lat="34.2501046" lon="-118.5985157"/>
 <node id="9973321423" visible="true" version="1" changeset="125288114" timestamp="2022-08-23T20:29:04Z" user="Clarke22" uid="703694" lat="34.2498592" lon="-118.5985153"/>
 <node id="9973321424" visible="true" version="1" changeset="125288114" timestamp="2022-08-23T20:29:04Z" user="Clarke22" uid="703694" lat="34.2498632" lon="-118.5986300"/>
 <node id="9973321425" visible="true" version="1" changeset="125288114" timestamp="2022-08-23T20:29:04Z" user="Clarke22" uid="703694" lat="34.2410847" lon="-118.5942988"/>
 <node id="9973321426" visible="true" version="1" changeset="125288114" timestamp="2022-08-23T20:29:04Z" user="Clarke22" uid="703694" lat="34.2412792" lon="-118.5943658"/>
 <node id="9973321427" visible="true" version="1" changeset="125288114" timestamp="2022-08-23T20:29:04Z" user="Clarke22" uid="703694" lat="34.2410203" lon="-118.5941828"/>
 <node id="9973321428" visible="true" version="1" changeset="125288114" timestamp="2022-08-23T20:29:04Z" user="Clarke22" uid="703694" lat="34.2411964" lon="-118.5942501"/>
 <node id="9973321429" visible="true" version="1" changeset="125288114" timestamp="2022-08-23T20:29:04Z" user="Clarke22" uid="703694" lat="34.2356054" lon="-118.5926060"/>
 <node id="9973321430" visible="true" version="1" changeset="125288114" timestamp="2022-08-23T20:29:04Z" user="Clarke22" uid="703694" lat="34.2356067" lon="-118.5924661"/>
 <node id="9973321431" visible="true" version="1" changeset="125288114" timestamp="2022-08-23T20:29:04Z" user="Clarke22" uid="703694" lat="34.2353259" lon="-118.5924553"/>
 <node id="9973321432" visible="true" version="1" changeset="125288114" timestamp="2022-08-23T20:29:04Z" user="Clarke22" uid="703694" lat="34.2353244" lon="-118.5926097"/>
 <node id="10218525340" visible="true" version="1" changeset="129381892" timestamp="2022-11-25T20:22:41Z" user="stst415" uid="15080366" lat="34.2364084" lon="-118.5848102">
  <tag k="barrier" v="gate"/>
  <tag k="locked" v="yes"/>
 </node>
 <node id="10309773613" visible="true" version="1" changeset="130928543" timestamp="2023-01-06T00:30:09Z" user="Clarke22" uid="703694" lat="34.1974430" lon="-118.5829266"/>
 <node id="10309773614" visible="true" version="1" changeset="130928543" timestamp="2023-01-06T00:30:09Z" user="Clarke22" uid="703694" lat="34.1980284" lon="-118.5830618"/>
 <node id="10309773615" visible="true" version="1" changeset="130928543" timestamp="2023-01-06T00:30:09Z" user="Clarke22" uid="703694" lat="34.2113506" lon="-118.5832360"/>
 <node id="10309773617" visible="true" version="1" changeset="130928543" timestamp="2023-01-06T00:30:09Z" user="Clarke22" uid="703694" lat="34.1977461" lon="-118.5828210"/>
 <node id="10568979799" visible="true" version="2" changeset="146347323" timestamp="2024-01-17T05:16:33Z" user="Clarke22" uid="703694" lat="34.2318230" lon="-118.5711113"/>
 <node id="10853550688" visible="true" version="1" changeset="135485009" timestamp="2023-04-28T21:22:37Z" user="Clarke22" uid="703694" lat="34.2170914" lon="-118.5872196"/>
 <node id="10853550689" visible="true" version="1" changeset="135485009" timestamp="2023-04-28T21:22:37Z" user="Clarke22" uid="703694" lat="34.2166331" lon="-118.5869734"/>
 <node id="10853550690" visible="true" version="1" changeset="135485009" timestamp="2023-04-28T21:22:37Z" user="Clarke22" uid="703694" lat="34.2158592" lon="-118.5869280"/>
 <node id="10853550691" visible="true" version="1" changeset="135485009" timestamp="2023-04-28T21:22:37Z" user="Clarke22" uid="703694" lat="34.2153990" lon="-118.5864745"/>
 <node id="10853550692" visible="true" version="1" changeset="135485009" timestamp="2023-04-28T21:22:37Z" user="Clarke22" uid="703694" lat="34.2148395" lon="-118.5860525"/>
 <node id="10853550693" visible="true" version="1" changeset="135485009" timestamp="2023-04-28T21:22:37Z" user="Clarke22" uid="703694" lat="34.2146929" lon="-118.5861583"/>
 <node id="10853550694" visible="true" version="1" changeset="135485009" timestamp="2023-04-28T21:22:37Z" user="Clarke22" uid="703694" lat="34.2125158" lon="-118.5838049"/>
 <node id="10853550695" visible="true" version="1" changeset="135485009" timestamp="2023-04-28T21:22:37Z" user="Clarke22" uid="703694" lat="34.2121361" lon="-118.5835605"/>
 <node id="10950095814" visible="true" version="1" changeset="136918202" timestamp="2023-06-03T23:42:51Z" user="Smol_Ame" uid="17331026" lat="34.2379438" lon="-118.5893110">
  <tag k="direction" v="both"/>
  <tag k="traffic_calming" v="bump"/>
 </node>
 <node id="10950095815" visible="true" version="1" changeset="136918202" timestamp="2023-06-03T23:42:51Z" user="Smol_Ame" uid="17331026" lat="34.2381322" lon="-118.5892261"/>
 <node id="10950095816" visible="true" version="1" changeset="136918202" timestamp="2023-06-03T23:42:51Z" user="Smol_Ame" uid="17331026" lat="34.2381127" lon="-118.5891685"/>
 <node id="10950095817" visible="true" version="1" changeset="136918202" timestamp="2023-06-03T23:42:51Z" user="Smol_Ame" uid="17331026" lat="34.2380602" lon="-118.5888747"/>
 <node id="10950095818" visible="true" version="1" changeset="136918202" timestamp="2023-06-03T23:42:51Z" user="Smol_Ame" uid="17331026" lat="34.2380294" lon="-118.5888482"/>
 <node id="10950095819" visible="true" version="1" changeset="136918202" timestamp="2023-06-03T23:42:51Z" user="Smol_Ame" uid="17331026" lat="34.2380781" lon="-118.5889748"/>
 <node id="10950095820" visible="true" version="1" changeset="136918202" timestamp="2023-06-03T23:42:51Z" user="Smol_Ame" uid="17331026" lat="34.2375910" lon="-118.5893093">
  <tag k="direction" v="both"/>
  <tag k="traffic_calming" v="bump"/>
 </node>
 <node id="10950095822" visible="true" version="1" changeset="136918202" timestamp="2023-06-03T23:42:51Z" user="Smol_Ame" uid="17331026" lat="34.2381398" lon="-118.5887085"/>
 <node id="10950095823" visible="true" version="1" changeset="136918202" timestamp="2023-06-03T23:42:51Z" user="Smol_Ame" uid="17331026" lat="34.2381907" lon="-118.5887623"/>
 <node id="10950095824" visible="true" version="1" changeset="136918202" timestamp="2023-06-03T23:42:51Z" user="Smol_Ame" uid="17331026" lat="34.2373433" lon="-118.5895017">
  <tag k="amenity" v="fast_food"/>
  <tag k="cuisine" v="chicken"/>
  <tag k="name" v="Fire Wings - Chatsworth"/>
 </node>
 <node id="10950095825" visible="true" version="2" changeset="152051943" timestamp="2024-05-30T19:29:30Z" user="TheDutchMan13" uid="1330847" lat="34.2383510" lon="-118.5885550">
  <tag k="highway" v="traffic_signals"/>
  <tag k="traffic_signals" v="traffic_lights"/>
  <tag k="traffic_signals:direction" v="forward"/>
 </node>
 <node id="10950095826" visible="true" version="2" changeset="152051943" timestamp="2024-05-30T19:29:30Z" user="TheDutchMan13" uid="1330847" lat="34.2381209" lon="-118.5885558">
  <tag k="highway" v="traffic_signals"/>
  <tag k="traffic_signals" v="traffic_lights"/>
  <tag k="traffic_signals:direction" v="backward"/>
 </node>
 <node id="10989410771" visible="true" version="1" changeset="137517855" timestamp="2023-06-19T12:44:45Z" user="skaslam" uid="13859461" lat="34.2354676" lon="-118.5900753"/>
 <node id="10989410772" visible="true" version="1" changeset="137517855" timestamp="2023-06-19T12:44:45Z" user="skaslam" uid="13859461" lat="34.2356574" lon="-118.5900681"/>
 <node id="10989410773" visible="true" version="1" changeset="137517855" timestamp="2023-06-19T12:44:45Z" user="skaslam" uid="13859461" lat="34.2356717" lon="-118.5900628"/>
 <node id="10989410774" visible="true" version="1" changeset="137517855" timestamp="2023-06-19T12:44:45Z" user="skaslam" uid="13859461" lat="34.2356845" lon="-118.5900490"/>
 <node id="10989410775" visible="true" version="1" changeset="137517855" timestamp="2023-06-19T12:44:45Z" user="skaslam" uid="13859461" lat="34.2356924" lon="-118.5900288"/>
 <node id="10989410776" visible="true" version="1" changeset="137517855" timestamp="2023-06-19T12:44:45Z" user="skaslam" uid="13859461" lat="34.2356963" lon="-118.5897349"/>
 <node id="10989410777" visible="true" version="1" changeset="137517855" timestamp="2023-06-19T12:44:45Z" user="skaslam" uid="13859461" lat="34.2356914" lon="-118.5897147"/>
 <node id="10989410778" visible="true" version="1" changeset="137517855" timestamp="2023-06-19T12:44:45Z" user="skaslam" uid="13859461" lat="34.2356791" lon="-118.5896998"/>
 <node id="10989410779" visible="true" version="1" changeset="137517855" timestamp="2023-06-19T12:44:45Z" user="skaslam" uid="13859461" lat="34.2356648" lon="-118.5896902"/>
 <node id="10989410780" visible="true" version="1" changeset="137517855" timestamp="2023-06-19T12:44:45Z" user="skaslam" uid="13859461" lat="34.2354671" lon="-118.5896533"/>
 <node id="10989410781" visible="true" version="1" changeset="137517855" timestamp="2023-06-19T12:44:45Z" user="skaslam" uid="13859461" lat="34.2355981" lon="-118.5896778">
  <tag k="highway" v="crossing"/>
 </node>
 <node id="10989410782" visible="true" version="1" changeset="137517855" timestamp="2023-06-19T12:44:45Z" user="skaslam" uid="13859461" lat="34.2355977" lon="-118.5900704">
  <tag k="highway" v="crossing"/>
 </node>
 <node id="10989410783" visible="true" version="1" changeset="137517855" timestamp="2023-06-19T12:44:45Z" user="skaslam" uid="13859461" lat="34.2356084" lon="-118.5900700">
  <tag k="barrier" v="gate"/>
 </node>
 <node id="10989410784" visible="true" version="1" changeset="137517855" timestamp="2023-06-19T12:44:45Z" user="skaslam" uid="13859461" lat="34.2356084" lon="-118.5896797">
  <tag k="barrier" v="gate"/>
 </node>
 <node id="11335554660" visible="true" version="1" changeset="143816047" timestamp="2023-11-09T10:33:07Z" user="daraaru" uid="16022420" lat="34.2354688" lon="-118.5885510"/>
 <node id="11335554661" visible="true" version="2" changeset="152051943" timestamp="2024-05-30T19:29:30Z" user="TheDutchMan13" uid="1330847" lat="34.2354687" lon="-118.5882646">
  <tag k="highway" v="traffic_signals"/>
  <tag k="traffic_signals" v="traffic_lights"/>
  <tag k="traffic_signals:direction" v="backward"/>
 </node>
 <node id="11335554662" visible="true" version="2" changeset="152051943" timestamp="2024-05-30T19:29:30Z" user="TheDutchMan13" uid="1330847" lat="34.2354686" lon="-118.5888428">
  <tag k="highway" v="traffic_signals"/>
  <tag k="traffic_signals" v="traffic_lights"/>
  <tag k="traffic_signals:direction" v="forward"/>
 </node>
 <node id="11335554663" visible="true" version="2" changeset="152051943" timestamp="2024-05-30T19:29:30Z" user="TheDutchMan13" uid="1330847" lat="34.2356760" lon="-118.5885502">
  <tag k="highway" v="traffic_signals"/>
  <tag k="traffic_signals" v="traffic_lights"/>
  <tag k="traffic_signals:direction" v="forward"/>
 </node>
 <node id="11335554664" visible="true" version="2" changeset="152051943" timestamp="2024-05-30T19:29:30Z" user="TheDutchMan13" uid="1330847" lat="34.2352862" lon="-118.5885501">
  <tag k="highway" v="traffic_signals"/>
  <tag k="traffic_signals" v="traffic_lights"/>
  <tag k="traffic_signals:direction" v="backward"/>
 </node>
 <node id="11370475364" visible="true" version="2" changeset="159946011" timestamp="2024-12-05T07:41:30Z" user="Clarke22" uid="703694" lat="34.2354634" lon="-118.6050020"/>
 <node id="11563341750" visible="true" version="1" changeset="146805209" timestamp="2024-01-29T05:37:33Z" user="mpatsevich_lyft" uid="12896788" lat="34.2373596" lon="-118.5892443"/>
 <node id="11563341751" visible="true" version="1" changeset="146805209" timestamp="2024-01-29T05:37:33Z" user="mpatsevich_lyft" uid="12896788" lat="34.2372328" lon="-118.5892433"/>
 <node id="11563341752" visible="true" version="1" changeset="146805209" timestamp="2024-01-29T05:37:33Z" user="mpatsevich_lyft" uid="12896788" lat="34.2371864" lon="-118.5892425"/>
 <node id="11563341753" visible="true" version="1" changeset="146805209" timestamp="2024-01-29T05:37:33Z" user="mpatsevich_lyft" uid="12896788" lat="34.2371535" lon="-118.5892333"/>
 <node id="11563341754" visible="true" version="1" changeset="146805209" timestamp="2024-01-29T05:37:33Z" user="mpatsevich_lyft" uid="12896788" lat="34.2371331" lon="-118.5892146"/>
 <node id="11563341755" visible="true" version="1" changeset="146805209" timestamp="2024-01-29T05:37:33Z" user="mpatsevich_lyft" uid="12896788" lat="34.2371215" lon="-118.5891844"/>
 <node id="11563341756" visible="true" version="1" changeset="146805209" timestamp="2024-01-29T05:37:33Z" user="mpatsevich_lyft" uid="12896788" lat="34.2371166" lon="-118.5891304"/>
 <node id="11563341757" visible="true" version="1" changeset="146805209" timestamp="2024-01-29T05:37:33Z" user="mpatsevich_lyft" uid="12896788" lat="34.2371200" lon="-118.5888620"/>
 <node id="11563341758" visible="true" version="1" changeset="146805209" timestamp="2024-01-29T05:37:33Z" user="mpatsevich_lyft" uid="12896788" lat="34.2373318" lon="-118.5887988"/>
 <node id="11563341759" visible="true" version="2" changeset="158592018" timestamp="2024-10-31T17:56:24Z" user="GenSao" uid="14679343" lat="34.2371909" lon="-118.5896589"/>
 <node id="11563341760" visible="true" version="1" changeset="146805209" timestamp="2024-01-29T05:37:33Z" user="mpatsevich_lyft" uid="12896788" lat="34.2376820" lon="-118.5896614"/>
 <node id="11563341761" visible="true" version="1" changeset="146805209" timestamp="2024-01-29T05:37:33Z" user="mpatsevich_lyft" uid="12896788" lat="34.2382329" lon="-118.5897478"/>
 <node id="11563341762" visible="true" version="2" changeset="160934535" timestamp="2025-01-03T05:09:54Z" user="sarya_Lyft" uid="18784339" lat="34.2382336" lon="-118.5897098">
  <tag k="access:delivery" v="no"/>
  <tag k="barrier" v="gate"/>
 </node>
 <node id="11563341763" visible="true" version="1" changeset="146805209" timestamp="2024-01-29T05:37:33Z" user="mpatsevich_lyft" uid="12896788" lat="34.2376814" lon="-118.5894900"/>
 <node id="11563341764" visible="true" version="1" changeset="146805209" timestamp="2024-01-29T05:37:33Z" user="mpatsevich_lyft" uid="12896788" lat="34.2381911" lon="-118.5894879"/>
 <node id="11563341765" visible="true" version="2" changeset="158592018" timestamp="2024-10-31T17:56:24Z" user="GenSao" uid="14679343" lat="34.2376812" lon="-118.5894285">
  <tag k="highway" v="crossing"/>
 </node>
 <node id="11624379802" visible="true" version="1" changeset="147465346" timestamp="2024-02-14T20:14:55Z" user="Clarke22" uid="703694" lat="34.2318035" lon="-118.5883925"/>
 <node id="11624379809" visible="true" version="1" changeset="147465346" timestamp="2024-02-14T20:14:55Z" user="Clarke22" uid="703694" lat="34.2334002" lon="-118.5883972"/>
 <node id="11624379932" visible="true" version="1" changeset="147465346" timestamp="2024-02-14T20:14:55Z" user="Clarke22" uid="703694" lat="34.2336548" lon="-118.5971300"/>
 <node id="11624379933" visible="true" version="1" changeset="147465346" timestamp="2024-02-14T20:14:55Z" user="Clarke22" uid="703694" lat="34.2336559" lon="-118.5940820"/>
 <node id="11624379951" visible="true" version="1" changeset="147465346" timestamp="2024-02-14T20:14:55Z" user="Clarke22" uid="703694" lat="34.2318391" lon="-118.5949952"/>
 <node id="11624379952" visible="true" version="1" changeset="147465346" timestamp="2024-02-14T20:14:55Z" user="Clarke22" uid="703694" lat="34.2318368" lon="-118.5932880"/>
 <node id="11624390456" visible="true" version="1" changeset="147465510" timestamp="2024-02-14T20:20:20Z" user="Clarke22" uid="703694" lat="34.2353065" lon="-118.5940967"/>
 <node id="11624390457" visible="true" version="1" changeset="147465510" timestamp="2024-02-14T20:20:20Z" user="Clarke22" uid="703694" lat="34.2353299" lon="-118.5941427"/>
 <node id="11624390458" visible="true" version="1" changeset="147465510" timestamp="2024-02-14T20:20:20Z" user="Clarke22" uid="703694" lat="34.2353182" lon="-118.5971218"/>
 <node id="11624390459" visible="true" version="1" changeset="147465510" timestamp="2024-02-14T20:20:20Z" user="Clarke22" uid="703694" lat="34.2318370" lon="-118.5932595"/>
 <node id="11624390460" visible="true" version="1" changeset="147465510" timestamp="2024-02-14T20:20:20Z" user="Clarke22" uid="703694" lat="34.2321867" lon="-118.5932128"/>
 <node id="11624390461" visible="true" version="1" changeset="147465510" timestamp="2024-02-14T20:20:20Z" user="Clarke22" uid="703694" lat="34.2338584" lon="-118.5928352"/>
 <node id="11624390462" visible="true" version="1" changeset="147465510" timestamp="2024-02-14T20:20:20Z" user="Clarke22" uid="703694" lat="34.2343459" lon="-118.5927301"/>
 <node id="11624390463" visible="true" version="1" changeset="147465510" timestamp="2024-02-14T20:20:20Z" user="Clarke22" uid="703694" lat="34.2345756" lon="-118.5927050"/>
 <node id="11624390464" visible="true" version="1" changeset="147465510" timestamp="2024-02-14T20:20:20Z" user="Clarke22" uid="703694" lat="34.2348270" lon="-118.5927050"/>
 <node id="11624390465" visible="true" version="1" changeset="147465510" timestamp="2024-02-14T20:20:20Z" user="Clarke22" uid="703694" lat="34.2353299" lon="-118.5927114"/>
 <node id="11624390466" visible="true" version="1" changeset="147465510" timestamp="2024-02-14T20:20:20Z" user="Clarke22" uid="703694" lat="34.2353246" lon="-118.5938386"/>
 <node id="11624390467" visible="true" version="1" changeset="147465510" timestamp="2024-02-14T20:20:20Z" user="Clarke22" uid="703694" lat="34.2352802" lon="-118.5938766"/>
 <node id="11624390468" visible="true" version="1" changeset="147465510" timestamp="2024-02-14T20:20:20Z" user="Clarke22" uid="703694" lat="34.2336905" lon="-118.5938643"/>
 <node id="11624390469" visible="true" version="1" changeset="147465510" timestamp="2024-02-14T20:20:20Z" user="Clarke22" uid="703694" lat="34.2335399" lon="-118.5938719"/>
 <node id="11624390470" visible="true" version="1" changeset="147465510" timestamp="2024-02-14T20:20:20Z" user="Clarke22" uid="703694" lat="34.2334067" lon="-118.5938952"/>
 <node id="11624390471" visible="true" version="1" changeset="147465510" timestamp="2024-02-14T20:20:20Z" user="Clarke22" uid="703694" lat="34.2332870" lon="-118.5939355"/>
 <node id="11624390472" visible="true" version="1" changeset="147465510" timestamp="2024-02-14T20:20:20Z" user="Clarke22" uid="703694" lat="34.2331567" lon="-118.5939951"/>
 <node id="11624390473" visible="true" version="1" changeset="147465510" timestamp="2024-02-14T20:20:20Z" user="Clarke22" uid="703694" lat="34.2330612" lon="-118.5940552"/>
 <node id="11624390474" visible="true" version="1" changeset="147465510" timestamp="2024-02-14T20:20:20Z" user="Clarke22" uid="703694" lat="34.2330081" lon="-118.5940896"/>
 <node id="11624390475" visible="true" version="1" changeset="147465510" timestamp="2024-02-14T20:20:20Z" user="Clarke22" uid="703694" lat="34.2328256" lon="-118.5942560"/>
 <node id="11624390476" visible="true" version="1" changeset="147465510" timestamp="2024-02-14T20:20:20Z" user="Clarke22" uid="703694" lat="34.2328083" lon="-118.5942980"/>
 <node id="11624390477" visible="true" version="1" changeset="147465510" timestamp="2024-02-14T20:20:20Z" user="Clarke22" uid="703694" lat="34.2325423" lon="-118.5946553"/>
 <node id="11624390478" visible="true" version="1" changeset="147465510" timestamp="2024-02-14T20:20:20Z" user="Clarke22" uid="703694" lat="34.2323628" lon="-118.5948217"/>
 <node id="11624390479" visible="true" version="1" changeset="147465510" timestamp="2024-02-14T20:20:20Z" user="Clarke22" uid="703694" lat="34.2321953" lon="-118.5949203"/>
 <node id="11624390480" visible="true" version="1" changeset="147465510" timestamp="2024-02-14T20:20:20Z" user="Clarke22" uid="703694" lat="34.2320689" lon="-118.5949641"/>
 <node id="11624485365" visible="true" version="1" changeset="147467492" timestamp="2024-02-14T21:31:27Z" user="Clarke22" uid="703694" lat="34.2342131" lon="-118.5849365"/>
 <node id="11624485366" visible="true" version="1" changeset="147467492" timestamp="2024-02-14T21:31:27Z" user="Clarke22" uid="703694" lat="34.2352909" lon="-118.5843343"/>
 <node id="11624485367" visible="true" version="1" changeset="147467492" timestamp="2024-02-14T21:31:27Z" user="Clarke22" uid="703694" lat="34.2353235" lon="-118.5868280"/>
 <node id="11624485368" visible="true" version="1" changeset="147467492" timestamp="2024-02-14T21:31:27Z" user="Clarke22" uid="703694" lat="34.2353187" lon="-118.5843700"/>
 <node id="11624528069" visible="true" version="1" changeset="147467492" timestamp="2024-02-14T21:31:27Z" user="Clarke22" uid="703694" lat="34.2347746" lon="-118.5868235"/>
 <node id="11624528070" visible="true" version="1" changeset="147467492" timestamp="2024-02-14T21:31:27Z" user="Clarke22" uid="703694" lat="34.2353195" lon="-118.5883217"/>
 <node id="11624528071" visible="true" version="1" changeset="147467492" timestamp="2024-02-14T21:31:27Z" user="Clarke22" uid="703694" lat="34.2352743" lon="-118.5883648"/>
 <node id="11624528072" visible="true" version="1" changeset="147467492" timestamp="2024-02-14T21:31:27Z" user="Clarke22" uid="703694" lat="34.2356338" lon="-118.5877247"/>
 <node id="11624528073" visible="true" version="1" changeset="147467492" timestamp="2024-02-14T21:31:27Z" user="Clarke22" uid="703694" lat="34.2360595" lon="-118.5877317"/>
 <node id="11624528074" visible="true" version="1" changeset="147467492" timestamp="2024-02-14T21:31:27Z" user="Clarke22" uid="703694" lat="34.2360566" lon="-118.5883657"/>
 <node id="11624528075" visible="true" version="1" changeset="147467492" timestamp="2024-02-14T21:31:27Z" user="Clarke22" uid="703694" lat="34.2356541" lon="-118.5883633"/>
 <node id="11624528076" visible="true" version="1" changeset="147467492" timestamp="2024-02-14T21:31:27Z" user="Clarke22" uid="703694" lat="34.2356328" lon="-118.5883411"/>
 <node id="11624528077" visible="true" version="1" changeset="147467492" timestamp="2024-02-14T21:31:27Z" user="Clarke22" uid="703694" lat="34.2360237" lon="-118.5887182"/>
 <node id="11624528078" visible="true" version="1" changeset="147467492" timestamp="2024-02-14T21:31:27Z" user="Clarke22" uid="703694" lat="34.2360228" lon="-118.5892168"/>
 <node id="11624528079" visible="true" version="1" changeset="147467492" timestamp="2024-02-14T21:31:27Z" user="Clarke22" uid="703694" lat="34.2356133" lon="-118.5892153"/>
 <node id="11624528080" visible="true" version="1" changeset="147467492" timestamp="2024-02-14T21:31:27Z" user="Clarke22" uid="703694" lat="34.2356121" lon="-118.5887597"/>
 <node id="11624528081" visible="true" version="1" changeset="147467492" timestamp="2024-02-14T21:31:27Z" user="Clarke22" uid="703694" lat="34.2356430" lon="-118.5887212"/>
 <node id="11624528082" visible="true" version="1" changeset="147467492" timestamp="2024-02-14T21:31:27Z" user="Clarke22" uid="703694" lat="34.2331351" lon="-118.5889980"/>
 <node id="11624528083" visible="true" version="1" changeset="147467492" timestamp="2024-02-14T21:31:27Z" user="Clarke22" uid="703694" lat="34.2331360" lon="-118.5887597"/>
 <node id="11624528084" visible="true" version="1" changeset="147467492" timestamp="2024-02-14T21:31:27Z" user="Clarke22" uid="703694" lat="34.2331860" lon="-118.5887175"/>
 <node id="11624528085" visible="true" version="1" changeset="147467492" timestamp="2024-02-14T21:31:27Z" user="Clarke22" uid="703694" lat="34.2353038" lon="-118.5887260"/>
 <node id="11624528086" visible="true" version="1" changeset="147467492" timestamp="2024-02-14T21:31:27Z" user="Clarke22" uid="703694" lat="34.2353303" lon="-118.5887682"/>
 <node id="11624528087" visible="true" version="1" changeset="147467492" timestamp="2024-02-14T21:31:27Z" user="Clarke22" uid="703694" lat="34.2353312" lon="-118.5889998"/>
 <node id="11624528088" visible="true" version="1" changeset="147467492" timestamp="2024-02-14T21:31:27Z" user="Clarke22" uid="703694" lat="34.2352948" lon="-118.5887094"/>
 <node id="11652073697" visible="true" version="3" changeset="159946098" timestamp="2024-12-05T07:43:57Z" user="Clarke22" uid="703694" lat="34.2318907" lon="-118.5802547"/>
 <node id="11652073698" visible="true" version="3" changeset="159946098" timestamp="2024-12-05T07:43:57Z" user="Clarke22" uid="703694" lat="34.2319190" lon="-118.5805951"/>
 <node id="11652073699" visible="true" version="3" changeset="159946098" timestamp="2024-12-05T07:43:57Z" user="Clarke22" uid="703694" lat="34.2320113" lon="-118.5809550"/>
 <node id="11652073700" visible="true" version="3" changeset="159946098" timestamp="2024-12-05T07:43:57Z" user="Clarke22" uid="703694" lat="34.2323551" lon="-118.5815126"/>
 <node id="11652073701" visible="true" version="2" changeset="159946011" timestamp="2024-12-05T07:41:30Z" user="Clarke22" uid="703694" lat="34.2327536" lon="-118.5817864"/>
 <node id="11652073702" visible="true" version="2" changeset="159946011" timestamp="2024-12-05T07:41:30Z" user="Clarke22" uid="703694" lat="34.2342500" lon="-118.5818938"/>
 <node id="11652073703" visible="true" version="2" changeset="159946011" timestamp="2024-12-05T07:41:30Z" user="Clarke22" uid="703694" lat="34.2347650" lon="-118.5820727"/>
 <node id="11652073704" visible="true" version="2" changeset="159946011" timestamp="2024-12-05T07:41:30Z" user="Clarke22" uid="703694" lat="34.2349909" lon="-118.5822711"/>
 <node id="11652073705" visible="true" version="2" changeset="159946011" timestamp="2024-12-05T07:41:30Z" user="Clarke22" uid="703694" lat="34.2352735" lon="-118.5826537"/>
 <node id="11652073706" visible="true" version="2" changeset="159946011" timestamp="2024-12-05T07:41:30Z" user="Clarke22" uid="703694" lat="34.2354928" lon="-118.5833681"/>
 <node id="11652073707" visible="true" version="1" changeset="147759497" timestamp="2024-02-22T06:52:57Z" user="AragonChristopherR17Z" uid="3031704" lat="34.2355057" lon="-118.5835623"/>
 <node id="11971145422" visible="true" version="1" changeset="152522920" timestamp="2024-06-11T04:27:21Z" user="user_8466505" uid="8466505" lat="34.2349158" lon="-118.5876233">
  <tag k="amenity" v="cafe"/>
  <tag k="cuisine" v="bubble_tea"/>
  <tag k="name" v="Bon Bon"/>
 </node>
 <node id="11971145426" visible="true" version="1" changeset="152522920" timestamp="2024-06-11T04:27:21Z" user="user_8466505" uid="8466505" lat="34.2349143" lon="-118.5875814">
  <tag k="amenity" v="ice_cream"/>
  <tag k="brand" v="Yogurtland"/>
  <tag k="brand:wikidata" v="Q8054428"/>
  <tag k="cuisine" v="frozen_yogurt"/>
  <tag k="name" v="Yogurtland"/>
  <tag k="takeaway" v="yes"/>
 </node>
 <node id="12030194170" visible="true" version="1" changeset="153481139" timestamp="2024-07-03T01:35:18Z" user="KingKratos" uid="10468210" lat="34.2351326" lon="-118.5888682">
  <tag k="addr:city" v="Chatsworth"/>
  <tag k="addr:housenumber" v="9061"/>
  <tag k="addr:postcode" v="91311"/>
  <tag k="addr:state" v="CA"/>
  <tag k="addr:street" v="De Soto Avenue"/>
  <tag k="amenity" v="fuel"/>
  <tag k="brand" v="Shell"/>
  <tag k="brand:wikidata" v="Q110716465"/>
  <tag k="fuel:diesel" v="yes"/>
  <tag k="fuel:gasoline" v="yes"/>
  <tag k="mobile" v="+18187189032"/>
  <tag k="name" v="Shell"/>
  <tag k="opening_hours" v="24/7"/>
  <tag k="self_service" v="yes"/>
  <tag k="website" v="https://find.shell.com/us/fuel/10061034-9061-de-soto-ave/en_US"/>
 </node>
 <node id="12030194171" visible="true" version="3" changeset="186613564" timestamp="2026-07-29T22:00:48Z" user="watmildon" uid="11303102" lat="34.2350676" lon="-118.5896271">
  <tag k="addr:city" v="Chatsworth"/>
  <tag k="addr:housenumber" v="20914"/>
  <tag k="addr:postcode" v="91311"/>
  <tag k="addr:state" v="CA"/>
  <tag k="addr:street" v="Nordhoff Street"/>
  <tag k="leisure" v="sports_hall"/>
  <tag k="name" v="Gymnastics World"/>
  <tag k="note" v="Phone Number:+18187759922"/>
  <tag k="opening_hours" v="Su-Fr 12:00-20:00; Sa 09:30-14:30"/>
  <tag k="sport" v="gymnastics"/>
  <tag k="website" v="https://www.gymnasticsworld.com/"/>
  <tag k="wheelchair" v="yes"/>
 </node>
 <node id="12302098566" visible="true" version="1" changeset="158592018" timestamp="2024-10-31T17:56:24Z" user="GenSao" uid="14679343" lat="34.2382221" lon="-118.5886430"/>
 <node id="12302098567" visible="true" version="1" changeset="158592018" timestamp="2024-10-31T17:56:24Z" user="GenSao" uid="14679343" lat="34.2382255" lon="-118.5888991"/>
 <node id="12302098568" visible="true" version="1" changeset="158592018" timestamp="2024-10-31T17:56:24Z" user="GenSao" uid="14679343" lat="34.2383935" lon="-118.5897163"/>
 <node id="12302098569" visible="true" version="1" changeset="158592018" timestamp="2024-10-31T17:56:24Z" user="GenSao" uid="14679343" lat="34.2370962" lon="-118.5897244"/>
 <node id="12302098570" visible="true" version="1" changeset="158592018" timestamp="2024-10-31T17:56:24Z" user="GenSao" uid="14679343" lat="34.2370945" lon="-118.5886328"/>
 <node id="12302098571" visible="true" version="1" changeset="158592018" timestamp="2024-10-31T17:56:24Z" user="GenSao" uid="14679343" lat="34.2377429" lon="-118.5888500"/>
 <node id="12302098572" visible="true" version="1" changeset="158592018" timestamp="2024-10-31T17:56:24Z" user="GenSao" uid="14679343" lat="34.2377408" lon="-118.5887480"/>
 <node id="12302098573" visible="true" version="1" changeset="158592018" timestamp="2024-10-31T17:56:24Z" user="GenSao" uid="14679343" lat="34.2380912" lon="-118.5887531"/>
 <node id="12302098574" visible="true" version="1" changeset="158592018" timestamp="2024-10-31T17:56:24Z" user="GenSao" uid="14679343" lat="34.2380933" lon="-118.5888065"/>
 <node id="12302098575" visible="true" version="1" changeset="158592018" timestamp="2024-10-31T17:56:24Z" user="GenSao" uid="14679343" lat="34.2380979" lon="-118.5888080"/>
 <node id="12302098576" visible="true" version="1" changeset="158592018" timestamp="2024-10-31T17:56:24Z" user="GenSao" uid="14679343" lat="34.2381605" lon="-118.5888105"/>
 <node id="12302098577" visible="true" version="1" changeset="158592018" timestamp="2024-10-31T17:56:24Z" user="GenSao" uid="14679343" lat="34.2382072" lon="-118.5891952"/>
 <node id="12302098578" visible="true" version="1" changeset="158592018" timestamp="2024-10-31T17:56:24Z" user="GenSao" uid="14679343" lat="34.2382038" lon="-118.5892222"/>
 <node id="12302098579" visible="true" version="1" changeset="158592018" timestamp="2024-10-31T17:56:24Z" user="GenSao" uid="14679343" lat="34.2381504" lon="-118.5892054"/>
 <node id="12302098580" visible="true" version="1" changeset="158592018" timestamp="2024-10-31T17:56:24Z" user="GenSao" uid="14679343" lat="34.2381151" lon="-118.5891292"/>
 <node id="12302098581" visible="true" version="1" changeset="158592018" timestamp="2024-10-31T17:56:24Z" user="GenSao" uid="14679343" lat="34.2380593" lon="-118.5891485"/>
 <node id="12302098582" visible="true" version="1" changeset="158592018" timestamp="2024-10-31T17:56:24Z" user="GenSao" uid="14679343" lat="34.2380378" lon="-118.5891276"/>
 <node id="12302098583" visible="true" version="1" changeset="158592018" timestamp="2024-10-31T17:56:24Z" user="GenSao" uid="14679343" lat="34.2380164" lon="-118.5890484"/>
 <node id="12302098584" visible="true" version="1" changeset="158592018" timestamp="2024-10-31T17:56:24Z" user="GenSao" uid="14679343" lat="34.2380441" lon="-118.5890097"/>
 <node id="12302098585" visible="true" version="1" changeset="158592018" timestamp="2024-10-31T17:56:24Z" user="GenSao" uid="14679343" lat="34.2379997" lon="-118.5889662"/>
 <node id="12302098586" visible="true" version="1" changeset="158592018" timestamp="2024-10-31T17:56:24Z" user="GenSao" uid="14679343" lat="34.2380039" lon="-118.5890266"/>
 <node id="12302098587" visible="true" version="1" changeset="158592018" timestamp="2024-10-31T17:56:24Z" user="GenSao" uid="14679343" lat="34.2380144" lon="-118.5891557"/>
 <node id="12302098588" visible="true" version="1" changeset="158592018" timestamp="2024-10-31T17:56:24Z" user="GenSao" uid="14679343" lat="34.2380110" lon="-118.5891959"/>
 <node id="12302098589" visible="true" version="1" changeset="158592018" timestamp="2024-10-31T17:56:24Z" user="GenSao" uid="14679343" lat="34.2380001" lon="-118.5892279"/>
 <node id="12302098590" visible="true" version="1" changeset="158592018" timestamp="2024-10-31T17:56:24Z" user="GenSao" uid="14679343" lat="34.2379829" lon="-118.5892426"/>
 <node id="12302098591" visible="true" version="1" changeset="158592018" timestamp="2024-10-31T17:56:24Z" user="GenSao" uid="14679343" lat="34.2379493" lon="-118.5892497"/>
 <node id="12302098592" visible="true" version="1" changeset="158592018" timestamp="2024-10-31T17:56:24Z" user="GenSao" uid="14679343" lat="34.2378379" lon="-118.5892406"/>
 <node id="12302098593" visible="true" version="1" changeset="158592018" timestamp="2024-10-31T17:56:24Z" user="GenSao" uid="14679343" lat="34.2378127" lon="-118.5892177"/>
 <node id="12302098594" visible="true" version="1" changeset="158592018" timestamp="2024-10-31T17:56:24Z" user="GenSao" uid="14679343" lat="34.2378001" lon="-118.5891765"/>
 <node id="12302098595" visible="true" version="1" changeset="158592018" timestamp="2024-10-31T17:56:24Z" user="GenSao" uid="14679343" lat="34.2378022" lon="-118.5888496"/>
 <node id="12302098596" visible="true" version="1" changeset="158592018" timestamp="2024-10-31T17:56:24Z" user="GenSao" uid="14679343" lat="34.2382837" lon="-118.5893924"/>
 <node id="12302098597" visible="true" version="1" changeset="158592018" timestamp="2024-10-31T17:56:24Z" user="GenSao" uid="14679343" lat="34.2381273" lon="-118.5894281"/>
 <node id="12302098598" visible="true" version="1" changeset="158592018" timestamp="2024-10-31T17:56:24Z" user="GenSao" uid="14679343" lat="34.2380900" lon="-118.5894281"/>
 <node id="12302098599" visible="true" version="1" changeset="158592018" timestamp="2024-10-31T17:56:24Z" user="GenSao" uid="14679343" lat="34.2372349" lon="-118.5894290"/>
 <node id="12302098600" visible="true" version="1" changeset="158592018" timestamp="2024-10-31T17:56:24Z" user="GenSao" uid="14679343" lat="34.2381774" lon="-118.5894167">
  <tag k="highway" v="crossing"/>
 </node>
 <node id="12302119301" visible="true" version="1" changeset="158592018" timestamp="2024-10-31T17:56:24Z" user="GenSao" uid="14679343" lat="34.2371670" lon="-118.5894767"/>
 <node id="12302119302" visible="true" version="1" changeset="158592018" timestamp="2024-10-31T17:56:24Z" user="GenSao" uid="14679343" lat="34.2371112" lon="-118.5894761"/>
 <node id="12302119303" visible="true" version="1" changeset="158592018" timestamp="2024-10-31T17:56:24Z" user="GenSao" uid="14679343" lat="34.2371940" lon="-118.5894577">
  <tag k="highway" v="crossing"/>
 </node>
 <node id="12352478581" visible="true" version="1" changeset="159304434" timestamp="2024-11-18T23:30:35Z" user="AragonChristopherR17Z" uid="3031704" lat="34.2354933" lon="-118.5885533"/>
 <node id="12352478582" visible="true" version="1" changeset="159304434" timestamp="2024-11-18T23:30:35Z" user="AragonChristopherR17Z" uid="3031704" lat="34.1937896" lon="-118.5884742"/>
 <node id="12397258376" visible="true" version="1" changeset="159946098" timestamp="2024-12-05T07:43:57Z" user="Clarke22" uid="703694" lat="34.2318846" lon="-118.5711128"/>
 <node id="12397313488" visible="true" version="2" changeset="159946098" timestamp="2024-12-05T07:43:57Z" user="Clarke22" uid="703694" lat="34.2321690" lon="-118.5812878"/>
 <node id="12397313489" visible="true" version="1" changeset="159946011" timestamp="2024-12-05T07:41:30Z" user="Clarke22" uid="703694" lat="34.2354786" lon="-118.6027111"/>
 <node id="12397313490" visible="true" version="1" changeset="159946011" timestamp="2024-12-05T07:41:30Z" user="Clarke22" uid="703694" lat="34.2354555" lon="-118.5831259"/>
 <node id="12397313491" visible="true" version="1" changeset="159946011" timestamp="2024-12-05T07:41:30Z" user="Clarke22" uid="703694" lat="34.2353981" lon="-118.5829278"/>
 <node id="12397313492" visible="true" version="1" changeset="159946011" timestamp="2024-12-05T07:41:30Z" user="Clarke22" uid="703694" lat="34.2351364" lon="-118.5824433"/>
 <node id="12397313493" visible="true" version="1" changeset="159946011" timestamp="2024-12-05T07:41:30Z" user="Clarke22" uid="703694" lat="34.2344967" lon="-118.5819504"/>
 <node id="12397313494" visible="true" version="1" changeset="159946011" timestamp="2024-12-05T07:41:30Z" user="Clarke22" uid="703694" lat="34.2331366" lon="-118.5818832"/>
 <node id="12397313495" visible="true" version="2" changeset="159946098" timestamp="2024-12-05T07:43:57Z" user="Clarke22" uid="703694" lat="34.2325702" lon="-118.5816930"/>
 <node id="12397313496" visible="true" version="1" changeset="159946011" timestamp="2024-12-05T07:41:30Z" user="Clarke22" uid="703694" lat="34.2329552" lon="-118.5818523"/>
 <node id="12538896671" visible="true" version="1" changeset="161854101" timestamp="2025-01-28T11:34:43Z" user="RamanKazadoi" uid="14827949" lat="34.2363914" lon="-118.5883357"/>
 <node id="12538896672" visible="true" version="1" changeset="161854101" timestamp="2025-01-28T11:34:43Z" user="RamanKazadoi" uid="14827949" lat="34.2360819" lon="-118.5883523"/>
 <node id="12538896673" visible="true" version="1" changeset="161854101" timestamp="2025-01-28T11:34:43Z" user="RamanKazadoi" uid="14827949" lat="34.2360809" lon="-118.5882213"/>
 <node id="12538896674" visible="true" version="1" changeset="161854101" timestamp="2025-01-28T11:34:43Z" user="RamanKazadoi" uid="14827949" lat="34.2360633" lon="-118.5882215"/>
 <node id="12538896675" visible="true" version="1" changeset="161854101" timestamp="2025-01-28T11:34:43Z" user="RamanKazadoi" uid="14827949" lat="34.2360598" lon="-118.5877325"/>
 <node id="12538896676" visible="true" version="1" changeset="161854101" timestamp="2025-01-28T11:34:43Z" user="RamanKazadoi" uid="14827949" lat="34.2363928" lon="-118.5877391"/>
 <node id="12538896677" visible="true" version="1" changeset="161854101" timestamp="2025-01-28T11:34:43Z" user="RamanKazadoi" uid="14827949" lat="34.2359393" lon="-118.5881868"/>
 <node id="12538896678" visible="true" version="1" changeset="161854101" timestamp="2025-01-28T11:34:43Z" user="RamanKazadoi" uid="14827949" lat="34.2357533" lon="-118.5881852"/>
 <node id="12538896679" visible="true" version="1" changeset="161854101" timestamp="2025-01-28T11:34:43Z" user="RamanKazadoi" uid="14827949" lat="34.2357537" lon="-118.5881225"/>
 <node id="12538896680" visible="true" version="1" changeset="161854101" timestamp="2025-01-28T11:34:43Z" user="RamanKazadoi" uid="14827949" lat="34.2359397" lon="-118.5881241"/>
 <node id="12538896681" visible="true" version="1" changeset="161854101" timestamp="2025-01-28T11:34:43Z" user="RamanKazadoi" uid="14827949" lat="34.2358840" lon="-118.5879388"/>
 <node id="12538896682" visible="true" version="1" changeset="161854101" timestamp="2025-01-28T11:34:43Z" user="RamanKazadoi" uid="14827949" lat="34.2357457" lon="-118.5879390"/>
 <node id="12538896683" visible="true" version="1" changeset="161854101" timestamp="2025-01-28T11:34:43Z" user="RamanKazadoi" uid="14827949" lat="34.2357455" lon="-118.5877753"/>
 <node id="12538896684" visible="true" version="1" changeset="161854101" timestamp="2025-01-28T11:34:43Z" user="RamanKazadoi" uid="14827949" lat="34.2358838" lon="-118.5877752"/>
 <node id="12538896685" visible="true" version="1" changeset="161854101" timestamp="2025-01-28T11:34:43Z" user="RamanKazadoi" uid="14827949" lat="34.2359778" lon="-118.5885510"/>
 <node id="12538896686" visible="true" version="1" changeset="161854101" timestamp="2025-01-28T11:34:43Z" user="RamanKazadoi" uid="14827949" lat="34.2359817" lon="-118.5877915"/>
 <node id="12538896687" visible="true" version="1" changeset="161854101" timestamp="2025-01-28T11:34:43Z" user="RamanKazadoi" uid="14827949" lat="34.2359795" lon="-118.5882368"/>
 <node id="12538896688" visible="true" version="1" changeset="161854101" timestamp="2025-01-28T11:34:43Z" user="RamanKazadoi" uid="14827949" lat="34.2356987" lon="-118.5882358"/>
 <node id="12538896689" visible="true" version="1" changeset="161854101" timestamp="2025-01-28T11:34:43Z" user="RamanKazadoi" uid="14827949" lat="34.2356996" lon="-118.5878633"/>
 <node id="12538896690" visible="true" version="1" changeset="161854101" timestamp="2025-01-28T11:34:43Z" user="RamanKazadoi" uid="14827949" lat="34.2356929" lon="-118.5878465"/>
 <node id="12538896691" visible="true" version="1" changeset="161854101" timestamp="2025-01-28T11:34:43Z" user="RamanKazadoi" uid="14827949" lat="34.2356780" lon="-118.5878284"/>
 <node id="12538896692" visible="true" version="1" changeset="161854101" timestamp="2025-01-28T11:34:43Z" user="RamanKazadoi" uid="14827949" lat="34.2354685" lon="-118.5878163"/>
 <node id="12538896693" visible="true" version="1" changeset="161854101" timestamp="2025-01-28T11:34:43Z" user="RamanKazadoi" uid="14827949" lat="34.2359804" lon="-118.5880567"/>
 <node id="12538896694" visible="true" version="1" changeset="161854101" timestamp="2025-01-28T11:34:43Z" user="RamanKazadoi" uid="14827949" lat="34.2356991" lon="-118.5880514"/>
 <node id="12538896695" visible="true" version="1" changeset="161854101" timestamp="2025-01-28T11:34:43Z" user="RamanKazadoi" uid="14827949" lat="34.2359792" lon="-118.5882887"/>
 <node id="12538896696" visible="true" version="1" changeset="161854101" timestamp="2025-01-28T11:34:43Z" user="RamanKazadoi" uid="14827949" lat="34.2359786" lon="-118.5883965"/>
 <node id="12538896697" visible="true" version="1" changeset="161854101" timestamp="2025-01-28T11:34:43Z" user="RamanKazadoi" uid="14827949" lat="34.2356016" lon="-118.5878240"/>
 <node id="12852505956" visible="true" version="1" changeset="166554986" timestamp="2025-05-21T07:55:56Z" user="217541OSM" uid="8515581" lat="34.2285191" lon="-118.5883857">
  <tag k="bench" v="yes"/>
  <tag k="bin" v="no"/>
  <tag k="bus" v="yes"/>
  <tag k="highway" v="bus_stop"/>
  <tag k="name" v="De Soto/Parthenia"/>
  <tag k="network" v="Metro"/>
  <tag k="operator" v="LACMTA"/>
  <tag k="public_transport" v="platform"/>
  <tag k="shelter" v="no"/>
 </node>
 <node id="12852505965" visible="true" version="1" changeset="166554986" timestamp="2025-05-21T07:55:56Z" user="217541OSM" uid="8515581" lat="34.2332526" lon="-118.5883968">
  <tag k="bench" v="yes"/>
  <tag k="bin" v="yes"/>
  <tag k="bus" v="yes"/>
  <tag k="highway" v="bus_stop"/>
  <tag k="name" v="De Soto/Osborne"/>
  <tag k="network" v="Metro"/>
  <tag k="operator" v="LACMTA"/>
  <tag k="public_transport" v="platform"/>
  <tag k="shelter" v="no"/>
 </node>
 <node id="12852505967" visible="true" version="1" changeset="166554986" timestamp="2025-05-21T07:55:56Z" user="217541OSM" uid="8515581" lat="34.2352996" lon="-118.5886866"/>
 <node id="12852505968" visible="true" version="1" changeset="166554986" timestamp="2025-05-21T07:55:56Z" user="217541OSM" uid="8515581" lat="34.2351846" lon="-118.5884210"/>
 <node id="12852505969" visible="true" version="2" changeset="167209739" timestamp="2025-06-05T07:57:47Z" user="217541OSM" uid="8515581" lat="34.2351492" lon="-118.5887090">
  <tag k="bench" v="yes"/>
  <tag k="bin" v="no"/>
  <tag k="bus" v="yes"/>
  <tag k="departures_board" v="no"/>
  <tag k="highway" v="bus_stop"/>
  <tag k="name" v="De Soto/Nordhoff"/>
  <tag k="network" v="Metro Local"/>
  <tag k="network:wikidata" v="Q77610"/>
  <tag k="operator" v="Los Angeles County Metropolitan Transportation Authority"/>
  <tag k="operator:wikidata" v="Q3259702"/>
  <tag k="public_transport" v="platform"/>
  <tag k="shelter" v="no"/>
 </node>
 <node id="12852505970" visible="true" version="2" changeset="167209739" timestamp="2025-06-05T07:57:47Z" user="217541OSM" uid="8515581" lat="34.2358019" lon="-118.5883964">
  <tag k="bench" v="yes"/>
  <tag k="bin" v="yes"/>
  <tag k="bus" v="yes"/>
  <tag k="departures_board" v="no"/>
  <tag k="highway" v="bus_stop"/>
  <tag k="name" v="De Soto/Nordhoff"/>
  <tag k="network" v="Metro Local"/>
  <tag k="network:wikidata" v="Q77610"/>
  <tag k="operator" v="Los Angeles County Metropolitan Transportation Authority"/>
  <tag k="operator:wikidata" v="Q3259702"/>
  <tag k="public_transport" v="platform"/>
  <tag k="shelter" v="no"/>
 </node>
 <node id="12852505971" visible="true" version="3" changeset="167209739" timestamp="2025-06-05T07:57:47Z" user="217541OSM" uid="8515581" lat="34.2355932" lon="-118.5889341">
  <tag k="bench" v="yes"/>
  <tag k="bin" v="yes"/>
  <tag k="bus" v="yes"/>
  <tag k="departures_board" v="no"/>
  <tag k="highway" v="bus_stop"/>
  <tag k="name" v="Nordhoff/De Soto"/>
  <tag k="network" v="Metro Local"/>
  <tag k="network:wikidata" v="Q77610"/>
  <tag k="operator" v="Los Angeles County Metropolitan Transportation Authority"/>
  <tag k="operator:wikidata" v="Q3259702"/>
  <tag k="public_transport" v="platform"/>
  <tag k="shelter" v="no"/>
 </node>
 <node id="12852505972" visible="true" version="3" changeset="167209739" timestamp="2025-06-05T07:57:47Z" user="217541OSM" uid="8515581" lat="34.2353534" lon="-118.5882071">
  <tag k="bench" v="yes"/>
  <tag k="bin" v="yes"/>
  <tag k="bus" v="yes"/>
  <tag k="departures_board" v="no"/>
  <tag k="highway" v="bus_stop"/>
  <tag k="name" v="Nordhoff/De Soto"/>
  <tag k="network" v="Metro Local"/>
  <tag k="network:wikidata" v="Q77610"/>
  <tag k="operator" v="Los Angeles County Metropolitan Transportation Authority"/>
  <tag k="operator:wikidata" v="Q3259702"/>
  <tag k="public_transport" v="platform"/>
  <tag k="shelter" v="yes"/>
 </node>
 <node id="12852542233" visible="true" version="1" changeset="166555220" timestamp="2025-05-21T08:02:12Z" user="217541OSM" uid="8515581" lat="34.2380694" lon="-118.5884064">
  <tag k="bench" v="yes"/>
  <tag k="bin" v="yes"/>
  <tag k="bus" v="yes"/>
  <tag k="highway" v="bus_stop"/>
  <tag k="name" v="De Soto/Knapp"/>
  <tag k="network" v="Metro"/>
  <tag k="operator" v="LACMTA"/>
  <tag k="public_transport" v="platform"/>
  <tag k="shelter" v="no"/>
 </node>
 <node id="12852542234" visible="true" version="1" changeset="166555220" timestamp="2025-05-21T08:02:12Z" user="217541OSM" uid="8515581" lat="34.2380625" lon="-118.5887083">
  <tag k="bench" v="yes"/>
  <tag k="bin" v="yes"/>
  <tag k="bus" v="yes"/>
  <tag k="highway" v="bus_stop"/>
  <tag k="name" v="De Soto/Knapp"/>
  <tag k="network" v="Metro"/>
  <tag k="operator" v="LACMTA"/>
  <tag k="public_transport" v="platform"/>
  <tag k="shelter" v="no"/>
 </node>
 <node id="12888211261" visible="true" version="1" changeset="167209616" timestamp="2025-06-05T07:54:28Z" user="217541OSM" uid="8515581" lat="34.2353353" lon="-118.5936275">
  <tag k="amenity" v="bench"/>
 </node>
 <node id="12888211262" visible="true" version="1" changeset="167209616" timestamp="2025-06-05T07:54:28Z" user="217541OSM" uid="8515581" lat="34.2353358" lon="-118.5935999">
  <tag k="amenity" v="waste_basket"/>
 </node>
 <node id="12888211263" visible="true" version="1" changeset="167209616" timestamp="2025-06-05T07:54:28Z" user="217541OSM" uid="8515581" lat="34.2353347" lon="-118.5937033">
  <tag k="amenity" v="bench"/>
 </node>
 <node id="12888211264" visible="true" version="1" changeset="167209616" timestamp="2025-06-05T07:54:28Z" user="217541OSM" uid="8515581" lat="34.2353399" lon="-118.5936641">
  <tag k="bench" v="yes"/>
  <tag k="bin" v="yes"/>
  <tag k="bus" v="yes"/>
  <tag k="departures_board" v="no"/>
  <tag k="highway" v="bus_stop"/>
  <tag k="name" v="Nordhoff/Eton"/>
  <tag k="network" v="Metro Local"/>
  <tag k="network:wikidata" v="Q77610"/>
  <tag k="operator" v="Los Angeles County Metropolitan Transportation Authority"/>
  <tag k="operator:wikidata" v="Q3259702"/>
  <tag k="public_transport" v="platform"/>
  <tag k="shelter" v="no"/>
 </node>
 <node id="12888211265" visible="true" version="1" changeset="167209616" timestamp="2025-06-05T07:54:28Z" user="217541OSM" uid="8515581" lat="34.2355978" lon="-118.5941838">
  <tag k="amenity" v="bench"/>
 </node>
 <node id="12888211266" visible="true" version="1" changeset="167209616" timestamp="2025-06-05T07:54:28Z" user="217541OSM" uid="8515581" lat="34.2355990" lon="-118.5941593">
  <tag k="amenity" v="waste_basket"/>
 </node>
 <node id="12888211267" visible="true" version="2" changeset="176081763" timestamp="2025-12-18T08:11:03Z" user="007Transformer" uid="16577323" lat="34.2355921" lon="-118.5942755">
  <tag k="bench" v="yes"/>
  <tag k="bin" v="yes"/>
  <tag k="bus" v="yes"/>
  <tag k="departures_board" v="no"/>
  <tag k="highway" v="bus_stop"/>
  <tag k="name" v="Nordhoff/Eton"/>
  <tag k="network" v="Metro Local"/>
  <tag k="network:wikidata" v="Q77610"/>
  <tag k="operator" v="Los Angeles County Metropolitan Transportation Authority"/>
  <tag k="operator:wikidata" v="Q3259702"/>
  <tag k="public_transport" v="platform"/>
  <tag k="shelter" v="no"/>
 </node>
 <node id="12888211268" visible="true" version="2" changeset="176081763" timestamp="2025-12-18T08:11:03Z" user="007Transformer" uid="16577323" lat="34.2356869" lon="-118.5942766"/>
 <node id="12888211269" visible="true" version="1" changeset="167209616" timestamp="2025-06-05T07:54:28Z" user="217541OSM" uid="8515581" lat="34.2358079" lon="-118.5942827"/>
 <node id="12888211270" visible="true" version="1" changeset="167209616" timestamp="2025-06-05T07:54:28Z" user="217541OSM" uid="8515581" lat="34.2359796" lon="-118.5940737"/>
 <node id="12888211271" visible="true" version="1" changeset="167209616" timestamp="2025-06-05T07:54:28Z" user="217541OSM" uid="8515581" lat="34.2358195" lon="-118.5942686"/>
 <node id="12888235265" visible="true" version="2" changeset="167513884" timestamp="2025-06-12T01:55:56Z" user="Clarke22" uid="703694" lat="34.2353568" lon="-118.5882813"/>
 <node id="12888235266" visible="true" version="2" changeset="167513884" timestamp="2025-06-12T01:55:56Z" user="Clarke22" uid="703694" lat="34.2353571" lon="-118.5882425"/>
 <node id="12888235267" visible="true" version="2" changeset="167513884" timestamp="2025-06-12T01:55:56Z" user="Clarke22" uid="703694" lat="34.2353401" lon="-118.5882423"/>
 <node id="12888235268" visible="true" version="2" changeset="167513884" timestamp="2025-06-12T01:55:56Z" user="Clarke22" uid="703694" lat="34.2353398" lon="-118.5882811"/>
 <node id="12888235269" visible="true" version="1" changeset="167209679" timestamp="2025-06-05T07:56:17Z" user="217541OSM" uid="8515581" lat="34.2353502" lon="-118.5881666">
  <tag k="amenity" v="bench"/>
 </node>
 <node id="12888235270" visible="true" version="1" changeset="167209679" timestamp="2025-06-05T07:56:17Z" user="217541OSM" uid="8515581" lat="34.2353496" lon="-118.5881340">
  <tag k="amenity" v="waste_basket"/>
 </node>
 <node id="12888235271" visible="true" version="1" changeset="167209679" timestamp="2025-06-05T07:56:17Z" user="217541OSM" uid="8515581" lat="34.2356041" lon="-118.5889046">
  <tag k="amenity" v="bench"/>
 </node>
 <node id="12888235272" visible="true" version="1" changeset="167209679" timestamp="2025-06-05T07:56:17Z" user="217541OSM" uid="8515581" lat="34.2356046" lon="-118.5889520">
  <tag k="amenity" v="waste_basket"/>
 </node>
 <node id="12888235273" visible="true" version="2" changeset="167513884" timestamp="2025-06-12T01:55:56Z" user="Clarke22" uid="703694" lat="34.2353355" lon="-118.5882843"/>
 <node id="12888250607" visible="true" version="1" changeset="167209739" timestamp="2025-06-05T07:57:47Z" user="217541OSM" uid="8515581" lat="34.2358197" lon="-118.5884111">
  <tag k="amenity" v="bench"/>
 </node>
 <node id="12888250608" visible="true" version="1" changeset="167209739" timestamp="2025-06-05T07:57:47Z" user="217541OSM" uid="8515581" lat="34.2357739" lon="-118.5884075">
  <tag k="amenity" v="bench"/>
 </node>
 <node id="12888250609" visible="true" version="1" changeset="167209739" timestamp="2025-06-05T07:57:47Z" user="217541OSM" uid="8515581" lat="34.2357986" lon="-118.5884079">
  <tag k="amenity" v="waste_basket"/>
 </node>
 <node id="12888250610" visible="true" version="1" changeset="167209739" timestamp="2025-06-05T07:57:47Z" user="217541OSM" uid="8515581" lat="34.2351487" lon="-118.5887194">
  <tag k="amenity" v="bench"/>
 </node>
 <node id="12908561300" visible="true" version="1" changeset="167513884" timestamp="2025-06-12T01:55:56Z" user="Clarke22" uid="703694" lat="34.2353358" lon="-118.5882296"/>
 <node id="12908623101" visible="true" version="1" changeset="167513884" timestamp="2025-06-12T01:55:56Z" user="Clarke22" uid="703694" lat="34.2353439" lon="-118.5881254"/>
 <node id="12944743367" visible="true" version="4" changeset="181859621" timestamp="2026-04-26T18:57:04Z" user="stillhart" uid="4430457" lat="34.2380200" lon="-118.5894100">
  <tag k="access" v="yes"/>
  <tag k="addr:city" v="Chatsworth"/>
  <tag k="addr:country" v="US"/>
  <tag k="addr:housenumber" v="9185"/>
  <tag k="addr:postcode" v="91311"/>
  <tag k="addr:state" v="CA"/>
  <tag k="addr:street" v="De Soto Avenue"/>
  <tag k="amenity" v="charging_station"/>
  <tag k="authentication:app" v="yes"/>
  <tag k="bicycle" v="no"/>
  <tag k="brand" v="Tesla Supercharger"/>
  <tag k="brand:en" v="Tesla Supercharger"/>
  <tag k="brand:website" v="https://www.tesla.com/supercharger"/>
  <tag k="brand:wikidata" v="Q17089620"/>
  <tag k="bus" v="no"/>
  <tag k="capacity" v="8"/>
  <tag k="capacity:disabled" v="2"/>
  <tag k="ele" v="273"/>
  <tag k="fee" v="yes"/>
  <tag k="frequency" v="0"/>
  <tag k="hgv" v="no"/>
  <tag k="maxstay" v="no"/>
  <tag k="motorcar" v="designated"/>
  <tag k="name" v="Tesla Supercharger"/>
  <tag k="network" v="Supercharger"/>
  <tag k="network:website" v="https://www.tesla.com/supercharger"/>
  <tag k="network:wikidata" v="Q17089620"/>
  <tag k="note" v="This Tesla Supercharger was edited or added by the June 2025 import from supercharge.info... if you have any questions, comments, or concerns, please reach out to the US Slack / Forum"/>
  <tag k="opening_hours" v="24/7"/>
  <tag k="operator" v="Tesla, Inc."/>
  <tag k="operator:wikidata" v="Q478214"/>
  <tag k="operator:wikipedia" v="en:Tesla, Inc."/>
  <tag k="payment:app:tesla" v="yes"/>
  <tag k="ref:plugshare" v="704183"/>
  <tag k="ref:supercharge_info" v="6241"/>
  <tag k="ref:tesla" v="26144"/>
  <tag k="reservation" v="no"/>
  <tag k="scooter" v="no"/>
  <tag k="socket:nacs" v="8"/>
  <tag k="socket:nacs:output" v="250"/>
  <tag k="source" v="https://supercharge.info"/>
  <tag k="start_date" v="2024-10-30"/>
  <tag k="website" v="https://www.tesla.com/findus/location/supercharger/26144"/>
 </node>
 <node id="12966154355" visible="true" version="1" changeset="168348646" timestamp="2025-07-01T11:08:55Z" user="Shel_Sri" uid="15008590" lat="34.2347114" lon="-118.5906459"/>
 <node id="12966154356" visible="true" version="1" changeset="168348646" timestamp="2025-07-01T11:08:55Z" user="Shel_Sri" uid="15008590" lat="34.2353408" lon="-118.5903468"/>
 <node id="12966154357" visible="true" version="1" changeset="168348646" timestamp="2025-07-01T11:08:55Z" user="Shel_Sri" uid="15008590" lat="34.2347116" lon="-118.5906359">
  <tag k="barrier" v="gate"/>
 </node>
 <node id="12966154358" visible="true" version="1" changeset="168348646" timestamp="2025-07-01T11:08:55Z" user="Shel_Sri" uid="15008590" lat="34.2353341" lon="-118.5903473">
  <tag k="barrier" v="gate"/>
 </node>
 <node id="12966154359" visible="true" version="1" changeset="168348646" timestamp="2025-07-01T11:08:55Z" user="Shel_Sri" uid="15008590" lat="34.2347094" lon="-118.5907335"/>
 <node id="12966154360" visible="true" version="1" changeset="168348646" timestamp="2025-07-01T11:08:55Z" user="Shel_Sri" uid="15008590" lat="34.2347147" lon="-118.5904117"/>
 <node id="12966154361" visible="true" version="1" changeset="168348646" timestamp="2025-07-01T11:08:55Z" user="Shel_Sri" uid="15008590" lat="34.2347165" lon="-118.5903777"/>
 <node id="12966154362" visible="true" version="1" changeset="168348646" timestamp="2025-07-01T11:08:55Z" user="Shel_Sri" uid="15008590" lat="34.2347323" lon="-118.5903521"/>
 <node id="12966154363" visible="true" version="1" changeset="168348646" timestamp="2025-07-01T11:08:55Z" user="Shel_Sri" uid="15008590" lat="34.2347587" lon="-118.5903500"/>
 <node id="12966154364" visible="true" version="1" changeset="168348646" timestamp="2025-07-01T11:08:55Z" user="Shel_Sri" uid="15008590" lat="34.2348248" lon="-118.5903500"/>
 <node id="12966154365" visible="true" version="1" changeset="168348646" timestamp="2025-07-01T11:08:55Z" user="Shel_Sri" uid="15008590" lat="34.2349313" lon="-118.5903510"/>
 <node id="12966154366" visible="true" version="1" changeset="168348646" timestamp="2025-07-01T11:08:55Z" user="Shel_Sri" uid="15008590" lat="34.2354673" lon="-118.5903436"/>
 <node id="13003565588" visible="true" version="1" changeset="168994343" timestamp="2025-07-16T05:26:33Z" user="Tinetto" uid="14728702" lat="34.2352513" lon="-118.5907355"/>
 <node id="13003565589" visible="true" version="1" changeset="168994343" timestamp="2025-07-16T05:26:33Z" user="Tinetto" uid="14728702" lat="34.2352525" lon="-118.5906479"/>
 <node id="13003565590" visible="true" version="1" changeset="168994343" timestamp="2025-07-16T05:26:33Z" user="Tinetto" uid="14728702" lat="34.2352530" lon="-118.5906355">
  <tag k="barrier" v="gate"/>
 </node>
 <node id="13003565591" visible="true" version="1" changeset="168994343" timestamp="2025-07-16T05:26:33Z" user="Tinetto" uid="14728702" lat="34.2352547" lon="-118.5904907"/>
 <node id="13003565592" visible="true" version="1" changeset="168994343" timestamp="2025-07-16T05:26:33Z" user="Tinetto" uid="14728702" lat="34.2352541" lon="-118.5903480"/>
 <node id="13255365246" visible="true" version="1" changeset="173743068" timestamp="2025-10-25T06:43:30Z" user="Abaluni_Lyft" uid="23086916" lat="34.2341475" lon="-118.5887061"/>
 <node id="13385744591" visible="true" version="1" changeset="176081763" timestamp="2025-12-18T08:11:03Z" user="007Transformer" uid="16577323" lat="34.2357745" lon="-118.5942840"/>
 <node id="13845498080" visible="true" version="1" changeset="182838541" timestamp="2026-05-18T15:28:01Z" user="bhartinegi_lyft" uid="23086961" lat="34.2354686" lon="-118.5888263"/>
 <node id="13845498081" visible="true" version="1" changeset="182838541" timestamp="2026-05-18T15:28:01Z" user="bhartinegi_lyft" uid="23086961" lat="34.2353431" lon="-118.5888287"/>
 <node id="13845498082" visible="true" version="1" changeset="182838541" timestamp="2026-05-18T15:28:01Z" user="bhartinegi_lyft" uid="23086961" lat="34.2352478" lon="-118.5888281"/>
 <node id="13845498083" visible="true" version="1" changeset="182838541" timestamp="2026-05-18T15:28:01Z" user="bhartinegi_lyft" uid="23086961" lat="34.2352468" lon="-118.5889551"/>
 <node id="13845498084" visible="true" version="1" changeset="182838541" timestamp="2026-05-18T15:28:01Z" user="bhartinegi_lyft" uid="23086961" lat="34.2351868" lon="-118.5889532"/>
 <node id="13845498085" visible="true" version="1" changeset="182838541" timestamp="2026-05-18T15:28:01Z" user="bhartinegi_lyft" uid="23086961" lat="34.2350760" lon="-118.5889501"/>
 <node id="13845498086" visible="true" version="1" changeset="182838541" timestamp="2026-05-18T15:28:01Z" user="bhartinegi_lyft" uid="23086961" lat="34.2350135" lon="-118.5889501"/>
 <node id="13845498087" visible="true" version="1" changeset="182838541" timestamp="2026-05-18T15:28:01Z" user="bhartinegi_lyft" uid="23086961" lat="34.2350130" lon="-118.5887825"/>
 <node id="13845498088" visible="true" version="1" changeset="182838541" timestamp="2026-05-18T15:28:01Z" user="bhartinegi_lyft" uid="23086961" lat="34.2350755" lon="-118.5887813"/>
 <node id="13845498089" visible="true" version="1" changeset="182838541" timestamp="2026-05-18T15:28:01Z" user="bhartinegi_lyft" uid="23086961" lat="34.2351863" lon="-118.5887807"/>
 <node id="13845498090" visible="true" version="1" changeset="182838541" timestamp="2026-05-18T15:28:01Z" user="bhartinegi_lyft" uid="23086961" lat="34.2352483" lon="-118.5887807"/>
 <node id="13845498091" visible="true" version="1" changeset="182838541" timestamp="2026-05-18T15:28:01Z" user="bhartinegi_lyft" uid="23086961" lat="34.2352475" lon="-118.5888725"/>
 <node id="13845498092" visible="true" version="1" changeset="182838541" timestamp="2026-05-18T15:28:01Z" user="bhartinegi_lyft" uid="23086961" lat="34.2351865" lon="-118.5888706"/>
 <node id="13845498093" visible="true" version="1" changeset="182838541" timestamp="2026-05-18T15:28:01Z" user="bhartinegi_lyft" uid="23086961" lat="34.2350757" lon="-118.5888712"/>
 <node id="13845498094" visible="true" version="1" changeset="182838541" timestamp="2026-05-18T15:28:01Z" user="bhartinegi_lyft" uid="23086961" lat="34.2350128" lon="-118.5888719"/>
 <node id="13845498095" visible="true" version="1" changeset="182838541" timestamp="2026-05-18T15:28:01Z" user="bhartinegi_lyft" uid="23086961" lat="34.2350101" lon="-118.5887086"/>
 <node id="13845498096" visible="true" version="1" changeset="182838541" timestamp="2026-05-18T15:28:01Z" user="bhartinegi_lyft" uid="23086961" lat="34.2350084" lon="-118.5885509"/>
 <node id="13845498097" visible="true" version="1" changeset="182838541" timestamp="2026-05-18T15:28:01Z" user="bhartinegi_lyft" uid="23086961" lat="34.2352461" lon="-118.5887093"/>
 <node id="13845498098" visible="true" version="1" changeset="182838541" timestamp="2026-05-18T15:28:01Z" user="bhartinegi_lyft" uid="23086961" lat="34.2352434" lon="-118.5885502"/>
 <way id="13375657" visible="true" version="18" changeset="117449430" timestamp="2022-02-15T19:50:38Z" user="Clarke22" uid="703694">
  <nd ref="123132814"/>
  <nd ref="7539501405"/>
  <nd ref="9411478995"/>
  <nd ref="365307773"/>
  <nd ref="3792885087"/>
  <nd ref="3792885086"/>
  <nd ref="365307774"/>
  <nd ref="123132817"/>
  <nd ref="6787705525"/>
  <nd ref="6708752900"/>
  <nd ref="7540860193"/>
  <nd ref="366153790"/>
  <nd ref="366153701"/>
  <nd ref="366153703"/>
  <nd ref="366153567"/>
  <nd ref="7930448839"/>
  <nd ref="122902228"/>
  <tag k="highway" v="unclassified"/>
  <tag k="lanes" v="2"/>
  <tag k="name" v="Knapp Street"/>
  <tag k="tiger:cfcc" v="A41"/>
  <tag k="tiger:name_base" v="Knapp"/>
  <tag k="tiger:name_type" v="St"/>
 </way>
 <way id="13379813" visible="true" version="10" changeset="129381892" timestamp="2022-11-25T20:22:41Z" user="stst415" uid="15080366">
  <nd ref="123161651"/>
  <nd ref="6403173533"/>
  <nd ref="7539501409"/>
  <nd ref="6708752905"/>
  <nd ref="123161657"/>
  <tag k="highway" v="unclassified"/>
  <tag k="lanes" v="2"/>
  <tag k="name" v="Gazette Avenue"/>
  <tag k="tiger:cfcc" v="A41"/>
  <tag k="tiger:county" v="Los Angeles, CA"/>
  <tag k="tiger:name_base" v="Gazette"/>
  <tag k="tiger:name_type" v="Ave"/>
  <tag k="tiger:reviewed" v="no"/>
 </way>
 <way id="13445107" visible="true" version="11" changeset="116047811" timestamp="2022-01-12T03:34:17Z" user="Clarke22" uid="703694">
  <nd ref="123645492"/>
  <nd ref="6403173372"/>
  <nd ref="6787705486"/>
  <nd ref="9411653603"/>
  <nd ref="123473939"/>
  <nd ref="9411653610"/>
  <nd ref="9411653602"/>
  <nd ref="9411653597"/>
  <nd ref="9411653596"/>
  <nd ref="9411653613"/>
  <nd ref="123161651"/>
  <nd ref="9411653616"/>
  <nd ref="9411678419"/>
  <nd ref="6787705503"/>
  <nd ref="6787705489"/>
  <nd ref="4818899552"/>
  <nd ref="6708752904"/>
  <nd ref="6708752902"/>
  <nd ref="123645495"/>
  <tag k="highway" v="unclassified"/>
  <tag k="name" v="Dearborn Street"/>
  <tag k="tiger:cfcc" v="A41"/>
  <tag k="tiger:name_base" v="Dearborn"/>
  <tag k="tiger:name_type" v="St"/>
 </way>
 <way id="32572136" visible="true" version="28" changeset="168994343" timestamp="2025-07-16T05:26:33Z" user="Tinetto" uid="14728702">
  <nd ref="4621430409"/>
  <nd ref="6762872529"/>
  <nd ref="122902226"/>
  <nd ref="6762872525"/>
  <nd ref="6787705516"/>
  <nd ref="2592122690"/>
  <nd ref="6787705513"/>
  <nd ref="12966154359"/>
  <nd ref="7907614037"/>
  <nd ref="13003565588"/>
  <nd ref="6762850780"/>
  <nd ref="6762850778"/>
  <nd ref="122746960"/>
  <nd ref="6762850782"/>
  <nd ref="6762850781"/>
  <nd ref="7165369188"/>
  <nd ref="366153495"/>
  <nd ref="366154451"/>
  <nd ref="7165360578"/>
  <nd ref="366154452"/>
  <nd ref="7165360571"/>
  <nd ref="366154454"/>
  <nd ref="5548446084"/>
  <nd ref="7207585820"/>
  <nd ref="7207585809"/>
  <nd ref="366154456"/>
  <nd ref="7207585825"/>
  <nd ref="366154457"/>
  <nd ref="366154459"/>
  <nd ref="7207585824"/>
  <nd ref="7920118240"/>
  <nd ref="122902228"/>
  <nd ref="6790200976"/>
  <nd ref="7463194163"/>
  <nd ref="366154461"/>
  <tag k="highway" v="unclassified"/>
  <tag k="maxspeed" v="25 mph"/>
  <tag k="name" v="Independence Avenue"/>
  <tag k="tiger:cfcc" v="A41"/>
  <tag k="tiger:county" v="Los Angeles, CA"/>
  <tag k="tiger:name_base" v="Independence"/>
  <tag k="tiger:name_type" v="Ave"/>
 </way>
 <way id="375932501" visible="true" version="3" changeset="125063722" timestamp="2022-08-18T13:54:28Z" user="stst415" uid="15080366">
  <nd ref="365567208"/>
  <nd ref="365567209"/>
  <tag k="name" v="Browns Canyon Wash"/>
  <tag k="waterway" v="stream"/>
 </way>
 <way id="375932502" visible="true" version="1" changeset="34733005" timestamp="2015-10-19T13:42:37Z" user="Adam Martin" uid="1539368">
  <nd ref="365567209"/>
  <nd ref="3792715282"/>
  <nd ref="365567211"/>
  <nd ref="3792715281"/>
  <nd ref="365567212"/>
  <nd ref="3792715280"/>
  <nd ref="365567213"/>
  <nd ref="3792715279"/>
  <nd ref="3792715278"/>
  <nd ref="365567215"/>
  <nd ref="365567216"/>
  <nd ref="365567218"/>
  <nd ref="3792715277"/>
  <nd ref="365567219"/>
  <nd ref="365567220"/>
  <tag k="name" v="Browns Canyon Wash"/>
  <tag k="waterway" v="stream"/>
 </way>
 <way id="375932508" visible="true" version="6" changeset="159628714" timestamp="2024-11-26T18:11:52Z" user="Intetics_Dmitriy_Shaulskiy" uid="22206033">
  <nd ref="3792715283"/>
  <nd ref="122746956"/>
  <tag k="bridge" v="yes"/>
  <tag k="highway" v="primary"/>
  <tag k="layer" v="1"/>
  <tag k="maxspeed" v="40 mph"/>
  <tag k="name" v="Nordhoff Street"/>
  <tag k="tiger:cfcc" v="A41"/>
  <tag k="tiger:county" v="Los Angeles, CA"/>
  <tag k="tiger:name_base" v="Nordhoff"/>
  <tag k="tiger:name_type" v="St"/>
  <tag k="tiger:reviewed" v="no"/>
 </way>
 <way id="375951349" visible="true" version="7" changeset="118684557" timestamp="2022-03-20T03:42:42Z" user="stst415" uid="15080366">
  <nd ref="3792885082"/>
  <nd ref="6234385612"/>
  <nd ref="6234385607"/>
  <nd ref="3792885083"/>
  <tag k="highway" v="service"/>
  <tag k="maxspeed" v="15 mph"/>
  <tag k="name" v="Alley ‎87441"/>
  <tag k="name:signed" v="no"/>
  <tag k="service" v="alley"/>
 </way>
 <way id="375951352" visible="true" version="1" changeset="34736352" timestamp="2015-10-19T16:17:20Z" user="Adam Martin" uid="1539368">
  <nd ref="365567200"/>
  <nd ref="365567202"/>
  <nd ref="365567203"/>
  <nd ref="365567204"/>
  <nd ref="365567206"/>
  <nd ref="365567207"/>
  <nd ref="365567208"/>
  <tag k="name" v="Browns Canyon Wash"/>
  <tag k="waterway" v="stream"/>
 </way>
 <way id="386905364" visible="true" version="2" changeset="40754369" timestamp="2016-07-15T06:28:45Z" user="PlaneMad" uid="1306">
  <nd ref="3902625522"/>
  <nd ref="4303675449"/>
  <nd ref="4303675447"/>
  <nd ref="3902625521"/>
  <nd ref="4303675398"/>
  <nd ref="4303675401"/>
  <nd ref="4303675417"/>
  <nd ref="4303675410"/>
  <nd ref="4303675432"/>
  <nd ref="4303675435"/>
  <nd ref="3902625520"/>
  <nd ref="4303675442"/>
  <nd ref="4303675445"/>
  <nd ref="4303675467"/>
  <nd ref="4303675464"/>
  <nd ref="4303675468"/>
  <nd ref="4303675470"/>
  <nd ref="4303675471"/>
  <nd ref="4303675472"/>
  <nd ref="4303675475"/>
  <nd ref="4303675485"/>
  <nd ref="4303675488"/>
  <nd ref="4303675493"/>
  <nd ref="4303675495"/>
  <nd ref="4303675498"/>
  <nd ref="4303675497"/>
  <nd ref="4303675510"/>
  <nd ref="4303675507"/>
  <nd ref="4303675522"/>
  <nd ref="4303675526"/>
  <nd ref="3902625519"/>
  <nd ref="4303675534"/>
  <nd ref="4303675542"/>
  <nd ref="4303675539"/>
  <nd ref="4303675537"/>
  <nd ref="4303675532"/>
  <nd ref="4303675538"/>
  <nd ref="4303675533"/>
  <nd ref="4303675536"/>
  <nd ref="4303675527"/>
  <nd ref="4303675530"/>
  <nd ref="4303675529"/>
  <nd ref="4303675516"/>
  <nd ref="4303675512"/>
  <nd ref="4303675518"/>
  <nd ref="4303675514"/>
  <nd ref="4303675511"/>
  <nd ref="3902625522"/>
  <tag k="building" v="industrial"/>
  <tag k="ele" v="283.6"/>
  <tag k="height" v="10.1"/>
  <tag k="lacounty:ain" v="2746009021"/>
  <tag k="lacounty:bld_id" v="2014121102990000"/>
  <tag k="start_date" v="1957"/>
 </way>
 <way id="399315546" visible="true" version="11" changeset="182838541" timestamp="2026-05-18T15:28:01Z" user="bhartinegi_lyft" uid="23086961">
  <nd ref="11335554660"/>
  <nd ref="6762850776"/>
  <nd ref="11335554664"/>
  <nd ref="13845498098"/>
  <nd ref="13845498096"/>
  <nd ref="5544335145"/>
  <nd ref="4020500468"/>
  <tag k="highway" v="primary"/>
  <tag k="lanes" v="7"/>
  <tag k="lanes:backward" v="4"/>
  <tag k="lanes:forward" v="3"/>
  <tag k="maxspeed" v="40 mph"/>
  <tag k="name" v="De Soto Avenue"/>
  <tag k="tiger:cfcc" v="A41"/>
  <tag k="tiger:county" v="Los Angeles, CA"/>
  <tag k="tiger:name_base" v="De Soto"/>
  <tag k="tiger:name_type" v="Ave"/>
  <tag k="turn:lanes:backward" v="left|||"/>
 </way>
 <way id="401075315" visible="true" version="4" changeset="159626912" timestamp="2024-11-26T17:28:52Z" user="Intetics_Marianna_Zaitseva" uid="22217935">
  <nd ref="4035394769"/>
  <nd ref="4035394768"/>
  <tag k="highway" v="primary"/>
  <tag k="lanes" v="6"/>
  <tag k="lanes:backward" v="3"/>
  <tag k="lanes:forward" v="3"/>
  <tag k="maxspeed" v="40 mph"/>
  <tag k="name" v="De Soto Avenue"/>
  <tag k="tiger:cfcc" v="A41"/>
  <tag k="tiger:county" v="Los Angeles, CA"/>
  <tag k="tiger:name_base" v="De Soto"/>
  <tag k="tiger:name_type" v="Ave"/>
 </way>
 <way id="401075317" visible="true" version="8" changeset="159625479" timestamp="2024-11-26T16:50:24Z" user="Intetics_Marina_Tolkacheva" uid="22222257">
  <nd ref="123132814"/>
  <nd ref="7539501406"/>
  <nd ref="10950095826"/>
  <nd ref="4035394766"/>
  <tag k="highway" v="primary"/>
  <tag k="lanes:backward" v="4"/>
  <tag k="lanes:forward" v="3"/>
  <tag k="maxspeed" v="40 mph"/>
  <tag k="name" v="De Soto Avenue"/>
  <tag k="tiger:cfcc" v="A41"/>
  <tag k="tiger:name_base" v="De Soto"/>
  <tag k="tiger:name_type" v="Ave"/>
  <tag k="turn:lanes:backward" v="left|none|none|none"/>
 </way>
 <way id="401075321" visible="true" version="4" changeset="159625479" timestamp="2024-11-26T16:50:24Z" user="Intetics_Marina_Tolkacheva" uid="22222257">
  <nd ref="4035394766"/>
  <nd ref="5548446097"/>
  <nd ref="4035394765"/>
  <tag k="highway" v="primary"/>
  <tag k="maxspeed" v="40 mph"/>
  <tag k="name" v="De Soto Avenue"/>
  <tag k="tiger:cfcc" v="A41"/>
  <tag k="tiger:county" v="Los Angeles, CA"/>
  <tag k="tiger:name_base" v="De Soto"/>
  <tag k="tiger:name_type" v="Ave"/>
 </way>
 <way id="401075329" visible="true" version="6" changeset="159701467" timestamp="2024-11-28T13:13:54Z" user="Intetics_Dmitriy_Shaulskiy" uid="22206033">
  <nd ref="123645495"/>
  <nd ref="5548446102"/>
  <nd ref="4818899550"/>
  <nd ref="4818899568"/>
  <nd ref="5548446098"/>
  <nd ref="4035394763"/>
  <tag k="highway" v="primary"/>
  <tag k="maxspeed" v="40 mph"/>
  <tag k="name" v="De Soto Avenue"/>
  <tag k="tiger:cfcc" v="A41"/>
  <tag k="tiger:name_base" v="De Soto"/>
  <tag k="tiger:name_type" v="Ave"/>
 </way>
 <way id="401075335" visible="true" version="7" changeset="159626912" timestamp="2024-11-26T17:28:52Z" user="Intetics_Marianna_Zaitseva" uid="22217935">
  <nd ref="4035394768"/>
  <nd ref="6787705502"/>
  <nd ref="10950095825"/>
  <nd ref="123132814"/>
  <tag k="highway" v="primary"/>
  <tag k="lanes" v="7"/>
  <tag k="lanes:backward" v="3"/>
  <tag k="lanes:forward" v="4"/>
  <tag k="maxspeed" v="40 mph"/>
  <tag k="name" v="De Soto Avenue"/>
  <tag k="tiger:cfcc" v="A41"/>
  <tag k="tiger:county" v="Los Angeles, CA"/>
  <tag k="tiger:name_base" v="De Soto"/>
  <tag k="tiger:name_type" v="Ave"/>
  <tag k="turn:lanes:forward" v="left|none|none|none"/>
 </way>
 <way id="401075338" visible="true" version="7" changeset="159625479" timestamp="2024-11-26T16:50:24Z" user="Intetics_Marina_Tolkacheva" uid="22222257">
  <nd ref="4035394765"/>
  <nd ref="5548446092"/>
  <nd ref="123645495"/>
  <tag k="highway" v="primary"/>
  <tag k="lanes:backward" v="3"/>
  <tag k="lanes:forward" v="4"/>
  <tag k="maxspeed" v="40 mph"/>
  <tag k="name" v="De Soto Avenue"/>
  <tag k="tiger:cfcc" v="A41"/>
  <tag k="tiger:name_base" v="De Soto"/>
  <tag k="tiger:name_type" v="Ave"/>
  <tag k="turn:lanes:forward" v="left|||"/>
 </way>
 <way id="401075339" visible="true" version="10" changeset="161854101" timestamp="2025-01-28T11:34:43Z" user="RamanKazadoi" uid="14827949">
  <nd ref="4035394763"/>
  <nd ref="4818899572"/>
  <nd ref="7907614044"/>
  <nd ref="12538896685"/>
  <nd ref="4818899554"/>
  <nd ref="11335554663"/>
  <nd ref="6762850772"/>
  <nd ref="11335554660"/>
  <tag k="highway" v="primary"/>
  <tag k="lanes:backward" v="3"/>
  <tag k="lanes:forward" v="4"/>
  <tag k="maxspeed" v="40 mph"/>
  <tag k="name" v="De Soto Avenue"/>
  <tag k="tiger:cfcc" v="A41"/>
  <tag k="tiger:county" v="Los Angeles, CA"/>
  <tag k="tiger:name_base" v="De Soto"/>
  <tag k="tiger:name_type" v="Ave"/>
  <tag k="turn:lanes:forward" v="left|||"/>
 </way>
 <way id="401097321" visible="true" version="6" changeset="159687438" timestamp="2024-11-28T06:47:19Z" user="Intetics_Pavel Babeshko" uid="22217912">
  <nd ref="4035566089"/>
  <nd ref="6762872390"/>
  <nd ref="122746953"/>
  <tag k="highway" v="primary"/>
  <tag k="lanes:backward" v="3"/>
  <tag k="lanes:forward" v="4"/>
  <tag k="maxspeed" v="40 mph"/>
  <tag k="name" v="Nordhoff Street"/>
  <tag k="tiger:cfcc" v="A41"/>
  <tag k="tiger:county" v="Los Angeles, CA"/>
  <tag k="tiger:name_base" v="Nordhoff"/>
  <tag k="tiger:name_type" v="St"/>
  <tag k="tiger:reviewed" v="no"/>
  <tag k="turn:lanes:forward" v="left|||"/>
 </way>
 <way id="401097331" visible="true" version="9" changeset="182838541" timestamp="2026-05-18T15:28:01Z" user="bhartinegi_lyft" uid="23086961">
  <nd ref="4035566096"/>
  <nd ref="4818899555"/>
  <nd ref="11335554662"/>
  <nd ref="13845498080"/>
  <nd ref="6762850774"/>
  <nd ref="11335554660"/>
  <tag k="highway" v="primary"/>
  <tag k="lanes:backward" v="3"/>
  <tag k="lanes:forward" v="4"/>
  <tag k="maxspeed" v="40 mph"/>
  <tag k="name" v="Nordhoff Street"/>
  <tag k="tiger:cfcc" v="A41"/>
  <tag k="tiger:county" v="Los Angeles, CA"/>
  <tag k="tiger:name_base" v="Nordhoff"/>
  <tag k="tiger:name_type" v="St"/>
  <tag k="turn:lanes:forward" v="left|||"/>
 </way>
 <way id="401097334" visible="true" version="9" changeset="159628714" timestamp="2024-11-26T18:11:52Z" user="Intetics_Dmitriy_Shaulskiy" uid="22206033">
  <nd ref="122746953"/>
  <nd ref="6762872387"/>
  <nd ref="6438868566"/>
  <nd ref="4035566091"/>
  <tag k="highway" v="primary"/>
  <tag k="lanes:backward" v="4"/>
  <tag k="lanes:forward" v="3"/>
  <tag k="maxspeed" v="40 mph"/>
  <tag k="name" v="Nordhoff Street"/>
  <tag k="tiger:cfcc" v="A41"/>
  <tag k="tiger:county" v="Los Angeles, CA"/>
  <tag k="tiger:name_base" v="Nordhoff"/>
  <tag k="tiger:name_type" v="St"/>
  <tag k="tiger:reviewed" v="no"/>
  <tag k="turn:lanes:backward" v="left|||"/>
 </way>
 <way id="401097335" visible="true" version="6" changeset="159672446" timestamp="2024-11-27T18:29:54Z" user="Intetics_Marina_Tolkacheva" uid="22222257">
  <nd ref="4035566095"/>
  <nd ref="5544335162"/>
  <nd ref="6789880341"/>
  <nd ref="6789880336"/>
  <nd ref="7919018106"/>
  <nd ref="7919018098"/>
  <nd ref="7919018100"/>
  <nd ref="5544335142"/>
  <nd ref="4035566093"/>
  <tag k="highway" v="primary"/>
  <tag k="maxspeed" v="40 mph"/>
  <tag k="name" v="Nordhoff Street"/>
  <tag k="tiger:cfcc" v="A41"/>
  <tag k="tiger:county" v="Los Angeles, CA"/>
  <tag k="tiger:name_base" v="Nordhoff"/>
  <tag k="tiger:name_type" v="St"/>
  <tag k="tiger:reviewed" v="no"/>
 </way>
 <way id="401097336" visible="true" version="11" changeset="165409522" timestamp="2025-04-25T07:33:42Z" user="Ropino" uid="42123">
  <nd ref="11335554660"/>
  <nd ref="6762850770"/>
  <nd ref="11335554661"/>
  <nd ref="12538896692"/>
  <nd ref="4818899570"/>
  <nd ref="4818899563"/>
  <nd ref="9411678481"/>
  <nd ref="4818899562"/>
  <nd ref="4035566095"/>
  <tag k="highway" v="primary"/>
  <tag k="lanes" v="7"/>
  <tag k="lanes:backward" v="4"/>
  <tag k="lanes:forward" v="3"/>
  <tag k="maxspeed" v="40 mph"/>
  <tag k="name" v="Nordhoff Street"/>
  <tag k="tiger:cfcc" v="A41"/>
  <tag k="tiger:county" v="Los Angeles, CA"/>
  <tag k="tiger:name_base" v="Nordhoff"/>
  <tag k="tiger:name_type" v="St"/>
  <tag k="turn:lanes:backward" v="left|||"/>
 </way>
 <way id="401097339" visible="true" version="7" changeset="159628714" timestamp="2024-11-26T18:11:52Z" user="Intetics_Dmitriy_Shaulskiy" uid="22206033">
  <nd ref="4035566091"/>
  <nd ref="6438893394"/>
  <nd ref="5666109310"/>
  <nd ref="3792715283"/>
  <tag k="highway" v="primary"/>
  <tag k="maxspeed" v="40 mph"/>
  <tag k="name" v="Nordhoff Street"/>
  <tag k="tiger:cfcc" v="A41"/>
  <tag k="tiger:county" v="Los Angeles, CA"/>
  <tag k="tiger:name_base" v="Nordhoff"/>
  <tag k="tiger:name_type" v="St"/>
  <tag k="tiger:reviewed" v="no"/>
 </way>
 <way id="401097344" visible="true" version="13" changeset="168348646" timestamp="2025-07-01T11:08:55Z" user="Shel_Sri" uid="15008590">
  <nd ref="122746956"/>
  <nd ref="5666109311"/>
  <nd ref="7165360582"/>
  <nd ref="7165369192"/>
  <nd ref="7907614031"/>
  <nd ref="7907614034"/>
  <nd ref="122746960"/>
  <nd ref="12966154366"/>
  <nd ref="10989410771"/>
  <nd ref="6787705510"/>
  <nd ref="10989410780"/>
  <nd ref="6708752894"/>
  <nd ref="7907614047"/>
  <nd ref="4035566096"/>
  <tag k="highway" v="primary"/>
  <tag k="maxspeed" v="40 mph"/>
  <tag k="name" v="Nordhoff Street"/>
  <tag k="tiger:cfcc" v="A41"/>
  <tag k="tiger:county" v="Los Angeles, CA"/>
  <tag k="tiger:name_base" v="Nordhoff"/>
  <tag k="tiger:name_type" v="St"/>
  <tag k="tiger:reviewed" v="no"/>
 </way>
 <way id="426260980" visible="true" version="6" changeset="147465510" timestamp="2024-02-14T20:20:20Z" user="Clarke22" uid="703694">
  <nd ref="3792715275"/>
  <nd ref="4255663258"/>
  <nd ref="4263468596"/>
  <nd ref="4255663259"/>
  <nd ref="4255663278"/>
  <nd ref="4255663260"/>
  <nd ref="4255663261"/>
  <nd ref="4255663262"/>
  <nd ref="4255663263"/>
  <nd ref="11624390459"/>
  <nd ref="4263468600"/>
  <nd ref="4255663264"/>
  <nd ref="4263468599"/>
  <nd ref="4255663265"/>
  <nd ref="4255663266"/>
  <nd ref="4263468602"/>
  <tag k="access" v="no"/>
  <tag k="highway" v="service"/>
  <tag k="service" v="emergency_access"/>
 </way>
 <way id="426260981" visible="true" version="8" changeset="125063722" timestamp="2022-08-18T13:54:28Z" user="stst415" uid="15080366">
  <nd ref="5666109311"/>
  <nd ref="4255663267"/>
  <nd ref="4263468598"/>
  <nd ref="4255663268"/>
  <nd ref="4255663269"/>
  <nd ref="4263468601"/>
  <nd ref="4255663270"/>
  <nd ref="4255663271"/>
  <nd ref="4255663272"/>
  <nd ref="4255663279"/>
  <nd ref="4255663273"/>
  <nd ref="4255663274"/>
  <nd ref="4255663277"/>
  <nd ref="4255663275"/>
  <nd ref="4263468597"/>
  <nd ref="4255663276"/>
  <nd ref="9242076648"/>
  <tag k="access" v="no"/>
  <tag k="highway" v="service"/>
  <tag k="service" v="emergency_access"/>
 </way>
 <way id="426260982" visible="true" version="4" changeset="113631005" timestamp="2021-11-11T00:50:10Z" user="Clarke22" uid="703694">
  <nd ref="4263468603"/>
  <nd ref="4255663282"/>
  <nd ref="4255663283"/>
  <nd ref="4255663284"/>
  <nd ref="4255663285"/>
  <nd ref="4255663286"/>
  <nd ref="4255663287"/>
  <nd ref="4255663288"/>
  <nd ref="4255663489"/>
  <tag k="access" v="no"/>
  <tag k="highway" v="service"/>
  <tag k="service" v="emergency_access"/>
 </way>
 <way id="426260983" visible="true" version="7" changeset="113631005" timestamp="2021-11-11T00:50:10Z" user="Clarke22" uid="703694">
  <nd ref="5666109310"/>
  <nd ref="4255663501"/>
  <nd ref="5666109306"/>
  <nd ref="4255663500"/>
  <nd ref="4255663499"/>
  <nd ref="4255663280"/>
  <nd ref="4255663490"/>
  <nd ref="4255663491"/>
  <nd ref="6787897641"/>
  <nd ref="4255663493"/>
  <nd ref="4255663503"/>
  <nd ref="4255663494"/>
  <nd ref="4255663495"/>
  <nd ref="4255663505"/>
  <tag k="access" v="yes"/>
  <tag k="highway" v="service"/>
 </way>
 <way id="427111071" visible="true" version="3" changeset="41024056" timestamp="2016-07-25T22:05:26Z" user="Luis36995_labuildings" uid="3851527">
  <nd ref="4288031935"/>
  <nd ref="4263468670"/>
  <nd ref="4288031954"/>
  <nd ref="4288031952"/>
  <nd ref="4288031955"/>
  <nd ref="4288031964"/>
  <nd ref="4288031968"/>
  <nd ref="4288031969"/>
  <nd ref="4288031966"/>
  <nd ref="4288031972"/>
  <nd ref="4288031983"/>
  <nd ref="4288031988"/>
  <nd ref="4288031979"/>
  <nd ref="4288032024"/>
  <nd ref="4288032025"/>
  <nd ref="4288032028"/>
  <nd ref="4288032076"/>
  <nd ref="4288031953"/>
  <nd ref="4320304299"/>
  <nd ref="4288031935"/>
  <tag k="building" v="commercial"/>
  <tag k="ele" v="282.5"/>
  <tag k="height" v="7.8"/>
  <tag k="lacounty:ain" v="2746010010"/>
  <tag k="lacounty:bld_id" v="382195909832"/>
  <tag k="start_date" v="1984"/>
 </way>
 <way id="427111072" visible="true" version="3" changeset="41024056" timestamp="2016-07-25T22:05:27Z" user="Luis36995_labuildings" uid="3851527">
  <nd ref="4288031953"/>
  <nd ref="4263468672"/>
  <nd ref="4263468673"/>
  <nd ref="4288031888"/>
  <nd ref="4320304299"/>
  <nd ref="4288031953"/>
  <tag k="building" v="commercial"/>
  <tag k="building:units" v="1"/>
  <tag k="ele" v="281.1"/>
  <tag k="height" v="6.5"/>
  <tag k="lacounty:ain" v="2746010009"/>
  <tag k="lacounty:bld_id" v="382176909692"/>
  <tag k="start_date" v="1981"/>
 </way>
 <way id="427111073" visible="true" version="2" changeset="40540774" timestamp="2016-07-07T12:33:54Z" user="saikabhi_LA_imports" uid="4221399">
  <nd ref="4263468679"/>
  <nd ref="4263468678"/>
  <nd ref="4263468677"/>
  <nd ref="4263468676"/>
  <nd ref="4263468675"/>
  <nd ref="4263468680"/>
  <nd ref="4263468681"/>
  <nd ref="4263468679"/>
  <tag k="building" v="warehouse"/>
  <tag k="building:units" v="1"/>
  <tag k="ele" v="281.1"/>
  <tag k="height" v="6.4"/>
  <tag k="lacounty:ain" v="2746010008"/>
  <tag k="lacounty:bld_id" v="382186909568"/>
  <tag k="start_date" v="1981"/>
 </way>
 <way id="427111074" visible="true" version="2" changeset="40540774" timestamp="2016-07-07T12:33:52Z" user="saikabhi_LA_imports" uid="4221399">
  <nd ref="4263468682"/>
  <nd ref="4288031761"/>
  <nd ref="4288031758"/>
  <nd ref="4288031746"/>
  <nd ref="4288031748"/>
  <nd ref="4288031747"/>
  <nd ref="4288031774"/>
  <nd ref="4288031777"/>
  <nd ref="4288031780"/>
  <nd ref="4263468684"/>
  <nd ref="4288031889"/>
  <nd ref="4263468679"/>
  <nd ref="4263468681"/>
  <nd ref="4263468682"/>
  <tag k="building" v="warehouse"/>
  <tag k="building:units" v="1"/>
  <tag k="ele" v="281.1"/>
  <tag k="height" v="6.4"/>
  <tag k="lacounty:ain" v="2746010008;2746010007"/>
  <tag k="lacounty:bld_id" v="382186909568;382237909382"/>
 </way>
 <way id="427111075" visible="true" version="2" changeset="40540774" timestamp="2016-07-07T12:33:54Z" user="saikabhi_LA_imports" uid="4221399">
  <nd ref="4288031758"/>
  <nd ref="4263468686"/>
  <nd ref="4263468687"/>
  <nd ref="4263468688"/>
  <nd ref="4263468689"/>
  <nd ref="4263468690"/>
  <nd ref="4263468691"/>
  <nd ref="4288031746"/>
  <nd ref="4288031758"/>
  <tag k="building" v="warehouse"/>
  <tag k="ele" v="282.8"/>
  <tag k="height" v="9.2"/>
  <tag k="lacounty:ain" v="2746010049"/>
  <tag k="lacounty:bld_id" v="382288909219"/>
  <tag k="start_date" v="1988"/>
 </way>
 <way id="427111076" visible="true" version="3" changeset="121997636" timestamp="2022-06-05T23:33:23Z" user="MicropolisCorp" uid="16110190">
  <nd ref="4263468693"/>
  <nd ref="4263468692"/>
  <nd ref="4288031513"/>
  <nd ref="4288031512"/>
  <nd ref="4288031507"/>
  <nd ref="4288031508"/>
  <nd ref="4288031357"/>
  <nd ref="4288031356"/>
  <nd ref="4288031348"/>
  <nd ref="4288031349"/>
  <nd ref="4263468704"/>
  <nd ref="4263468703"/>
  <nd ref="4263468702"/>
  <nd ref="4263468701"/>
  <nd ref="4263468700"/>
  <nd ref="4263468699"/>
  <nd ref="4263468698"/>
  <nd ref="4263468697"/>
  <nd ref="4263468696"/>
  <nd ref="4263468695"/>
  <nd ref="4263468694"/>
  <nd ref="4263468693"/>
  <tag k="addr:city" v="Chatsworth"/>
  <tag k="addr:housenumber" v="21123"/>
  <tag k="addr:postcode" v="91311"/>
  <tag k="addr:state" v="CA"/>
  <tag k="addr:street" v="Nordhoff Street"/>
  <tag k="building" v="industrial"/>
  <tag k="ele" v="280.1"/>
  <tag k="height" v="8.5"/>
  <tag k="lacounty:ain" v="2746010004"/>
  <tag k="lacounty:bld_id" v="382357908775"/>
  <tag k="start_date" v="1981"/>
 </way>
 <way id="429645213" visible="true" version="1" changeset="40540774" timestamp="2016-07-07T12:30:59Z" user="saikabhi_LA_imports" uid="4221399">
  <nd ref="4288031769"/>
  <nd ref="4288031768"/>
  <nd ref="4288031752"/>
  <nd ref="4288031753"/>
  <nd ref="4288031732"/>
  <nd ref="4288031733"/>
  <nd ref="4288031721"/>
  <nd ref="4288031720"/>
  <nd ref="4288031890"/>
  <nd ref="4288031891"/>
  <nd ref="4288031892"/>
  <nd ref="4288031893"/>
  <nd ref="4288031769"/>
  <tag k="building" v="industrial"/>
  <tag k="building:units" v="1"/>
  <tag k="ele" v="281.3"/>
  <tag k="height" v="8.2"/>
  <tag k="lacounty:ain" v="2746010043"/>
  <tag k="lacounty:bld_id" v="381911909394"/>
  <tag k="start_date" v="1980"/>
 </way>
 <way id="429645400" visible="true" version="1" changeset="40540774" timestamp="2016-07-07T12:31:23Z" user="saikabhi_LA_imports" uid="4221399">
  <nd ref="4288031894"/>
  <nd ref="4288031811"/>
  <nd ref="4288031812"/>
  <nd ref="4288031801"/>
  <nd ref="4288031800"/>
  <nd ref="4288031799"/>
  <nd ref="4288031922"/>
  <nd ref="4288031923"/>
  <nd ref="4288031920"/>
  <nd ref="4288031919"/>
  <nd ref="4288031918"/>
  <nd ref="4288031897"/>
  <nd ref="4288031896"/>
  <nd ref="4288031895"/>
  <nd ref="4288031894"/>
  <tag k="building" v="industrial"/>
  <tag k="ele" v="282.1"/>
  <tag k="height" v="8.7"/>
  <tag k="lacounty:ain" v="2746010038"/>
  <tag k="lacounty:bld_id" v="381898909499"/>
  <tag k="start_date" v="1982"/>
 </way>
 <way id="429645486" visible="true" version="1" changeset="40540774" timestamp="2016-07-07T12:31:34Z" user="saikabhi_LA_imports" uid="4221399">
  <nd ref="4288031623"/>
  <nd ref="4288031622"/>
  <nd ref="4288031702"/>
  <nd ref="4288031703"/>
  <nd ref="4288031579"/>
  <nd ref="4288031578"/>
  <nd ref="4288031569"/>
  <nd ref="4288031568"/>
  <nd ref="4288031624"/>
  <nd ref="4288031625"/>
  <nd ref="4288031620"/>
  <nd ref="4288031621"/>
  <nd ref="4288031609"/>
  <nd ref="4288031606"/>
  <nd ref="4288031615"/>
  <nd ref="4288031616"/>
  <nd ref="4288031623"/>
  <tag k="access" v="private"/>
  <tag k="amenity" v="parking"/>
  <tag k="building" v="commercial"/>
  <tag k="ele" v="282.0"/>
  <tag k="height" v="9.7"/>
  <tag k="lacounty:ain" v="2746010044"/>
  <tag k="lacounty:bld_id" v="381952909136"/>
  <tag k="start_date" v="1987"/>
 </way>
 <way id="429646383" visible="true" version="2" changeset="121997636" timestamp="2022-06-05T23:33:23Z" user="MicropolisCorp" uid="16110190">
  <nd ref="4288031526"/>
  <nd ref="4288031527"/>
  <nd ref="4288031593"/>
  <nd ref="4288031594"/>
  <nd ref="4288031528"/>
  <nd ref="4288031529"/>
  <nd ref="4288031596"/>
  <nd ref="4288031595"/>
  <nd ref="4288031476"/>
  <nd ref="4288031477"/>
  <nd ref="4288031524"/>
  <nd ref="4288031525"/>
  <nd ref="4288031479"/>
  <nd ref="4288031478"/>
  <nd ref="4288031517"/>
  <nd ref="4288031516"/>
  <nd ref="4288031506"/>
  <nd ref="4288031501"/>
  <nd ref="4288031497"/>
  <nd ref="4288031496"/>
  <nd ref="4288031388"/>
  <nd ref="4288031387"/>
  <nd ref="4288031386"/>
  <nd ref="4288031385"/>
  <nd ref="4288031374"/>
  <nd ref="4288031373"/>
  <nd ref="4288031355"/>
  <nd ref="4288031352"/>
  <nd ref="4288031347"/>
  <nd ref="4288031346"/>
  <nd ref="4288031341"/>
  <nd ref="4288031335"/>
  <nd ref="4288031336"/>
  <nd ref="4288031453"/>
  <nd ref="4288031423"/>
  <nd ref="4288031287"/>
  <nd ref="4288031284"/>
  <nd ref="4288031405"/>
  <nd ref="4288031403"/>
  <nd ref="4288031392"/>
  <nd ref="4288031286"/>
  <nd ref="4288031404"/>
  <nd ref="4288031406"/>
  <nd ref="4288031288"/>
  <nd ref="4288031285"/>
  <nd ref="4288031397"/>
  <nd ref="4288031435"/>
  <nd ref="4288031432"/>
  <nd ref="4288031526"/>
  <tag k="addr:city" v="Chatsworth"/>
  <tag k="addr:housenumber" v="21211"/>
  <tag k="addr:postcode" v="91311"/>
  <tag k="addr:state" v="CA"/>
  <tag k="addr:street" v="Nordhoff Street"/>
  <tag k="building" v="industrial"/>
  <tag k="ele" v="284.5"/>
  <tag k="height" v="12.9"/>
  <tag k="lacounty:ain" v="2746010003"/>
  <tag k="lacounty:bld_id" v="381904908814"/>
  <tag k="start_date" v="1987"/>
 </way>
 <way id="429646519" visible="true" version="2" changeset="167209616" timestamp="2025-06-05T07:54:28Z" user="217541OSM" uid="8515581">
  <nd ref="4288031332"/>
  <nd ref="4288031331"/>
  <nd ref="4288031449"/>
  <nd ref="4288031433"/>
  <nd ref="4288031394"/>
  <nd ref="4288031395"/>
  <nd ref="4288031434"/>
  <nd ref="4288031450"/>
  <nd ref="4288031332"/>
  <tag k="building" v="roof"/>
  <tag k="ele" v="277.3"/>
  <tag k="height" v="5.4"/>
  <tag k="lacounty:ain" v="2746010003"/>
  <tag k="lacounty:bld_id" v="382077908750"/>
  <tag k="start_date" v="1987"/>
 </way>
 <way id="431118100" visible="true" version="1" changeset="40754369" timestamp="2016-07-15T06:26:44Z" user="PlaneMad" uid="1306">
  <nd ref="4303675433"/>
  <nd ref="4303675377"/>
  <nd ref="4303675396"/>
  <nd ref="4303675374"/>
  <nd ref="4303675375"/>
  <nd ref="4303675405"/>
  <nd ref="4303675406"/>
  <nd ref="4303675439"/>
  <nd ref="4303675438"/>
  <nd ref="4303675466"/>
  <nd ref="4303675433"/>
  <tag k="building" v="industrial"/>
  <tag k="ele" v="280.7"/>
  <tag k="height" v="8.1"/>
  <tag k="lacounty:ain" v="2748036020"/>
  <tag k="lacounty:bld_id" v="384137909768"/>
  <tag k="start_date" v="1969"/>
 </way>
 <way id="431118105" visible="true" version="3" changeset="147465510" timestamp="2024-02-14T20:20:20Z" user="Clarke22" uid="703694">
  <nd ref="4303674413"/>
  <nd ref="4303674455"/>
  <nd ref="4303674454"/>
  <nd ref="4303674376"/>
  <nd ref="4303674375"/>
  <nd ref="4303674372"/>
  <nd ref="4303674416"/>
  <nd ref="4303674415"/>
  <nd ref="4303674414"/>
  <nd ref="4303674413"/>
  <tag k="demolished:building" v="yes"/>
  <tag k="ele" v="282.0"/>
  <tag k="height" v="10.9"/>
  <tag k="lacounty:ain" v="2746009023"/>
  <tag k="lacounty:bld_id" v="383661908928"/>
  <tag k="start_date" v="1969"/>
 </way>
 <way id="431118108" visible="true" version="1" changeset="40754369" timestamp="2016-07-15T06:26:45Z" user="PlaneMad" uid="1306">
  <nd ref="4303675260"/>
  <nd ref="4303675280"/>
  <nd ref="4303675281"/>
  <nd ref="4303675308"/>
  <nd ref="4303675307"/>
  <nd ref="4303675312"/>
  <nd ref="4303675313"/>
  <nd ref="4303675254"/>
  <nd ref="4303675253"/>
  <nd ref="4303675262"/>
  <nd ref="4303675260"/>
  <tag k="building" v="industrial"/>
  <tag k="building:units" v="2"/>
  <tag k="ele" v="278.6"/>
  <tag k="height" v="5.9"/>
  <tag k="lacounty:ain" v="2748036012"/>
  <tag k="lacounty:bld_id" v="2014121090730000"/>
  <tag k="start_date" v="1976"/>
 </way>
 <way id="431118133" visible="true" version="1" changeset="40754369" timestamp="2016-07-15T06:26:48Z" user="PlaneMad" uid="1306">
  <nd ref="4303674365"/>
  <nd ref="4303674363"/>
  <nd ref="4303674209"/>
  <nd ref="4303674208"/>
  <nd ref="4303674199"/>
  <nd ref="4303674197"/>
  <nd ref="4303674205"/>
  <nd ref="4303674206"/>
  <nd ref="4303674408"/>
  <nd ref="4303674409"/>
  <nd ref="4303674365"/>
  <tag k="building" v="yes"/>
  <tag k="ele" v="276.3"/>
  <tag k="height" v="5.6"/>
  <tag k="lacounty:ain" v="2748037030"/>
  <tag k="lacounty:bld_id" v="384063908836"/>
 </way>
 <way id="431118135" visible="true" version="1" changeset="40754369" timestamp="2016-07-15T06:26:48Z" user="PlaneMad" uid="1306">
  <nd ref="4303674486"/>
  <nd ref="4303674675"/>
  <nd ref="4303674676"/>
  <nd ref="4303674688"/>
  <nd ref="4303674687"/>
  <nd ref="4303674705"/>
  <nd ref="4303674704"/>
  <nd ref="4303674629"/>
  <nd ref="4303674630"/>
  <nd ref="4303674485"/>
  <nd ref="4303674486"/>
  <tag k="building" v="industrial"/>
  <tag k="ele" v="277.8"/>
  <tag k="height" v="6.1"/>
  <tag k="lacounty:ain" v="2748037024"/>
  <tag k="lacounty:bld_id" v="2014121110560000"/>
  <tag k="start_date" v="1972"/>
 </way>
 <way id="431118171" visible="true" version="2" changeset="41058275" timestamp="2016-07-27T09:42:32Z" user="manings" uid="3272286">
  <nd ref="4303674258"/>
  <nd ref="4303674255"/>
  <nd ref="4303674863"/>
  <nd ref="4303674702"/>
  <nd ref="4303674788"/>
  <nd ref="4303674280"/>
  <nd ref="4303674288"/>
  <nd ref="4303674286"/>
  <nd ref="4303674272"/>
  <nd ref="4303674278"/>
  <nd ref="4303674258"/>
  <tag k="building" v="industrial"/>
  <tag k="building:units" v="1"/>
  <tag k="ele" v="278.5"/>
  <tag k="height" v="6.7"/>
  <tag k="lacounty:ain" v="2746009031"/>
  <tag k="lacounty:bld_id" v="2014121091640000"/>
  <tag k="start_date" v="1969"/>
 </way>
 <way id="431118177" visible="true" version="1" changeset="40754369" timestamp="2016-07-15T06:26:54Z" user="PlaneMad" uid="1306">
  <nd ref="4303675232"/>
  <nd ref="4303675231"/>
  <nd ref="4303675160"/>
  <nd ref="4303675159"/>
  <nd ref="4303674883"/>
  <nd ref="4303674884"/>
  <nd ref="4303674878"/>
  <nd ref="4303674879"/>
  <nd ref="4303674250"/>
  <nd ref="4303674249"/>
  <nd ref="4303675162"/>
  <nd ref="4303675161"/>
  <nd ref="4303675232"/>
  <tag k="building" v="industrial"/>
  <tag k="building:units" v="2"/>
  <tag k="ele" v="277.4"/>
  <tag k="height" v="4.9"/>
  <tag k="lacounty:ain" v="2748036012"/>
  <tag k="lacounty:bld_id" v="2014121091490000"/>
  <tag k="start_date" v="1976"/>
 </way>
 <way id="431118217" visible="true" version="1" changeset="40754369" timestamp="2016-07-15T06:26:59Z" user="PlaneMad" uid="1306">
  <nd ref="4303674260"/>
  <nd ref="4303674268"/>
  <nd ref="4303674257"/>
  <nd ref="4303674256"/>
  <nd ref="4303674886"/>
  <nd ref="4303674798"/>
  <nd ref="4303674823"/>
  <nd ref="4303674828"/>
  <nd ref="4303674841"/>
  <nd ref="4303674838"/>
  <nd ref="4303674865"/>
  <nd ref="4303674273"/>
  <nd ref="4303674260"/>
  <tag k="building" v="industrial"/>
  <tag k="building:units" v="2"/>
  <tag k="ele" v="279.3"/>
  <tag k="height" v="7.0"/>
  <tag k="lacounty:ain" v="2746009016"/>
  <tag k="lacounty:bld_id" v="382966909317"/>
 </way>
 <way id="431118222" visible="true" version="1" changeset="40754369" timestamp="2016-07-15T06:27:00Z" user="PlaneMad" uid="1306">
  <nd ref="4303675316"/>
  <nd ref="4303675317"/>
  <nd ref="4303675320"/>
  <nd ref="4303675321"/>
  <nd ref="4303675333"/>
  <nd ref="4303675334"/>
  <nd ref="4303675355"/>
  <nd ref="4303675354"/>
  <nd ref="4303675379"/>
  <nd ref="4303675378"/>
  <nd ref="4303675386"/>
  <nd ref="4303675385"/>
  <nd ref="4303675316"/>
  <tag k="building" v="industrial"/>
  <tag k="ele" v="280.0"/>
  <tag k="height" v="7.5"/>
  <tag k="lacounty:ain" v="2748036018"/>
  <tag k="lacounty:bld_id" v="384320909690"/>
  <tag k="start_date" v="1969"/>
 </way>
 <way id="431118244" visible="true" version="1" changeset="40754369" timestamp="2016-07-15T06:27:02Z" user="PlaneMad" uid="1306">
  <nd ref="4303674262"/>
  <nd ref="4303674251"/>
  <nd ref="4303674252"/>
  <nd ref="4303674247"/>
  <nd ref="4303674248"/>
  <nd ref="4303674795"/>
  <nd ref="4303674796"/>
  <nd ref="4303674786"/>
  <nd ref="4303674784"/>
  <nd ref="4303674888"/>
  <nd ref="4303674887"/>
  <nd ref="4303674261"/>
  <nd ref="4303674262"/>
  <tag k="building" v="industrial"/>
  <tag k="building:units" v="2"/>
  <tag k="ele" v="280.4"/>
  <tag k="height" v="9.1"/>
  <tag k="lacounty:ain" v="2748036025"/>
  <tag k="lacounty:bld_id" v="384132909276"/>
  <tag k="start_date" v="1999"/>
 </way>
 <way id="431118253" visible="true" version="2" changeset="40958805" timestamp="2016-07-22T19:48:50Z" user="yurasi_import" uid="4210536">
  <nd ref="4303674426"/>
  <nd ref="4303674425"/>
  <nd ref="4303674394"/>
  <nd ref="4303674395"/>
  <nd ref="4303674347"/>
  <nd ref="4303674346"/>
  <nd ref="4303674357"/>
  <nd ref="4303674356"/>
  <nd ref="4303674419"/>
  <nd ref="4303674420"/>
  <nd ref="4303674426"/>
  <tag k="building" v="industrial"/>
  <tag k="ele" v="274.7"/>
  <tag k="height" v="3.8"/>
  <tag k="lacounty:ain" v="2746009027"/>
  <tag k="lacounty:bld_id" v="383298908926"/>
  <tag k="start_date" v="1963"/>
 </way>
 <way id="431118273" visible="true" version="1" changeset="40754369" timestamp="2016-07-15T06:27:06Z" user="PlaneMad" uid="1306">
  <nd ref="4303674410"/>
  <nd ref="4303674339"/>
  <nd ref="4303674340"/>
  <nd ref="4303674124"/>
  <nd ref="4303674125"/>
  <nd ref="4303674201"/>
  <nd ref="4303674198"/>
  <nd ref="4303674211"/>
  <nd ref="4303674210"/>
  <nd ref="4303674364"/>
  <nd ref="4303674365"/>
  <nd ref="4303674409"/>
  <nd ref="4303674410"/>
  <tag k="building" v="yes"/>
  <tag k="ele" v="276.4"/>
  <tag k="height" v="5.7"/>
  <tag k="lacounty:ain" v="2748037031"/>
  <tag k="lacounty:bld_id" v="384135908839"/>
 </way>
 <way id="431118280" visible="true" version="2" changeset="41058275" timestamp="2016-07-27T09:42:33Z" user="manings" uid="3272286">
  <nd ref="4303674280"/>
  <nd ref="4303674284"/>
  <nd ref="4303674259"/>
  <nd ref="4303674274"/>
  <nd ref="4303674281"/>
  <nd ref="4303674285"/>
  <nd ref="4303674892"/>
  <nd ref="4303674908"/>
  <nd ref="4303674889"/>
  <nd ref="4303674934"/>
  <nd ref="4303675230"/>
  <nd ref="4303674288"/>
  <nd ref="4303674280"/>
  <tag k="building" v="industrial"/>
  <tag k="building:units" v="2"/>
  <tag k="ele" v="277.9"/>
  <tag k="height" v="5.0"/>
  <tag k="lacounty:ain" v="2746009016"/>
  <tag k="lacounty:bld_id" v="383124909427"/>
 </way>
 <way id="431118282" visible="true" version="1" changeset="40754369" timestamp="2016-07-15T06:27:07Z" user="PlaneMad" uid="1306">
  <nd ref="4303675361"/>
  <nd ref="4303675350"/>
  <nd ref="4303675359"/>
  <nd ref="4303675356"/>
  <nd ref="4303675349"/>
  <nd ref="4303675346"/>
  <nd ref="4303675343"/>
  <nd ref="4303675299"/>
  <nd ref="4303675300"/>
  <nd ref="4303675287"/>
  <nd ref="4303675288"/>
  <nd ref="4303675301"/>
  <nd ref="4303675302"/>
  <nd ref="4303675361"/>
  <tag k="building" v="school"/>
  <tag k="building:units" v="1"/>
  <tag k="ele" v="280.7"/>
  <tag k="height" v="7.2"/>
  <tag k="lacounty:ain" v="2746009041"/>
  <tag k="lacounty:bld_id" v="383284909586"/>
  <tag k="start_date" v="1975"/>
 </way>
 <way id="431118297" visible="true" version="1" changeset="40754369" timestamp="2016-07-15T06:27:09Z" user="PlaneMad" uid="1306">
  <nd ref="4303674379"/>
  <nd ref="4303674378"/>
  <nd ref="4303674381"/>
  <nd ref="4303674380"/>
  <nd ref="4303674368"/>
  <nd ref="4303674367"/>
  <nd ref="4303674342"/>
  <nd ref="4303674343"/>
  <nd ref="4303674348"/>
  <nd ref="4303674349"/>
  <nd ref="4303674390"/>
  <nd ref="4303674391"/>
  <nd ref="4303674370"/>
  <nd ref="4303674369"/>
  <nd ref="4303674379"/>
  <tag k="building" v="industrial"/>
  <tag k="building:units" v="2"/>
  <tag k="ele" v="276.1"/>
  <tag k="height" v="5.0"/>
  <tag k="lacounty:ain" v="2748037017"/>
  <tag k="lacounty:bld_id" v="2014121090700000"/>
  <tag k="start_date" v="1964"/>
 </way>
 <way id="431118326" visible="true" version="1" changeset="40754369" timestamp="2016-07-15T06:27:13Z" user="PlaneMad" uid="1306">
  <nd ref="4303674128"/>
  <nd ref="4303674129"/>
  <nd ref="4303674122"/>
  <nd ref="4303674113"/>
  <nd ref="4303674323"/>
  <nd ref="4303674324"/>
  <nd ref="4303674331"/>
  <nd ref="4303674332"/>
  <nd ref="4303674326"/>
  <nd ref="4303674325"/>
  <nd ref="4303674337"/>
  <nd ref="4303674338"/>
  <nd ref="4303674327"/>
  <nd ref="4303674328"/>
  <nd ref="4303674128"/>
  <tag k="building" v="yes"/>
  <tag k="ele" v="275.9"/>
  <tag k="height" v="6.1"/>
  <tag k="lacounty:ain" v="2748037008"/>
  <tag k="lacounty:bld_id" v="384541908768"/>
  <tag k="start_date" v="1964"/>
 </way>
 <way id="431118327" visible="true" version="2" changeset="41006312" timestamp="2016-07-25T09:04:31Z" user="PlaneMad" uid="1306">
  <nd ref="4319223122"/>
  <nd ref="4303674661"/>
  <nd ref="4303674663"/>
  <nd ref="4303674648"/>
  <nd ref="4303674652"/>
  <nd ref="4303674639"/>
  <nd ref="4303674703"/>
  <nd ref="4303674713"/>
  <nd ref="4303674716"/>
  <nd ref="4303674769"/>
  <nd ref="4303674751"/>
  <nd ref="4303674775"/>
  <nd ref="4319223122"/>
  <tag k="building" v="warehouse"/>
  <tag k="ele" v="283.3"/>
  <tag k="height" v="11.7"/>
  <tag k="lacounty:ain" v="2746009032"/>
  <tag k="lacounty:bld_id" v="383206909163"/>
  <tag k="start_date" v="1985"/>
 </way>
 <way id="431118333" visible="true" version="1" changeset="40754369" timestamp="2016-07-15T06:27:14Z" user="PlaneMad" uid="1306">
  <nd ref="4303675292"/>
  <nd ref="4303674876"/>
  <nd ref="4303674875"/>
  <nd ref="4303674881"/>
  <nd ref="4303674880"/>
  <nd ref="4303674254"/>
  <nd ref="4303674253"/>
  <nd ref="4303675104"/>
  <nd ref="4303675103"/>
  <nd ref="4303675245"/>
  <nd ref="4303675244"/>
  <nd ref="4303675277"/>
  <nd ref="4303675278"/>
  <nd ref="4303675291"/>
  <nd ref="4303675292"/>
  <tag k="building" v="commercial"/>
  <tag k="building:units" v="1"/>
  <tag k="ele" v="278.7"/>
  <tag k="height" v="6.4"/>
  <tag k="lacounty:ain" v="2748036017"/>
  <tag k="lacounty:bld_id" v="383984909442"/>
  <tag k="start_date" v="1967"/>
 </way>
 <way id="431118336" visible="true" version="1" changeset="40754369" timestamp="2016-07-15T06:27:15Z" user="PlaneMad" uid="1306">
  <nd ref="4303675412"/>
  <nd ref="4303675434"/>
  <nd ref="4303675436"/>
  <nd ref="4303675451"/>
  <nd ref="4303675459"/>
  <nd ref="4303675440"/>
  <nd ref="4303675450"/>
  <nd ref="4303675437"/>
  <nd ref="4303675423"/>
  <nd ref="4303675418"/>
  <nd ref="4303675407"/>
  <nd ref="4303675409"/>
  <nd ref="4303675402"/>
  <nd ref="4303675413"/>
  <nd ref="4303675412"/>
  <tag k="building" v="industrial"/>
  <tag k="ele" v="281.1"/>
  <tag k="height" v="6.4"/>
  <tag k="lacounty:ain" v="2746009006"/>
  <tag k="lacounty:bld_id" v="2014121104940000"/>
  <tag k="start_date" v="2002"/>
 </way>
 <way id="431118369" visible="true" version="1" changeset="40754369" timestamp="2016-07-15T06:27:19Z" user="PlaneMad" uid="1306">
  <nd ref="4303674077"/>
  <nd ref="4303674078"/>
  <nd ref="4303674222"/>
  <nd ref="4303674223"/>
  <nd ref="4303674239"/>
  <nd ref="4303674238"/>
  <nd ref="4303674352"/>
  <nd ref="4303674353"/>
  <nd ref="4303674389"/>
  <nd ref="4303674388"/>
  <nd ref="4303674383"/>
  <nd ref="4303674382"/>
  <nd ref="4303674355"/>
  <nd ref="4303674354"/>
  <nd ref="4303674077"/>
  <tag k="building" v="industrial"/>
  <tag k="ele" v="275.8"/>
  <tag k="height" v="5.3"/>
  <tag k="lacounty:ain" v="2746009027"/>
  <tag k="lacounty:bld_id" v="383218908767"/>
  <tag k="start_date" v="1963"/>
 </way>
 <way id="431118381" visible="true" version="1" changeset="40754369" timestamp="2016-07-15T06:27:21Z" user="PlaneMad" uid="1306">
  <nd ref="4303675392"/>
  <nd ref="4303675389"/>
  <nd ref="4303675416"/>
  <nd ref="4303675426"/>
  <nd ref="4303675388"/>
  <nd ref="4303675408"/>
  <nd ref="4303675422"/>
  <nd ref="4303675427"/>
  <nd ref="4303675411"/>
  <nd ref="4303675430"/>
  <nd ref="4303675279"/>
  <nd ref="4303675177"/>
  <nd ref="4303675383"/>
  <nd ref="4303675382"/>
  <nd ref="4303675390"/>
  <nd ref="4303675392"/>
  <tag k="building" v="industrial"/>
  <tag k="ele" v="280.1"/>
  <tag k="height" v="5.6"/>
  <tag k="lacounty:ain" v="2746009005"/>
  <tag k="lacounty:bld_id" v="2014121104260000"/>
  <tag k="start_date" v="1958"/>
 </way>
 <way id="431118395" visible="true" version="1" changeset="40754369" timestamp="2016-07-15T06:27:23Z" user="PlaneMad" uid="1306">
  <nd ref="4303675294"/>
  <nd ref="4303675293"/>
  <nd ref="4303675338"/>
  <nd ref="4303675339"/>
  <nd ref="4303675347"/>
  <nd ref="4303675348"/>
  <nd ref="4303675336"/>
  <nd ref="4303675337"/>
  <nd ref="4303675319"/>
  <nd ref="4303675318"/>
  <nd ref="4303675310"/>
  <nd ref="4303675311"/>
  <nd ref="4303675298"/>
  <nd ref="4303675297"/>
  <nd ref="4303675292"/>
  <nd ref="4303675291"/>
  <nd ref="4303675294"/>
  <tag k="building" v="industrial"/>
  <tag k="building:units" v="1"/>
  <tag k="ele" v="279.6"/>
  <tag k="height" v="7.1"/>
  <tag k="lacounty:ain" v="2748036019"/>
  <tag k="lacounty:bld_id" v="383990909586"/>
  <tag k="start_date" v="1968"/>
 </way>
 <way id="431118401" visible="true" version="1" changeset="40754369" timestamp="2016-07-15T06:27:24Z" user="PlaneMad" uid="1306">
  <nd ref="4303674752"/>
  <nd ref="4303674757"/>
  <nd ref="4303674756"/>
  <nd ref="4303674740"/>
  <nd ref="4303674741"/>
  <nd ref="4303674732"/>
  <nd ref="4303674733"/>
  <nd ref="4303674725"/>
  <nd ref="4303674726"/>
  <nd ref="4303674719"/>
  <nd ref="4303674720"/>
  <nd ref="4303674727"/>
  <nd ref="4303674728"/>
  <nd ref="4303674734"/>
  <nd ref="4303674735"/>
  <nd ref="4303674753"/>
  <nd ref="4303674752"/>
  <tag k="building" v="house"/>
  <tag k="building:units" v="1"/>
  <tag k="ele" v="280.6"/>
  <tag k="height" v="8.1"/>
  <tag k="lacounty:ain" v="7463016031"/>
  <tag k="lacounty:bld_id" v="2014121114780000"/>
  <tag k="start_date" v="2008"/>
 </way>
 <way id="431118419" visible="true" version="1" changeset="40754369" timestamp="2016-07-15T06:27:27Z" user="PlaneMad" uid="1306">
  <nd ref="4303674340"/>
  <nd ref="4303674341"/>
  <nd ref="4303674158"/>
  <nd ref="4303674157"/>
  <nd ref="4303674150"/>
  <nd ref="4303674149"/>
  <nd ref="4303674156"/>
  <nd ref="4303674155"/>
  <nd ref="4303674127"/>
  <nd ref="4303674126"/>
  <nd ref="4303674073"/>
  <nd ref="4303674072"/>
  <nd ref="4303674118"/>
  <nd ref="4303674112"/>
  <nd ref="4303674123"/>
  <nd ref="4303674124"/>
  <nd ref="4303674340"/>
  <tag k="building" v="industrial"/>
  <tag k="building:units" v="2"/>
  <tag k="ele" v="279.0"/>
  <tag k="height" v="9.1"/>
  <tag k="lacounty:ain" v="2748037017"/>
  <tag k="lacounty:bld_id" v="384287908697"/>
  <tag k="start_date" v="1964"/>
 </way>
 <way id="431118463" visible="true" version="1" changeset="40754369" timestamp="2016-07-15T06:27:35Z" user="PlaneMad" uid="1306">
  <nd ref="4303674673"/>
  <nd ref="4303674665"/>
  <nd ref="4303674666"/>
  <nd ref="4303674624"/>
  <nd ref="4303674625"/>
  <nd ref="4303674617"/>
  <nd ref="4303674618"/>
  <nd ref="4303674626"/>
  <nd ref="4303674627"/>
  <nd ref="4303674619"/>
  <nd ref="4303674620"/>
  <nd ref="4303674628"/>
  <nd ref="4303674629"/>
  <nd ref="4303674704"/>
  <nd ref="4303674709"/>
  <nd ref="4303674708"/>
  <nd ref="4303674674"/>
  <nd ref="4303674673"/>
  <tag k="building" v="industrial"/>
  <tag k="building:units" v="1"/>
  <tag k="ele" v="277.6"/>
  <tag k="height" v="5.6"/>
  <tag k="lacounty:ain" v="2748037018"/>
  <tag k="lacounty:bld_id" v="2014121091540000"/>
  <tag k="start_date" v="1969"/>
 </way>
 <way id="431118467" visible="true" version="1" changeset="40754369" timestamp="2016-07-15T06:27:36Z" user="PlaneMad" uid="1306">
  <nd ref="4303674467"/>
  <nd ref="4303674677"/>
  <nd ref="4303674680"/>
  <nd ref="4303674698"/>
  <nd ref="4303674697"/>
  <nd ref="4303674679"/>
  <nd ref="4303674678"/>
  <nd ref="4303674692"/>
  <nd ref="4303674691"/>
  <nd ref="4303674682"/>
  <nd ref="4303674681"/>
  <nd ref="4303674429"/>
  <nd ref="4303674427"/>
  <nd ref="4303674446"/>
  <nd ref="4303674447"/>
  <nd ref="4303674480"/>
  <nd ref="4303674453"/>
  <nd ref="4303674459"/>
  <nd ref="4303674467"/>
  <tag k="building" v="industrial"/>
  <tag k="building:units" v="1"/>
  <tag k="ele" v="279.1"/>
  <tag k="height" v="8.4"/>
  <tag k="lacounty:ain" v="2748037019"/>
  <tag k="lacounty:bld_id" v="384559908992"/>
 </way>
 <way id="431118476" visible="true" version="1" changeset="40754369" timestamp="2016-07-15T06:27:37Z" user="PlaneMad" uid="1306">
  <nd ref="4303674714"/>
  <nd ref="4303674664"/>
  <nd ref="4303674654"/>
  <nd ref="4303674647"/>
  <nd ref="4303674640"/>
  <nd ref="4303674616"/>
  <nd ref="4303674668"/>
  <nd ref="4303674662"/>
  <nd ref="4303674634"/>
  <nd ref="4303674611"/>
  <nd ref="4303674609"/>
  <nd ref="4303674602"/>
  <nd ref="4303674610"/>
  <nd ref="4303674601"/>
  <nd ref="4303674600"/>
  <nd ref="4303674653"/>
  <nd ref="4303674651"/>
  <nd ref="4303674655"/>
  <nd ref="4303674714"/>
  <tag k="building" v="house"/>
  <tag k="building:units" v="1"/>
  <tag k="ele" v="280.3"/>
  <tag k="height" v="8.3"/>
  <tag k="lacounty:ain" v="5779012085"/>
  <tag k="lacounty:bld_id" v="2014121114770000"/>
  <tag k="start_date" v="2009"/>
 </way>
 <way id="431118483" visible="true" version="1" changeset="40754369" timestamp="2016-07-15T06:27:38Z" user="PlaneMad" uid="1306">
  <nd ref="4303675331"/>
  <nd ref="4303675341"/>
  <nd ref="4303675340"/>
  <nd ref="4303675353"/>
  <nd ref="4303675352"/>
  <nd ref="4303675357"/>
  <nd ref="4303675358"/>
  <nd ref="4303675367"/>
  <nd ref="4303675368"/>
  <nd ref="4303675371"/>
  <nd ref="4303675372"/>
  <nd ref="4303675369"/>
  <nd ref="4303675370"/>
  <nd ref="4303675285"/>
  <nd ref="4303675284"/>
  <nd ref="4303675290"/>
  <nd ref="4303675289"/>
  <nd ref="4303675332"/>
  <nd ref="4303675331"/>
  <tag k="building" v="commercial"/>
  <tag k="building:units" v="1"/>
  <tag k="ele" v="278.4"/>
  <tag k="height" v="4.7"/>
  <tag k="lacounty:ain" v="2746009042"/>
  <tag k="lacounty:bld_id" v="2014121104160000"/>
  <tag k="start_date" v="1966"/>
 </way>
 <way id="431118500" visible="true" version="2" changeset="41006312" timestamp="2016-07-25T09:04:31Z" user="PlaneMad" uid="1306">
  <nd ref="4303674695"/>
  <nd ref="4303674693"/>
  <nd ref="4303674696"/>
  <nd ref="4303674670"/>
  <nd ref="4303674669"/>
  <nd ref="4303674657"/>
  <nd ref="4303674656"/>
  <nd ref="4303674484"/>
  <nd ref="4303674487"/>
  <nd ref="4303674456"/>
  <nd ref="4303674451"/>
  <nd ref="4303674438"/>
  <nd ref="4303674432"/>
  <nd ref="4303674440"/>
  <nd ref="4303674439"/>
  <nd ref="4303674460"/>
  <nd ref="4303674463"/>
  <nd ref="4303674661"/>
  <nd ref="4319223122"/>
  <nd ref="4303674695"/>
  <tag k="building" v="industrial"/>
  <tag k="ele" v="282.3"/>
  <tag k="height" v="10.8"/>
  <tag k="lacounty:ain" v="2746009017"/>
  <tag k="lacounty:bld_id" v="383356909056"/>
  <tag k="start_date" v="1969"/>
 </way>
 <way id="431118549" visible="true" version="1" changeset="40754369" timestamp="2016-07-15T06:27:49Z" user="PlaneMad" uid="1306">
  <nd ref="4303674266"/>
  <nd ref="4303674265"/>
  <nd ref="4303674277"/>
  <nd ref="4303674276"/>
  <nd ref="4303674283"/>
  <nd ref="4303674282"/>
  <nd ref="4303674264"/>
  <nd ref="4303674263"/>
  <nd ref="4303674825"/>
  <nd ref="4303674820"/>
  <nd ref="4303674818"/>
  <nd ref="4303674799"/>
  <nd ref="4303674804"/>
  <nd ref="4303674785"/>
  <nd ref="4303674783"/>
  <nd ref="4303674779"/>
  <nd ref="4303674778"/>
  <nd ref="4303674782"/>
  <nd ref="4303674781"/>
  <nd ref="4303674856"/>
  <nd ref="4303674266"/>
  <tag k="building" v="industrial"/>
  <tag k="building:units" v="2"/>
  <tag k="ele" v="276.9"/>
  <tag k="height" v="5.9"/>
  <tag k="lacounty:ain" v="2748036022"/>
  <tag k="lacounty:bld_id" v="384592909350"/>
  <tag k="start_date" v="1967"/>
 </way>
 <way id="431118584" visible="true" version="2" changeset="147467492" timestamp="2024-02-14T21:31:27Z" user="Clarke22" uid="703694">
  <nd ref="4303674032"/>
  <nd ref="4303674034"/>
  <nd ref="4303674037"/>
  <nd ref="4303674039"/>
  <nd ref="4303674053"/>
  <nd ref="4303674057"/>
  <nd ref="4303674066"/>
  <nd ref="4303674068"/>
  <nd ref="4303674067"/>
  <nd ref="4303674065"/>
  <nd ref="4303674056"/>
  <nd ref="4303674042"/>
  <nd ref="4303674038"/>
  <nd ref="4303674036"/>
  <nd ref="4303674035"/>
  <nd ref="4303674033"/>
  <nd ref="4303674004"/>
  <nd ref="4303674003"/>
  <nd ref="4303674005"/>
  <nd ref="4303674006"/>
  <nd ref="4303674032"/>
  <tag k="building" v="retail"/>
  <tag k="ele" v="274.6"/>
  <tag k="height" v="4.9"/>
  <tag k="lacounty:ain" v="2746009025"/>
  <tag k="lacounty:bld_id" v="383670908655"/>
  <tag k="start_date" v="1988"/>
 </way>
 <way id="431118585" visible="true" version="2" changeset="152436397" timestamp="2024-06-09T01:01:30Z" user="whammo" uid="1962542">
  <nd ref="4303675248"/>
  <nd ref="4303675249"/>
  <nd ref="4303675247"/>
  <nd ref="4303675246"/>
  <nd ref="4303675235"/>
  <nd ref="4303675236"/>
  <nd ref="4303675212"/>
  <nd ref="4303675213"/>
  <nd ref="4303675229"/>
  <nd ref="4303675233"/>
  <nd ref="4303675237"/>
  <nd ref="4303675238"/>
  <nd ref="4303675251"/>
  <nd ref="4303675252"/>
  <nd ref="4303675267"/>
  <nd ref="4303675266"/>
  <nd ref="4303675271"/>
  <nd ref="4303675268"/>
  <nd ref="4303675273"/>
  <nd ref="4303675272"/>
  <nd ref="4303675270"/>
  <nd ref="4303675269"/>
  <nd ref="4303675276"/>
  <nd ref="4303675275"/>
  <nd ref="4303675261"/>
  <nd ref="4303675248"/>
  <tag k="addr:city" v="Chatsworth"/>
  <tag k="addr:country" v="US"/>
  <tag k="addr:housenumber" v="9185"/>
  <tag k="addr:postcode" v="91311"/>
  <tag k="addr:state" v="CA"/>
  <tag k="addr:street" v="North Desoto Avenue"/>
  <tag k="amenity" v="fast_food"/>
  <tag k="brand" v="McDonald's"/>
  <tag k="brand:wikidata" v="Q38076"/>
  <tag k="building" v="house"/>
  <tag k="building:units" v="1"/>
  <tag k="cuisine" v="burger"/>
  <tag k="drive_through" v="yes"/>
  <tag k="ele" v="278.5"/>
  <tag k="height" v="5.0"/>
  <tag k="internet_access" v="wlan"/>
  <tag k="lacounty:ain" v="4073008026"/>
  <tag k="lacounty:bld_id" v="2014121075240000"/>
  <tag k="name" v="McDonald's"/>
  <tag k="opening_hours" v="06:00-21:00"/>
  <tag k="phone" v="+1 818-576-0008"/>
  <tag k="ref" v="33615"/>
  <tag k="start_date" v="1951"/>
  <tag k="takeaway" v="yes"/>
  <tag k="website" v="https://www.mcdonalds.com/us/en-us/location/33615.html"/>
 </way>
 <way id="431118586" visible="true" version="2" changeset="147467492" timestamp="2024-02-14T21:31:27Z" user="Clarke22" uid="703694">
  <nd ref="4303674061"/>
  <nd ref="4303674063"/>
  <nd ref="4303674071"/>
  <nd ref="4303674079"/>
  <nd ref="4303674108"/>
  <nd ref="4303674109"/>
  <nd ref="4303674110"/>
  <nd ref="4303674111"/>
  <nd ref="4303674136"/>
  <nd ref="4303674141"/>
  <nd ref="4303674143"/>
  <nd ref="4303674142"/>
  <nd ref="4303674152"/>
  <nd ref="4303674154"/>
  <nd ref="4303674159"/>
  <nd ref="4303674161"/>
  <nd ref="4303674160"/>
  <nd ref="4303674144"/>
  <nd ref="4303674074"/>
  <nd ref="4303674062"/>
  <nd ref="4303674060"/>
  <nd ref="4303674061"/>
  <tag k="building" v="retail"/>
  <tag k="ele" v="274.9"/>
  <tag k="height" v="4.8"/>
  <tag k="lacounty:ain" v="2746009025"/>
  <tag k="lacounty:bld_id" v="383715908700"/>
  <tag k="start_date" v="1988"/>
 </way>
 <way id="431118591" visible="true" version="1" changeset="40754369" timestamp="2016-07-15T06:27:55Z" user="PlaneMad" uid="1306">
  <nd ref="4303675474"/>
  <nd ref="4303675473"/>
  <nd ref="4303675479"/>
  <nd ref="4303675446"/>
  <nd ref="4303675443"/>
  <nd ref="4303675431"/>
  <nd ref="4303675424"/>
  <nd ref="4303675397"/>
  <nd ref="4303675391"/>
  <nd ref="4303675384"/>
  <nd ref="4303675381"/>
  <nd ref="4303675387"/>
  <nd ref="4303675380"/>
  <nd ref="4303675394"/>
  <nd ref="4303675393"/>
  <nd ref="4303675399"/>
  <nd ref="4303675400"/>
  <nd ref="4303675404"/>
  <nd ref="4303675403"/>
  <nd ref="4303675414"/>
  <nd ref="4303675415"/>
  <nd ref="4303675420"/>
  <nd ref="4303675419"/>
  <nd ref="4303675428"/>
  <nd ref="4303675429"/>
  <nd ref="4303675456"/>
  <nd ref="4303675474"/>
  <tag k="building" v="industrial"/>
  <tag k="ele" v="279.9"/>
  <tag k="height" v="5.5"/>
  <tag k="lacounty:ain" v="2746009012"/>
  <tag k="lacounty:bld_id" v="382836909857"/>
  <tag k="start_date" v="1960"/>
 </way>
 <way id="431118602" visible="true" version="3" changeset="111256333" timestamp="2021-09-15T17:43:01Z" user="VLD181" uid="13753594">
  <nd ref="4303674396"/>
  <nd ref="4303674397"/>
  <nd ref="4303674311"/>
  <nd ref="4303674310"/>
  <nd ref="4303674177"/>
  <nd ref="4303674131"/>
  <nd ref="4303674130"/>
  <nd ref="4303674137"/>
  <nd ref="4303674180"/>
  <nd ref="4303674185"/>
  <nd ref="4303674308"/>
  <nd ref="4303674309"/>
  <nd ref="4303674396"/>
  <tag k="building" v="yes"/>
  <tag k="ele" v="280.6"/>
  <tag k="height" v="9.6"/>
  <tag k="lacounty:ain" v="2746009035"/>
  <tag k="lacounty:bld_id" v="382820908878"/>
 </way>
 <way id="431118627" visible="true" version="2" changeset="40958805" timestamp="2016-07-22T19:48:52Z" user="yurasi_import" uid="4210536">
  <nd ref="4303674232"/>
  <nd ref="4303674233"/>
  <nd ref="4303674225"/>
  <nd ref="4303674224"/>
  <nd ref="4303674213"/>
  <nd ref="4303674212"/>
  <nd ref="4303674207"/>
  <nd ref="4303674203"/>
  <nd ref="4303674196"/>
  <nd ref="4303674195"/>
  <nd ref="4303674194"/>
  <nd ref="4303674193"/>
  <nd ref="4303674188"/>
  <nd ref="4303674183"/>
  <nd ref="4303674182"/>
  <nd ref="4303674097"/>
  <nd ref="4303674086"/>
  <nd ref="4303674075"/>
  <nd ref="4303674064"/>
  <nd ref="4303674058"/>
  <nd ref="4303674059"/>
  <nd ref="4303674080"/>
  <nd ref="4303674081"/>
  <nd ref="4303674232"/>
  <tag k="building" v="retail"/>
  <tag k="building:units" v="1"/>
  <tag k="ele" v="275.6"/>
  <tag k="height" v="5.4"/>
  <tag k="lacounty:ain" v="2746009024;2746009025"/>
  <tag k="lacounty:bld_id" v="383676908794;383592908721"/>
  <tag k="start_date" v="1988"/>
 </way>
 <way id="431118637" visible="true" version="1" changeset="40754369" timestamp="2016-07-15T06:28:03Z" user="PlaneMad" uid="1306">
  <nd ref="4303674593"/>
  <nd ref="4303674594"/>
  <nd ref="4303674622"/>
  <nd ref="4303674623"/>
  <nd ref="4303674593"/>
  <tag k="building" v="industrial"/>
  <tag k="building:units" v="1"/>
  <tag k="ele" v="278.8"/>
  <tag k="height" v="6.9"/>
  <tag k="lacounty:ain" v="2748037018"/>
  <tag k="lacounty:bld_id" v="384285909020"/>
  <tag k="start_date" v="1969"/>
 </way>
 <way id="431118646" visible="true" version="1" changeset="40754369" timestamp="2016-07-15T06:28:04Z" user="PlaneMad" uid="1306">
  <nd ref="4303674780"/>
  <nd ref="4303674712"/>
  <nd ref="4303674686"/>
  <nd ref="4303674747"/>
  <nd ref="4303674780"/>
  <tag k="building" v="industrial"/>
  <tag k="building:units" v="2"/>
  <tag k="ele" v="278.1"/>
  <tag k="height" v="5.9"/>
  <tag k="lacounty:ain" v="2746009003"/>
  <tag k="lacounty:bld_id" v="382804909224"/>
  <tag k="start_date" v="1961"/>
 </way>
 <way id="431118685" visible="true" version="1" changeset="40754369" timestamp="2016-07-15T06:28:08Z" user="PlaneMad" uid="1306">
  <nd ref="4303674464"/>
  <nd ref="4303674599"/>
  <nd ref="4303674612"/>
  <nd ref="4303674483"/>
  <nd ref="4303674464"/>
  <tag k="building" v="industrial"/>
  <tag k="ele" v="277.5"/>
  <tag k="height" v="6.5"/>
  <tag k="lacounty:ain" v="2746009017"/>
  <tag k="lacounty:bld_id" v="383205909005"/>
  <tag k="start_date" v="1969"/>
 </way>
 <way id="431118697" visible="true" version="1" changeset="40754369" timestamp="2016-07-15T06:28:09Z" user="PlaneMad" uid="1306">
  <nd ref="4303674750"/>
  <nd ref="4303674667"/>
  <nd ref="4303674643"/>
  <nd ref="4303674736"/>
  <nd ref="4303674750"/>
  <tag k="building" v="industrial"/>
  <tag k="building:units" v="2"/>
  <tag k="ele" v="279.7"/>
  <tag k="height" v="6.7"/>
  <tag k="lacounty:ain" v="2746009003"/>
  <tag k="lacounty:bld_id" v="382604909155"/>
  <tag k="start_date" v="1961"/>
 </way>
 <way id="431118713" visible="true" version="1" changeset="40754369" timestamp="2016-07-15T06:28:11Z" user="PlaneMad" uid="1306">
  <nd ref="4303674730"/>
  <nd ref="4303674729"/>
  <nd ref="4303674411"/>
  <nd ref="4303674412"/>
  <nd ref="4303674730"/>
  <tag k="building" v="industrial"/>
  <tag k="ele" v="278.2"/>
  <tag k="height" v="6.8"/>
  <tag k="lacounty:ain" v="2748037023"/>
  <tag k="lacounty:bld_id" v="383945909110"/>
  <tag k="start_date" v="1972"/>
 </way>
 <way id="431118719" visible="true" version="1" changeset="40754369" timestamp="2016-07-15T06:28:12Z" user="PlaneMad" uid="1306">
  <nd ref="4303675303"/>
  <nd ref="4303675263"/>
  <nd ref="4303675242"/>
  <nd ref="4303675274"/>
  <nd ref="4303675303"/>
  <tag k="building" v="industrial"/>
  <tag k="ele" v="278.1"/>
  <tag k="height" v="5.1"/>
  <tag k="lacounty:ain" v="2746009015"/>
  <tag k="lacounty:bld_id" v="382914909501"/>
  <tag k="start_date" v="1964"/>
 </way>
 <way id="431118728" visible="true" version="1" changeset="40754369" timestamp="2016-07-15T06:28:13Z" user="PlaneMad" uid="1306">
  <nd ref="4303674613"/>
  <nd ref="4303674632"/>
  <nd ref="4303674642"/>
  <nd ref="4303674631"/>
  <nd ref="4303674613"/>
  <tag k="building" v="industrial"/>
  <tag k="ele" v="277.6"/>
  <tag k="height" v="6.4"/>
  <tag k="lacounty:ain" v="2746009017"/>
  <tag k="lacounty:bld_id" v="383191909061"/>
  <tag k="start_date" v="1969"/>
 </way>
 <way id="431118769" visible="true" version="1" changeset="40754369" timestamp="2016-07-15T06:28:17Z" user="PlaneMad" uid="1306">
  <nd ref="4303675314"/>
  <nd ref="4303675329"/>
  <nd ref="4303675303"/>
  <nd ref="4303675274"/>
  <nd ref="4303675314"/>
  <tag k="building" v="industrial"/>
  <tag k="building:units" v="1"/>
  <tag k="ele" v="278.0"/>
  <tag k="height" v="4.7"/>
  <tag k="lacounty:ain" v="2746009014"/>
  <tag k="lacounty:bld_id" v="382899909557"/>
 </way>
 <way id="431118780" visible="true" version="1" changeset="40754369" timestamp="2016-07-15T06:28:19Z" user="PlaneMad" uid="1306">
  <nd ref="4303675282"/>
  <nd ref="4303675283"/>
  <nd ref="4303675241"/>
  <nd ref="4303675239"/>
  <nd ref="4303675282"/>
  <tag k="building" v="industrial"/>
  <tag k="building:units" v="1"/>
  <tag k="ele" v="277.2"/>
  <tag k="height" v="5.2"/>
  <tag k="lacounty:ain" v="2748036023"/>
  <tag k="lacounty:bld_id" v="384123909491"/>
 </way>
 <way id="431118799" visible="true" version="1" changeset="40754369" timestamp="2016-07-15T06:28:21Z" user="PlaneMad" uid="1306">
  <nd ref="4303675362"/>
  <nd ref="4303675365"/>
  <nd ref="4303675366"/>
  <nd ref="4303675363"/>
  <nd ref="4303675362"/>
  <tag k="building" v="commercial"/>
  <tag k="building:units" v="1"/>
  <tag k="ele" v="277.4"/>
  <tag k="height" v="3.7"/>
  <tag k="lacounty:ain" v="2746009042"/>
  <tag k="lacounty:bld_id" v="383053909669"/>
  <tag k="start_date" v="1966"/>
 </way>
 <way id="431118802" visible="true" version="1" changeset="40754369" timestamp="2016-07-15T06:28:21Z" user="PlaneMad" uid="1306">
  <nd ref="4303674644"/>
  <nd ref="4303674658"/>
  <nd ref="4303674641"/>
  <nd ref="4303674633"/>
  <nd ref="4303674644"/>
  <tag k="building" v="industrial"/>
  <tag k="ele" v="277.6"/>
  <tag k="height" v="6.3"/>
  <tag k="lacounty:ain" v="2746009017"/>
  <tag k="lacounty:bld_id" v="383227909075"/>
  <tag k="start_date" v="1969"/>
 </way>
 <way id="431118809" visible="true" version="1" changeset="40754369" timestamp="2016-07-15T06:28:22Z" user="PlaneMad" uid="1306">
  <nd ref="4303674404"/>
  <nd ref="4303674405"/>
  <nd ref="4303674424"/>
  <nd ref="4303674423"/>
  <nd ref="4303674404"/>
  <tag k="building" v="industrial"/>
  <tag k="ele" v="274.7"/>
  <tag k="height" v="4.0"/>
  <tag k="lacounty:ain" v="2746009027"/>
  <tag k="lacounty:bld_id" v="383170908936"/>
  <tag k="start_date" v="1963"/>
 </way>
 <way id="431118843" visible="true" version="1" changeset="40754369" timestamp="2016-07-15T06:28:26Z" user="PlaneMad" uid="1306">
  <nd ref="4303674441"/>
  <nd ref="4303674414"/>
  <nd ref="4303674415"/>
  <nd ref="4303674437"/>
  <nd ref="4303674448"/>
  <nd ref="4303674452"/>
  <nd ref="4303674441"/>
  <tag k="building" v="yes"/>
  <tag k="ele" v="276.0"/>
  <tag k="height" v="4.8"/>
  <tag k="lacounty:ain" v="2746009023"/>
  <tag k="lacounty:bld_id" v="383590908950"/>
  <tag k="start_date" v="1969"/>
 </way>
 <way id="431118847" visible="true" version="2" changeset="40958805" timestamp="2016-07-22T19:48:53Z" user="yurasi_import" uid="4210536">
  <nd ref="4303674302"/>
  <nd ref="4303674303"/>
  <nd ref="4303674373"/>
  <nd ref="4303674372"/>
  <nd ref="4303674375"/>
  <nd ref="4303674302"/>
  <tag k="building" v="industrial"/>
  <tag k="building:units" v="1"/>
  <tag k="ele" v="275.9"/>
  <tag k="height" v="5.0"/>
  <tag k="lacounty:ain" v="2746009024"/>
  <tag k="lacounty:bld_id" v="383523908849"/>
 </way>
 <way id="431118866" visible="true" version="1" changeset="40754369" timestamp="2016-07-15T06:28:29Z" user="PlaneMad" uid="1306">
  <nd ref="4303675373"/>
  <nd ref="4303675360"/>
  <nd ref="4303675335"/>
  <nd ref="4303675330"/>
  <nd ref="4303675322"/>
  <nd ref="4303675351"/>
  <nd ref="4303675373"/>
  <tag k="building" v="industrial"/>
  <tag k="ele" v="278.4"/>
  <tag k="height" v="4.7"/>
  <tag k="lacounty:ain" v="2746009013"/>
  <tag k="lacounty:bld_id" v="382964909650"/>
  <tag k="start_date" v="1964"/>
 </way>
 <way id="431118872" visible="true" version="2" changeset="147465510" timestamp="2024-02-14T20:20:20Z" user="Clarke22" uid="703694">
  <nd ref="4303674421"/>
  <nd ref="4303674422"/>
  <nd ref="4303674650"/>
  <nd ref="4303674649"/>
  <nd ref="4303674452"/>
  <nd ref="4303674448"/>
  <nd ref="4303674421"/>
  <tag k="demolished:building" v="yes"/>
  <tag k="ele" v="276.6"/>
  <tag k="height" v="5.1"/>
  <tag k="lacounty:ain" v="2746009023"/>
  <tag k="lacounty:bld_id" v="383553909024"/>
  <tag k="start_date" v="1969"/>
 </way>
 <way id="431118887" visible="true" version="1" changeset="40754369" timestamp="2016-07-15T06:28:31Z" user="PlaneMad" uid="1306">
  <nd ref="4303674385"/>
  <nd ref="4303674384"/>
  <nd ref="4303674361"/>
  <nd ref="4303674360"/>
  <nd ref="4303674139"/>
  <nd ref="4303674138"/>
  <nd ref="4303674359"/>
  <nd ref="4303674358"/>
  <nd ref="4303674385"/>
  <tag k="building" v="industrial"/>
  <tag k="building:units" v="1"/>
  <tag k="ele" v="276.6"/>
  <tag k="height" v="5.5"/>
  <tag k="lacounty:ain" v="2746009026"/>
  <tag k="lacounty:bld_id" v="2014121091020000"/>
  <tag k="start_date" v="1970"/>
 </way>
 <way id="431118891" visible="true" version="1" changeset="40754369" timestamp="2016-07-15T06:28:32Z" user="PlaneMad" uid="1306">
  <nd ref="4303675239"/>
  <nd ref="4303675241"/>
  <nd ref="4303674961"/>
  <nd ref="4303674960"/>
  <nd ref="4303674890"/>
  <nd ref="4303674891"/>
  <nd ref="4303674262"/>
  <nd ref="4303674261"/>
  <nd ref="4303675239"/>
  <tag k="building" v="industrial"/>
  <tag k="building:units" v="1"/>
  <tag k="ele" v="277.8"/>
  <tag k="height" v="6.0"/>
  <tag k="lacounty:ain" v="2748036024"/>
  <tag k="lacounty:bld_id" v="384106909398"/>
  <tag k="start_date" v="1967"/>
 </way>
 <way id="431118936" visible="true" version="2" changeset="121210805" timestamp="2022-05-19T19:44:04Z" user="VLD195" uid="15104953">
  <nd ref="4303675309"/>
  <nd ref="4303675286"/>
  <nd ref="4303675258"/>
  <nd ref="4303675259"/>
  <nd ref="4303675111"/>
  <nd ref="4303675112"/>
  <nd ref="4303675265"/>
  <nd ref="4303675309"/>
  <tag k="building" v="warehouse"/>
  <tag k="building:units" v="1"/>
  <tag k="ele" v="277.4"/>
  <tag k="height" v="5.9"/>
  <tag k="lacounty:ain" v="2748036021"/>
  <tag k="lacounty:bld_id" v="384592909512"/>
  <tag k="start_date" v="1967"/>
 </way>
 <way id="431118939" visible="true" version="1" changeset="40754369" timestamp="2016-07-15T06:28:34Z" user="PlaneMad" uid="1306">
  <nd ref="4303675141"/>
  <nd ref="4303675257"/>
  <nd ref="4303675243"/>
  <nd ref="4303675250"/>
  <nd ref="4303675178"/>
  <nd ref="4303675144"/>
  <nd ref="4303674962"/>
  <nd ref="4303674269"/>
  <nd ref="4303675141"/>
  <tag k="building" v="warehouse"/>
  <tag k="building:units" v="1"/>
  <tag k="ele" v="278.4"/>
  <tag k="height" v="5.6"/>
  <tag k="lacounty:ain" v="2746009029"/>
  <tag k="lacounty:bld_id" v="382958909425"/>
  <tag k="start_date" v="1966"/>
 </way>
 <way id="431118946" visible="true" version="1" changeset="40754369" timestamp="2016-07-15T06:28:35Z" user="PlaneMad" uid="1306">
  <nd ref="4303675376"/>
  <nd ref="4303675344"/>
  <nd ref="4303675342"/>
  <nd ref="4303675323"/>
  <nd ref="4303675324"/>
  <nd ref="4303675304"/>
  <nd ref="4303675315"/>
  <nd ref="4303675395"/>
  <nd ref="4303675376"/>
  <tag k="building" v="warehouse"/>
  <tag k="ele" v="278.7"/>
  <tag k="height" v="6.7"/>
  <tag k="lacounty:ain" v="2748036009"/>
  <tag k="lacounty:bld_id" v="384512909578"/>
  <tag k="start_date" v="1970"/>
 </way>
 <way id="431118963" visible="true" version="1" changeset="40754369" timestamp="2016-07-15T06:28:37Z" user="PlaneMad" uid="1306">
  <nd ref="4303674470"/>
  <nd ref="4303674475"/>
  <nd ref="4303674474"/>
  <nd ref="4303674444"/>
  <nd ref="4303674445"/>
  <nd ref="4303674417"/>
  <nd ref="4303674418"/>
  <nd ref="4303674473"/>
  <nd ref="4303674470"/>
  <tag k="building" v="industrial"/>
  <tag k="building:units" v="1"/>
  <tag k="ele" v="278.7"/>
  <tag k="height" v="7.4"/>
  <tag k="lacounty:ain" v="2748037018"/>
  <tag k="lacounty:bld_id" v="384342908959"/>
  <tag k="start_date" v="1969"/>
 </way>
 <way id="431119007" visible="true" version="3" changeset="121210805" timestamp="2022-05-19T19:44:04Z" user="VLD195" uid="15104953">
  <nd ref="4303674856"/>
  <nd ref="4303674853"/>
  <nd ref="4303675264"/>
  <nd ref="4303675265"/>
  <nd ref="4303675112"/>
  <nd ref="4303674266"/>
  <nd ref="4303674856"/>
  <tag k="building" v="industrial"/>
  <tag k="ele" v="279.0"/>
  <tag k="height" v="7.4"/>
  <tag k="lacounty:ain" v="2748036011"/>
  <tag k="lacounty:bld_id" v="384473909430"/>
  <tag k="start_date" v="1969"/>
 </way>
 <way id="431119008" visible="true" version="1" changeset="40754369" timestamp="2016-07-15T06:28:44Z" user="PlaneMad" uid="1306">
  <nd ref="4303674962"/>
  <nd ref="4303674279"/>
  <nd ref="4303674275"/>
  <nd ref="4303674273"/>
  <nd ref="4303674865"/>
  <nd ref="4303674867"/>
  <nd ref="4303674872"/>
  <nd ref="4303674874"/>
  <nd ref="4303674269"/>
  <nd ref="4303674962"/>
  <tag k="building" v="industrial"/>
  <tag k="ele" v="278.6"/>
  <tag k="height" v="6.0"/>
  <tag k="lacounty:ain" v="2746009030"/>
  <tag k="lacounty:bld_id" v="382979909383"/>
 </way>
 <way id="431172388" visible="true" version="1" changeset="40758189" timestamp="2016-07-15T11:02:42Z" user="manoharuss_imports" uid="4222790">
  <nd ref="4304209215"/>
  <nd ref="4304209216"/>
  <nd ref="4304209072"/>
  <nd ref="4304209071"/>
  <nd ref="4304209059"/>
  <nd ref="4304209060"/>
  <nd ref="4304209046"/>
  <nd ref="4304209045"/>
  <nd ref="4304209053"/>
  <nd ref="4304209054"/>
  <nd ref="4304209062"/>
  <nd ref="4304209061"/>
  <nd ref="4304209079"/>
  <nd ref="4304209080"/>
  <nd ref="4304209194"/>
  <nd ref="4304209193"/>
  <nd ref="4304209215"/>
  <tag k="building" v="industrial"/>
  <tag k="building:units" v="3"/>
  <tag k="ele" v="278.5"/>
  <tag k="height" v="8.6"/>
  <tag k="lacounty:ain" v="2779017038"/>
  <tag k="lacounty:bld_id" v="382297908324"/>
  <tag k="start_date" v="1973"/>
 </way>
 <way id="431172504" visible="true" version="1" changeset="40758189" timestamp="2016-07-15T11:02:52Z" user="manoharuss_imports" uid="4222790">
  <nd ref="4304209266"/>
  <nd ref="4304209293"/>
  <nd ref="4304209292"/>
  <nd ref="4304209264"/>
  <nd ref="4304209265"/>
  <nd ref="4304209295"/>
  <nd ref="4304209294"/>
  <nd ref="4304209262"/>
  <nd ref="4304209263"/>
  <nd ref="4304209291"/>
  <nd ref="4304209290"/>
  <nd ref="4304209268"/>
  <nd ref="4304209269"/>
  <nd ref="4304209288"/>
  <nd ref="4304209289"/>
  <nd ref="4304209271"/>
  <nd ref="4304209270"/>
  <nd ref="4304209230"/>
  <nd ref="4304209229"/>
  <nd ref="4304209267"/>
  <nd ref="4304209266"/>
  <tag k="building" v="industrial"/>
  <tag k="ele" v="276.2"/>
  <tag k="height" v="5.9"/>
  <tag k="lacounty:ain" v="2779017041"/>
  <tag k="lacounty:bld_id" v="382006908470"/>
  <tag k="start_date" v="1976"/>
 </way>
 <way id="431172572" visible="true" version="2" changeset="121997636" timestamp="2022-06-05T23:33:23Z" user="MicropolisCorp" uid="16110190">
  <nd ref="4304209233"/>
  <nd ref="4304209234"/>
  <nd ref="4304209227"/>
  <nd ref="4304209228"/>
  <nd ref="4304209231"/>
  <nd ref="4304209232"/>
  <nd ref="4304209273"/>
  <nd ref="4304209272"/>
  <nd ref="4304209297"/>
  <nd ref="4304209296"/>
  <nd ref="4304209277"/>
  <nd ref="4304209275"/>
  <nd ref="4304209303"/>
  <nd ref="4304209300"/>
  <nd ref="4304209276"/>
  <nd ref="4304209274"/>
  <nd ref="4304209302"/>
  <nd ref="4304209299"/>
  <nd ref="4304209281"/>
  <nd ref="4304209278"/>
  <nd ref="4304209301"/>
  <nd ref="4304209298"/>
  <nd ref="4304209280"/>
  <nd ref="4304209279"/>
  <nd ref="4304209248"/>
  <nd ref="4304209247"/>
  <nd ref="4304209241"/>
  <nd ref="4304209242"/>
  <nd ref="4304209233"/>
  <tag k="addr:city" v="Chatsworth"/>
  <tag k="addr:housenumber" v="21122"/>
  <tag k="addr:postcode" v="91311"/>
  <tag k="addr:state" v="CA"/>
  <tag k="addr:street" v="Nordhoff Street"/>
  <tag k="building" v="industrial"/>
  <tag k="building:units" v="3"/>
  <tag k="ele" v="277.8"/>
  <tag k="height" v="7.7"/>
  <tag k="lacounty:ain" v="2779017038"/>
  <tag k="lacounty:bld_id" v="382270908470"/>
  <tag k="start_date" v="1973"/>
 </way>
 <way id="431172654" visible="true" version="2" changeset="121997636" timestamp="2022-06-05T23:33:23Z" user="MicropolisCorp" uid="16110190">
  <nd ref="4304209090"/>
  <nd ref="4304209284"/>
  <nd ref="4304209283"/>
  <nd ref="4304209305"/>
  <nd ref="4304209304"/>
  <nd ref="4304209282"/>
  <nd ref="4304209285"/>
  <nd ref="4304209306"/>
  <nd ref="4304209307"/>
  <nd ref="4304209287"/>
  <nd ref="4304209286"/>
  <nd ref="4304209260"/>
  <nd ref="4304209259"/>
  <nd ref="4304209251"/>
  <nd ref="4304209252"/>
  <nd ref="4304209236"/>
  <nd ref="4304209235"/>
  <nd ref="4304209225"/>
  <nd ref="4304209226"/>
  <nd ref="4304209218"/>
  <nd ref="4304209217"/>
  <nd ref="4304209205"/>
  <nd ref="4304209206"/>
  <nd ref="4304209202"/>
  <nd ref="4304209201"/>
  <nd ref="4304209076"/>
  <nd ref="4304209075"/>
  <nd ref="4304209073"/>
  <nd ref="4304209074"/>
  <nd ref="4304209048"/>
  <nd ref="4304209047"/>
  <nd ref="4304209041"/>
  <nd ref="4304209042"/>
  <nd ref="4304209037"/>
  <nd ref="4304209038"/>
  <nd ref="4304209036"/>
  <nd ref="4304209035"/>
  <nd ref="4304209029"/>
  <nd ref="4304209030"/>
  <nd ref="4304209017"/>
  <nd ref="4304209018"/>
  <nd ref="4304209096"/>
  <nd ref="4304209097"/>
  <nd ref="4304209092"/>
  <nd ref="4304209090"/>
  <tag k="addr:city" v="Chatsworth"/>
  <tag k="addr:housenumber" v="21110"/>
  <tag k="addr:postcode" v="91311"/>
  <tag k="addr:state" v="CA"/>
  <tag k="addr:street" v="Nordhoff Street"/>
  <tag k="building" v="industrial"/>
  <tag k="ele" v="277.2"/>
  <tag k="height" v="6.9"/>
  <tag k="lacounty:ain" v="2779017039"/>
  <tag k="lacounty:bld_id" v="382445908475"/>
  <tag k="start_date" v="1976"/>
 </way>
 <way id="431172695" visible="true" version="1" changeset="40758189" timestamp="2016-07-15T11:03:17Z" user="manoharuss_imports" uid="4222790">
  <nd ref="4304209220"/>
  <nd ref="4304209084"/>
  <nd ref="4304209083"/>
  <nd ref="4304209058"/>
  <nd ref="4304209057"/>
  <nd ref="4304209044"/>
  <nd ref="4304209043"/>
  <nd ref="4304209219"/>
  <nd ref="4304209220"/>
  <tag k="building" v="industrial"/>
  <tag k="ele" v="276.2"/>
  <tag k="height" v="6.4"/>
  <tag k="lacounty:ain" v="2779017041"/>
  <tag k="lacounty:bld_id" v="382006908295"/>
  <tag k="start_date" v="1976"/>
 </way>
 <way id="431202191" visible="true" version="1" changeset="40759930" timestamp="2016-07-15T12:48:26Z" user="poornima_labuildings" uid="4213767">
  <nd ref="4304484597"/>
  <nd ref="4304484385"/>
  <nd ref="4304484384"/>
  <nd ref="4304484352"/>
  <nd ref="4304484351"/>
  <nd ref="4304484335"/>
  <nd ref="4304484336"/>
  <nd ref="4304484348"/>
  <nd ref="4304484349"/>
  <nd ref="4304484368"/>
  <nd ref="4304484369"/>
  <nd ref="4304484595"/>
  <nd ref="4304484596"/>
  <nd ref="4304484598"/>
  <nd ref="4304484597"/>
  <tag k="building" v="industrial"/>
  <tag k="building:units" v="1"/>
  <tag k="ele" v="275.7"/>
  <tag k="height" v="5.1"/>
  <tag k="lacounty:ain" v="2779048001"/>
  <tag k="lacounty:bld_id" v="382969908474"/>
  <tag k="start_date" v="1936"/>
 </way>
 <way id="431202197" visible="true" version="1" changeset="40759930" timestamp="2016-07-15T12:48:26Z" user="poornima_labuildings" uid="4213767">
  <nd ref="4304484344"/>
  <nd ref="4304484343"/>
  <nd ref="4304484338"/>
  <nd ref="4304484337"/>
  <nd ref="4304484346"/>
  <nd ref="4304484345"/>
  <nd ref="4304484340"/>
  <nd ref="4304484339"/>
  <nd ref="4304484342"/>
  <nd ref="4304484341"/>
  <nd ref="4304484331"/>
  <nd ref="4304484332"/>
  <nd ref="4304484325"/>
  <nd ref="4304484327"/>
  <nd ref="4304484333"/>
  <nd ref="4304484334"/>
  <nd ref="4304484344"/>
  <tag k="building" v="industrial"/>
  <tag k="building:units" v="1"/>
  <tag k="ele" v="274.5"/>
  <tag k="height" v="3.8"/>
  <tag k="lacounty:ain" v="2779048001"/>
  <tag k="lacounty:bld_id" v="382936908426"/>
  <tag k="start_date" v="1936"/>
 </way>
 <way id="431202200" visible="true" version="1" changeset="40759930" timestamp="2016-07-15T12:48:27Z" user="poornima_labuildings" uid="4213767">
  <nd ref="4304484289"/>
  <nd ref="4304484184"/>
  <nd ref="4304484292"/>
  <nd ref="4304484291"/>
  <nd ref="4304484182"/>
  <nd ref="4304484183"/>
  <nd ref="4304484293"/>
  <nd ref="4304484290"/>
  <nd ref="4304484370"/>
  <nd ref="4304484371"/>
  <nd ref="4304484386"/>
  <nd ref="4304484387"/>
  <nd ref="4304484374"/>
  <nd ref="4304484375"/>
  <nd ref="4304484388"/>
  <nd ref="4304484589"/>
  <nd ref="4304484372"/>
  <nd ref="4304484373"/>
  <nd ref="4304484289"/>
  <tag k="building" v="industrial"/>
  <tag k="ele" v="279.1"/>
  <tag k="height" v="9.6"/>
  <tag k="lacounty:ain" v="2779048004"/>
  <tag k="lacounty:bld_id" v="382753908366"/>
  <tag k="start_date" v="1979"/>
 </way>
 <way id="431202208" visible="true" version="1" changeset="40759930" timestamp="2016-07-15T12:48:28Z" user="poornima_labuildings" uid="4213767">
  <nd ref="4304484322"/>
  <nd ref="4304484380"/>
  <nd ref="4304484379"/>
  <nd ref="4304484366"/>
  <nd ref="4304484364"/>
  <nd ref="4304484377"/>
  <nd ref="4304484376"/>
  <nd ref="4304484360"/>
  <nd ref="4304484359"/>
  <nd ref="4304484383"/>
  <nd ref="4304484381"/>
  <nd ref="4304484367"/>
  <nd ref="4304484365"/>
  <nd ref="4304484382"/>
  <nd ref="4304484378"/>
  <nd ref="4304484361"/>
  <nd ref="4304484358"/>
  <nd ref="4304484329"/>
  <nd ref="4304484330"/>
  <nd ref="4304484324"/>
  <nd ref="4304484323"/>
  <nd ref="4304484321"/>
  <nd ref="4304484315"/>
  <nd ref="4304484316"/>
  <nd ref="4304484320"/>
  <nd ref="4304484319"/>
  <nd ref="4304484322"/>
  <tag k="building" v="commercial"/>
  <tag k="ele" v="279.5"/>
  <tag k="height" v="9.3"/>
  <tag k="lacounty:ain" v="2779048005"/>
  <tag k="lacounty:bld_id" v="383070908428"/>
  <tag k="start_date" v="1982"/>
 </way>
 <way id="431202221" visible="true" version="1" changeset="40759930" timestamp="2016-07-15T12:48:30Z" user="poornima_labuildings" uid="4213767">
  <nd ref="4304484362"/>
  <nd ref="4304484347"/>
  <nd ref="4304484350"/>
  <nd ref="4304484363"/>
  <nd ref="4304484362"/>
  <tag k="building" v="industrial"/>
  <tag k="building:units" v="1"/>
  <tag k="ele" v="273.1"/>
  <tag k="height" v="2.6"/>
  <tag k="lacounty:ain" v="2779048001"/>
  <tag k="lacounty:bld_id" v="2014121090900000"/>
  <tag k="start_date" v="1936"/>
 </way>
 <way id="431202225" visible="true" version="2" changeset="182838541" timestamp="2026-05-18T15:28:01Z" user="bhartinegi_lyft" uid="23086961">
  <nd ref="4304484599"/>
  <nd ref="4304484356"/>
  <nd ref="13845498088"/>
  <nd ref="13845498093"/>
  <nd ref="13845498085"/>
  <nd ref="4304484357"/>
  <nd ref="4304484600"/>
  <nd ref="13845498084"/>
  <nd ref="13845498092"/>
  <nd ref="13845498089"/>
  <nd ref="4304484599"/>
  <tag k="building" v="commercial"/>
  <tag k="ele" v="275.0"/>
  <tag k="height" v="5.7"/>
  <tag k="lacounty:ain" v="2779001031"/>
  <tag k="lacounty:bld_id" v="383675908470"/>
  <tag k="start_date" v="1988"/>
 </way>
 <way id="431202229" visible="true" version="1" changeset="40759930" timestamp="2016-07-15T12:48:31Z" user="poornima_labuildings" uid="4213767">
  <nd ref="4304484328"/>
  <nd ref="4304484314"/>
  <nd ref="4304484313"/>
  <nd ref="4304484326"/>
  <nd ref="4304484328"/>
  <tag k="building" v="commercial"/>
  <tag k="ele" v="273.6"/>
  <tag k="height" v="4.3"/>
  <tag k="lacounty:ain" v="2779001031"/>
  <tag k="lacounty:bld_id" v="383685908403"/>
  <tag k="start_date" v="1988"/>
 </way>
 <way id="431202251" visible="true" version="2" changeset="147467492" timestamp="2024-02-14T21:31:27Z" user="Clarke22" uid="703694">
  <nd ref="4304484593"/>
  <nd ref="4304484592"/>
  <nd ref="4304484602"/>
  <nd ref="4304484604"/>
  <nd ref="4304484605"/>
  <nd ref="4304484606"/>
  <nd ref="4304484608"/>
  <nd ref="4304484607"/>
  <nd ref="4304484609"/>
  <nd ref="4304484610"/>
  <nd ref="4304484166"/>
  <nd ref="4304484165"/>
  <nd ref="4304484181"/>
  <nd ref="4304484180"/>
  <nd ref="4304484188"/>
  <nd ref="4304484187"/>
  <nd ref="4304484178"/>
  <nd ref="4304484179"/>
  <nd ref="4304484186"/>
  <nd ref="4304484185"/>
  <nd ref="4304484176"/>
  <nd ref="4304484177"/>
  <nd ref="4304484294"/>
  <nd ref="4304484295"/>
  <nd ref="4304484297"/>
  <nd ref="4304484296"/>
  <nd ref="4304484302"/>
  <nd ref="4304484303"/>
  <nd ref="4304484300"/>
  <nd ref="4304484301"/>
  <nd ref="4304484305"/>
  <nd ref="4304484304"/>
  <nd ref="4304484353"/>
  <nd ref="4304484354"/>
  <nd ref="4304484355"/>
  <nd ref="4304484594"/>
  <nd ref="4304484593"/>
  <tag k="building" v="yes"/>
  <tag k="building:units" v="3"/>
  <tag k="building:use" v="car_repair"/>
  <tag k="ele" v="277.7"/>
  <tag k="height" v="8.3"/>
  <tag k="lacounty:ain" v="2779001037;2779001004;2779001036;2779001035;2779001033"/>
  <tag k="lacounty:bld_id" v="383595908383;383446908455;383655908185;383674908278;383654908342"/>
 </way>
 <way id="431202263" visible="true" version="1" changeset="40759930" timestamp="2016-07-15T12:48:34Z" user="poornima_labuildings" uid="4213767">
  <nd ref="4304484601"/>
  <nd ref="4304484603"/>
  <nd ref="4304484591"/>
  <nd ref="4304484590"/>
  <nd ref="4304484307"/>
  <nd ref="4304484306"/>
  <nd ref="4304484601"/>
  <tag k="building" v="yes"/>
  <tag k="ele" v="275.5"/>
  <tag k="height" v="5.5"/>
  <tag k="lacounty:ain" v="2779001038"/>
  <tag k="lacounty:bld_id" v="383196908386"/>
 </way>
 <way id="431202298" visible="true" version="1" changeset="40759930" timestamp="2016-07-15T12:48:36Z" user="poornima_labuildings" uid="4213767">
  <nd ref="4304484318"/>
  <nd ref="4304484312"/>
  <nd ref="4304484311"/>
  <nd ref="4304484298"/>
  <nd ref="4304484299"/>
  <nd ref="4304484175"/>
  <nd ref="4304484174"/>
  <nd ref="4304484317"/>
  <nd ref="4304484318"/>
  <tag k="building" v="industrial"/>
  <tag k="ele" v="276.8"/>
  <tag k="height" v="7.1"/>
  <tag k="lacounty:ain" v="2779048006"/>
  <tag k="lacounty:bld_id" v="382952908325"/>
  <tag k="start_date" v="1980"/>
 </way>
 <way id="432634131" visible="true" version="2" changeset="152436397" timestamp="2024-06-09T01:01:30Z" user="whammo" uid="1962542">
  <nd ref="4316200955"/>
  <nd ref="4316200956"/>
  <nd ref="4316200949"/>
  <nd ref="4316200950"/>
  <nd ref="4316200948"/>
  <nd ref="4316200947"/>
  <nd ref="4316200952"/>
  <nd ref="4316200951"/>
  <nd ref="4316200953"/>
  <nd ref="4316200954"/>
  <nd ref="4316200955"/>
  <tag k="addr:city" v="Chatsworth"/>
  <tag k="addr:housenumber" v="9175"/>
  <tag k="addr:postcode" v="91311"/>
  <tag k="addr:state" v="CA"/>
  <tag k="addr:street" v="De Soto Avenue"/>
  <tag k="amenity" v="fast_food"/>
  <tag k="brand" v="Chipotle"/>
  <tag k="brand:wikidata" v="Q465751"/>
  <tag k="building" v="yes"/>
  <tag k="cuisine" v="mexican"/>
  <tag k="name" v="Chipotle"/>
  <tag k="official_name" v="Chipotle Mexican Grill"/>
  <tag k="phone" v="+1 818-671-2902"/>
  <tag k="takeaway" v="yes"/>
  <tag k="website" v="https://locations.chipotle.com/ca/chatsworth/9175-de-soto-ave"/>
 </way>
 <way id="489667062" visible="true" version="2" changeset="66613339" timestamp="2019-01-24T20:39:22Z" user="Clarke22" uid="703694">
  <nd ref="4818899551"/>
  <nd ref="6234385643"/>
  <nd ref="4818899550"/>
  <tag k="highway" v="service"/>
 </way>
 <way id="489667063" visible="true" version="2" changeset="113631490" timestamp="2021-11-11T01:28:06Z" user="Clarke22" uid="703694">
  <nd ref="4818899553"/>
  <nd ref="4818899551"/>
  <nd ref="9242132947"/>
  <nd ref="4818899552"/>
  <tag k="highway" v="service"/>
  <tag k="service" v="parking_aisle"/>
 </way>
 <way id="489667064" visible="true" version="1" changeset="48176339" timestamp="2017-04-26T21:48:11Z" user="RichRico" uid="2219338">
  <nd ref="4818899554"/>
  <nd ref="4818899558"/>
  <tag k="highway" v="service"/>
 </way>
 <way id="489667065" visible="true" version="1" changeset="48176339" timestamp="2017-04-26T21:48:11Z" user="RichRico" uid="2219338">
  <nd ref="4818899555"/>
  <nd ref="4818899561"/>
  <tag k="highway" v="service"/>
 </way>
 <way id="489667066" visible="true" version="1" changeset="48176339" timestamp="2017-04-26T21:48:11Z" user="RichRico" uid="2219338">
  <nd ref="4818899557"/>
  <nd ref="4818899556"/>
  <tag k="highway" v="service"/>
  <tag k="service" v="parking_aisle"/>
 </way>
 <way id="489667067" visible="true" version="1" changeset="48176339" timestamp="2017-04-26T21:48:11Z" user="RichRico" uid="2219338">
  <nd ref="4818899561"/>
  <nd ref="4818899560"/>
  <nd ref="4818899557"/>
  <nd ref="4818899559"/>
  <nd ref="4818899558"/>
  <tag k="highway" v="service"/>
  <tag k="service" v="parking_aisle"/>
 </way>
 <way id="489667068" visible="true" version="2" changeset="116047811" timestamp="2022-01-12T03:34:17Z" user="Clarke22" uid="703694">
  <nd ref="4818899562"/>
  <nd ref="4818899564"/>
  <tag k="highway" v="service"/>
  <tag k="service" v="driveway"/>
 </way>
 <way id="489667069" visible="true" version="2" changeset="116047811" timestamp="2022-01-12T03:34:17Z" user="Clarke22" uid="703694">
  <nd ref="4818899563"/>
  <nd ref="4818899566"/>
  <tag k="highway" v="service"/>
  <tag k="service" v="driveway"/>
 </way>
 <way id="489667070" visible="true" version="1" changeset="48176339" timestamp="2017-04-26T21:48:11Z" user="RichRico" uid="2219338">
  <nd ref="4818899564"/>
  <nd ref="4818899565"/>
  <nd ref="4818899567"/>
  <nd ref="4818899566"/>
  <tag k="highway" v="service"/>
  <tag k="service" v="parking_aisle"/>
 </way>
 <way id="571433523" visible="true" version="2" changeset="73326420" timestamp="2019-08-13T21:58:48Z" user="Clarke22" uid="703694">
  <nd ref="5491884258"/>
  <nd ref="5491884261"/>
  <nd ref="5491884262"/>
  <nd ref="5491884263"/>
  <nd ref="5491884264"/>
  <nd ref="5491884265"/>
  <nd ref="5491884266"/>
  <nd ref="5491884258"/>
  <tag k="building" v="industrial"/>
 </way>
 <way id="578715124" visible="true" version="3" changeset="116047811" timestamp="2022-01-12T03:34:17Z" user="Clarke22" uid="703694">
  <nd ref="5544335161"/>
  <nd ref="9411678472"/>
  <nd ref="5544335160"/>
  <nd ref="5544335159"/>
  <nd ref="5544335158"/>
  <nd ref="5544335163"/>
  <nd ref="5544335150"/>
  <nd ref="9411678483"/>
  <nd ref="5544335149"/>
  <nd ref="5544335164"/>
  <nd ref="9411678486"/>
  <nd ref="5544335148"/>
  <nd ref="5544335147"/>
  <nd ref="5544335146"/>
  <nd ref="6234587792"/>
  <nd ref="5544335145"/>
  <tag k="highway" v="service"/>
 </way>
 <way id="578715126" visible="true" version="1" changeset="57992429" timestamp="2018-04-11T05:51:35Z" user="nakamuraa" uid="8042681">
  <nd ref="5544335163"/>
  <nd ref="5544335164"/>
  <tag k="highway" v="service"/>
 </way>
 <way id="578715127" visible="true" version="2" changeset="116047811" timestamp="2022-01-12T03:34:17Z" user="Clarke22" uid="703694">
  <nd ref="5544335149"/>
  <nd ref="9411678484"/>
  <nd ref="5544335165"/>
  <nd ref="5544335166"/>
  <nd ref="9411678485"/>
  <nd ref="5544335167"/>
  <nd ref="5544335168"/>
  <nd ref="5544335169"/>
  <nd ref="5544335146"/>
  <tag k="highway" v="service"/>
  <tag k="oneway" v="yes"/>
  <tag k="service" v="drive-through"/>
 </way>
 <way id="579334524" visible="true" version="1" changeset="58040898" timestamp="2018-04-12T16:45:08Z" user="corb555" uid="2971859">
  <nd ref="5548446084"/>
  <nd ref="5548446085"/>
  <nd ref="5548446086"/>
  <nd ref="5548446087"/>
  <tag k="highway" v="service"/>
  <tag k="service" v="parking_aisle"/>
 </way>
 <way id="579334525" visible="true" version="5" changeset="158592018" timestamp="2024-10-31T17:56:24Z" user="GenSao" uid="14679343">
  <nd ref="123132817"/>
  <nd ref="6234385623"/>
  <nd ref="5548446094"/>
  <nd ref="5548446088"/>
  <nd ref="10950095814"/>
  <nd ref="5548446095"/>
  <nd ref="10950095820"/>
  <nd ref="5548446089"/>
  <nd ref="11563341750"/>
  <nd ref="5548446090"/>
  <nd ref="11563341758"/>
  <nd ref="6234385628"/>
  <nd ref="5548446092"/>
  <tag k="highway" v="service"/>
 </way>
 <way id="579334526" visible="true" version="3" changeset="158592018" timestamp="2024-10-31T17:56:24Z" user="GenSao" uid="14679343">
  <nd ref="5548446090"/>
  <nd ref="5548446096"/>
  <nd ref="12302098571"/>
  <nd ref="12302098595"/>
  <nd ref="10950095818"/>
  <nd ref="5548446093"/>
  <nd ref="10950095817"/>
  <nd ref="10950095819"/>
  <tag k="highway" v="service"/>
  <tag k="service" v="parking_aisle"/>
 </way>
 <way id="579334527" visible="true" version="3" changeset="158592018" timestamp="2024-10-31T17:56:24Z" user="GenSao" uid="14679343">
  <nd ref="5548446095"/>
  <nd ref="5548446096"/>
  <nd ref="6234385627"/>
  <nd ref="5548446097"/>
  <tag k="highway" v="service"/>
 </way>
 <way id="594129945" visible="true" version="2" changeset="113631005" timestamp="2021-11-11T00:50:10Z" user="Clarke22" uid="703694">
  <nd ref="5666109308"/>
  <nd ref="5666109305"/>
  <nd ref="9242076675"/>
  <nd ref="9242076676"/>
  <nd ref="9242076677"/>
  <nd ref="9242076678"/>
  <tag k="highway" v="service"/>
  <tag k="service" v="parking_aisle"/>
 </way>
 <way id="594129946" visible="true" version="2" changeset="66613339" timestamp="2019-01-24T20:39:22Z" user="Clarke22" uid="703694">
  <nd ref="5666109309"/>
  <nd ref="6234385595"/>
  <nd ref="5666109308"/>
  <nd ref="5666109307"/>
  <nd ref="5666109306"/>
  <tag k="highway" v="service"/>
 </way>
 <way id="665955126" visible="true" version="10" changeset="168994343" timestamp="2025-07-16T05:26:33Z" user="Tinetto" uid="14728702">
  <nd ref="6762872524"/>
  <nd ref="6787705517"/>
  <nd ref="6787705514"/>
  <nd ref="12966154355"/>
  <nd ref="13003565589"/>
  <nd ref="6762850779"/>
  <nd ref="6234385309"/>
  <tag k="bicycle" v="yes"/>
  <tag k="footway" v="sidewalk"/>
  <tag k="highway" v="footway"/>
 </way>
 <way id="665955127" visible="true" version="11" changeset="125063722" timestamp="2022-08-18T13:54:28Z" user="stst415" uid="15080366">
  <nd ref="9961668730"/>
  <nd ref="4255663267"/>
  <nd ref="7907614036"/>
  <nd ref="7907614035"/>
  <nd ref="6234385319"/>
  <tag k="bicycle" v="yes"/>
  <tag k="footway" v="sidewalk"/>
  <tag k="highway" v="footway"/>
 </way>
 <way id="665955132" visible="true" version="8" changeset="116372461" timestamp="2022-01-20T07:52:19Z" user="Clarke22" uid="703694">
  <nd ref="6762872388"/>
  <nd ref="6234385595"/>
  <nd ref="6234385596"/>
  <nd ref="9242076674"/>
  <nd ref="6234385597"/>
  <nd ref="9242076673"/>
  <nd ref="6234385598"/>
  <nd ref="6787897642"/>
  <nd ref="6787897648"/>
  <nd ref="6762872504"/>
  <nd ref="7259833412"/>
  <nd ref="6234385599"/>
  <nd ref="6234385600"/>
  <nd ref="6234385601"/>
  <nd ref="9338636573"/>
  <nd ref="9338636574"/>
  <nd ref="6234385602"/>
  <tag k="footway" v="sidewalk"/>
  <tag k="highway" v="footway"/>
 </way>
 <way id="665955133" visible="true" version="10" changeset="167209616" timestamp="2025-06-05T07:54:28Z" user="217541OSM" uid="8515581">
  <nd ref="6234385615"/>
  <nd ref="9338636576"/>
  <nd ref="9338636578"/>
  <nd ref="6234385616"/>
  <nd ref="9338636579"/>
  <nd ref="7889188202"/>
  <nd ref="6787897663"/>
  <nd ref="7919436039"/>
  <nd ref="6762872513"/>
  <nd ref="6787897654"/>
  <nd ref="9242076671"/>
  <nd ref="6234385605"/>
  <nd ref="6234385606"/>
  <nd ref="9242076672"/>
  <nd ref="6234385607"/>
  <nd ref="12888211270"/>
  <nd ref="7238001303"/>
  <nd ref="6234385608"/>
  <tag k="footway" v="sidewalk"/>
  <tag k="highway" v="footway"/>
 </way>
 <way id="665955134" visible="true" version="8" changeset="156974213" timestamp="2024-09-23T02:14:37Z" user="Clarke22" uid="703694">
  <nd ref="6533976645"/>
  <nd ref="6787684757"/>
  <nd ref="6787684768"/>
  <nd ref="6234385620"/>
  <nd ref="6234385621"/>
  <tag k="bicycle" v="yes"/>
  <tag k="footway" v="sidewalk"/>
  <tag k="highway" v="footway"/>
  <tag k="surface" v="concrete"/>
 </way>
 <way id="665955135" visible="true" version="15" changeset="166555220" timestamp="2025-05-21T08:02:12Z" user="217541OSM" uid="8515581">
  <nd ref="7539501407"/>
  <nd ref="10950095822"/>
  <nd ref="12852542234"/>
  <nd ref="6234385627"/>
  <nd ref="6234385628"/>
  <nd ref="6234385629"/>
  <nd ref="6234385630"/>
  <nd ref="7907614048"/>
  <nd ref="4818899558"/>
  <nd ref="6762850773"/>
  <nd ref="12852505971"/>
  <nd ref="4818899561"/>
  <nd ref="7907614049"/>
  <nd ref="6708752895"/>
  <nd ref="10989410781"/>
  <nd ref="10989410782"/>
  <nd ref="6234385633"/>
  <tag k="bicycle" v="yes"/>
  <tag k="footway" v="sidewalk"/>
  <tag k="highway" v="footway"/>
  <tag k="surface" v="concrete"/>
 </way>
 <way id="665955136" visible="true" version="13" changeset="166554986" timestamp="2025-05-21T07:55:56Z" user="217541OSM" uid="8515581">
  <nd ref="6403173348"/>
  <nd ref="6234385638"/>
  <nd ref="7919018095"/>
  <nd ref="7919018105"/>
  <nd ref="6789880337"/>
  <nd ref="6789880342"/>
  <nd ref="4818899564"/>
  <nd ref="4818899566"/>
  <nd ref="4818899571"/>
  <nd ref="12538896697"/>
  <nd ref="6762850771"/>
  <nd ref="12852505970"/>
  <nd ref="12538896696"/>
  <nd ref="6234385641"/>
  <nd ref="6234385642"/>
  <nd ref="6234385643"/>
  <nd ref="6708752901"/>
  <tag k="bicycle" v="yes"/>
  <tag k="footway" v="sidewalk"/>
  <tag k="highway" v="footway"/>
  <tag k="surface" v="concrete"/>
 </way>
 <way id="683623853" visible="true" version="3" changeset="116850317" timestamp="2022-02-01T06:05:30Z" user="Clarke22" uid="703694">
  <nd ref="6403173362"/>
  <nd ref="6403173359"/>
  <tag k="footway" v="sidewalk"/>
  <tag k="highway" v="footway"/>
 </way>
 <way id="683623868" visible="true" version="3" changeset="153395726" timestamp="2024-07-01T06:32:12Z" user="KingKratos" uid="10468210">
  <nd ref="6403173359"/>
  <nd ref="6403173533"/>
  <nd ref="6403173534"/>
  <tag k="crossing" v="unmarked"/>
  <tag k="crossing:markings" v="no"/>
  <tag k="footway" v="crossing"/>
  <tag k="highway" v="footway"/>
 </way>
 <way id="686897461" visible="true" version="2" changeset="113631005" timestamp="2021-11-11T00:50:10Z" user="Clarke22" uid="703694">
  <nd ref="6438868535"/>
  <nd ref="6438868536"/>
  <nd ref="6438868542"/>
  <nd ref="6438868537"/>
  <nd ref="6438868545"/>
  <nd ref="6438868538"/>
  <nd ref="6438868540"/>
  <nd ref="6438868541"/>
  <nd ref="6438868542"/>
  <tag k="highway" v="service"/>
 </way>
 <way id="686897468" visible="true" version="1" changeset="69736939" timestamp="2019-04-30T14:26:11Z" user="payelgh" uid="8683377">
  <nd ref="6438868548"/>
  <nd ref="6438868549"/>
  <nd ref="6438868550"/>
  <tag k="highway" v="service"/>
 </way>
 <way id="686897473" visible="true" version="3" changeset="113631005" timestamp="2021-11-11T00:50:10Z" user="Clarke22" uid="703694">
  <nd ref="6438868551"/>
  <nd ref="6438868575"/>
  <nd ref="6438868574"/>
  <nd ref="6438868573"/>
  <nd ref="6438868572"/>
  <nd ref="6438893393"/>
  <nd ref="9242076679"/>
  <nd ref="6438868569"/>
  <nd ref="6438868568"/>
  <nd ref="6438868567"/>
  <nd ref="6438893396"/>
  <nd ref="6438868564"/>
  <nd ref="6438868565"/>
  <nd ref="6438868548"/>
  <tag k="highway" v="service"/>
 </way>
 <way id="686897483" visible="true" version="2" changeset="113631005" timestamp="2021-11-11T00:50:10Z" user="Clarke22" uid="703694">
  <nd ref="6438893385"/>
  <nd ref="6438893386"/>
  <nd ref="6438893387"/>
  <tag k="highway" v="service"/>
 </way>
 <way id="686897488" visible="true" version="2" changeset="113631005" timestamp="2021-11-11T00:50:10Z" user="Clarke22" uid="703694">
  <nd ref="6438868535"/>
  <nd ref="6438893390"/>
  <nd ref="6438893385"/>
  <nd ref="6438868584"/>
  <tag k="highway" v="service"/>
 </way>
 <way id="686897491" visible="true" version="1" changeset="69736939" timestamp="2019-04-30T14:26:11Z" user="payelgh" uid="8683377">
  <nd ref="6438893394"/>
  <nd ref="6438893395"/>
  <nd ref="6438893396"/>
  <tag k="highway" v="service"/>
 </way>
 <way id="713525495" visible="true" version="6" changeset="129381892" timestamp="2022-11-25T20:22:41Z" user="stst415" uid="15080366">
  <nd ref="10218525340"/>
  <nd ref="6708752893"/>
  <tag k="access" v="private"/>
  <tag k="highway" v="service"/>
  <tag k="maxspeed" v="15 mph"/>
  <tag k="name" v="Alley ‎85950"/>
  <tag k="name:signed" v="no"/>
  <tag k="service" v="alley"/>
 </way>
 <way id="713525496" visible="true" version="5" changeset="146805209" timestamp="2024-01-29T05:37:33Z" user="mpatsevich_lyft" uid="12896788">
  <nd ref="6708752894"/>
  <nd ref="6708752895"/>
  <nd ref="6708752896"/>
  <nd ref="6708752897"/>
  <nd ref="6708752898"/>
  <nd ref="5548446103"/>
  <nd ref="6708752899"/>
  <nd ref="7456049996"/>
  <nd ref="11563341761"/>
  <nd ref="6234385622"/>
  <nd ref="6708752900"/>
  <tag k="highway" v="service"/>
  <tag k="maxspeed" v="15 mph"/>
  <tag k="name" v="Alley ‎89025"/>
  <tag k="name:signed" v="no"/>
  <tag k="service" v="alley"/>
 </way>
 <way id="713525497" visible="true" version="2" changeset="153395726" timestamp="2024-07-01T06:32:12Z" user="KingKratos" uid="10468210">
  <nd ref="6708752901"/>
  <nd ref="6708752902"/>
  <nd ref="6708752903"/>
  <tag k="bicycle" v="yes"/>
  <tag k="crossing" v="unmarked"/>
  <tag k="crossing:markings" v="no"/>
  <tag k="footway" v="crossing"/>
  <tag k="highway" v="footway"/>
 </way>
 <way id="720696874" visible="true" version="2" changeset="85469158" timestamp="2020-05-20T02:23:17Z" user="Clarke22" uid="703694">
  <nd ref="6762850769"/>
  <nd ref="6762850770"/>
  <nd ref="6762850771"/>
  <nd ref="6762850772"/>
  <nd ref="6762850773"/>
  <nd ref="6762850774"/>
  <nd ref="6762850775"/>
  <nd ref="6762850776"/>
  <nd ref="6762850769"/>
  <tag k="bicycle" v="yes"/>
  <tag k="crossing" v="traffic_signals"/>
  <tag k="footway" v="crossing"/>
  <tag k="highway" v="footway"/>
 </way>
 <way id="720696877" visible="true" version="2" changeset="153395726" timestamp="2024-07-01T06:32:12Z" user="KingKratos" uid="10468210">
  <nd ref="6234385319"/>
  <nd ref="6762850778"/>
  <nd ref="6234385309"/>
  <tag k="bicycle" v="yes"/>
  <tag k="crossing" v="unmarked"/>
  <tag k="crossing:markings" v="no"/>
  <tag k="footway" v="crossing"/>
  <tag k="highway" v="footway"/>
 </way>
 <way id="720696878" visible="true" version="2" changeset="153395726" timestamp="2024-07-01T06:32:12Z" user="KingKratos" uid="10468210">
  <nd ref="6234385633"/>
  <nd ref="6762850782"/>
  <nd ref="6234385592"/>
  <tag k="bicycle" v="yes"/>
  <tag k="crossing" v="unmarked"/>
  <tag k="crossing:markings" v="no"/>
  <tag k="footway" v="crossing"/>
  <tag k="highway" v="footway"/>
 </way>
 <way id="720696879" visible="true" version="2" changeset="113631005" timestamp="2021-11-11T00:50:10Z" user="Clarke22" uid="703694">
  <nd ref="6762872388"/>
  <nd ref="6762872389"/>
  <nd ref="6234385608"/>
  <nd ref="6762872390"/>
  <nd ref="6215483050"/>
  <nd ref="6762872391"/>
  <nd ref="6234385318"/>
  <nd ref="6762872387"/>
  <nd ref="6762872388"/>
  <tag k="bicycle" v="yes"/>
  <tag k="crossing" v="traffic_signals"/>
  <tag k="footway" v="crossing"/>
  <tag k="highway" v="footway"/>
 </way>
 <way id="720696882" visible="true" version="7" changeset="114939221" timestamp="2021-12-14T20:45:12Z" user="Clarke22" uid="703694">
  <nd ref="6215483050"/>
  <nd ref="6215483051"/>
  <nd ref="6438868549"/>
  <nd ref="6438868536"/>
  <nd ref="6438868544"/>
  <nd ref="6438868546"/>
  <nd ref="7907654098"/>
  <nd ref="6215483053"/>
  <nd ref="6215483054"/>
  <nd ref="6215483055"/>
  <nd ref="6215483056"/>
  <nd ref="6215483057"/>
  <nd ref="6215483058"/>
  <nd ref="6215483059"/>
  <nd ref="6215483060"/>
  <nd ref="6215483061"/>
  <nd ref="6215483062"/>
  <nd ref="6215483063"/>
  <nd ref="3792676734"/>
  <nd ref="6215483064"/>
  <nd ref="6215483065"/>
  <nd ref="6762872503"/>
  <nd ref="4255652367"/>
  <nd ref="6215483066"/>
  <nd ref="6215483068"/>
  <tag k="bicycle" v="yes"/>
  <tag k="footway" v="sidewalk"/>
  <tag k="highway" v="footway"/>
  <tag k="surface" v="concrete"/>
 </way>
 <way id="721053116" visible="true" version="2" changeset="147467492" timestamp="2024-02-14T21:31:27Z" user="Clarke22" uid="703694">
  <nd ref="6765384715"/>
  <nd ref="6765384711"/>
  <nd ref="6765384713"/>
  <nd ref="11624528069"/>
  <nd ref="11624485367"/>
  <nd ref="11624485368"/>
  <nd ref="11624485366"/>
  <nd ref="6765384710"/>
  <nd ref="6765384709"/>
  <nd ref="6765384708"/>
  <nd ref="6765384717"/>
  <nd ref="11624485365"/>
  <nd ref="6765384716"/>
  <nd ref="6765384715"/>
  <tag k="landuse" v="industrial"/>
 </way>
 <way id="723720747" visible="true" version="2" changeset="90625484" timestamp="2020-09-09T07:06:04Z" user="hari49" uid="11334373">
  <nd ref="6787705489"/>
  <nd ref="6787705490"/>
  <nd ref="6787705494"/>
  <nd ref="6787705491"/>
  <nd ref="6787705492"/>
  <nd ref="6787705500"/>
  <tag k="access" v="private"/>
  <tag k="highway" v="service"/>
 </way>
 <way id="723720748" visible="true" version="1" changeset="74342773" timestamp="2019-09-11T09:01:14Z" user="desuman" uid="10208972">
  <nd ref="123161657"/>
  <nd ref="6787705495"/>
  <tag k="access" v="private"/>
  <tag k="highway" v="service"/>
 </way>
 <way id="723720749" visible="true" version="1" changeset="74342773" timestamp="2019-09-11T09:01:14Z" user="desuman" uid="10208972">
  <nd ref="123161657"/>
  <nd ref="6787705498"/>
  <nd ref="6787705499"/>
  <nd ref="6787705500"/>
  <tag k="highway" v="service"/>
 </way>
 <way id="723720750" visible="true" version="1" changeset="74342773" timestamp="2019-09-11T09:01:14Z" user="desuman" uid="10208972">
  <nd ref="6787705496"/>
  <nd ref="6787705501"/>
  <nd ref="6787705502"/>
  <tag k="highway" v="service"/>
 </way>
 <way id="723720751" visible="true" version="1" changeset="74342773" timestamp="2019-09-11T09:01:14Z" user="desuman" uid="10208972">
  <nd ref="6787705495"/>
  <nd ref="6787705496"/>
  <nd ref="6787705497"/>
  <tag k="highway" v="service"/>
 </way>
 <way id="723720752" visible="true" version="3" changeset="129381892" timestamp="2022-11-25T20:22:41Z" user="stst415" uid="15080366">
  <nd ref="6787705507"/>
  <nd ref="6787705505"/>
  <nd ref="6787705506"/>
  <tag k="access" v="private"/>
  <tag k="highway" v="service"/>
  <tag k="name" v="Alley ‎80347"/>
  <tag k="name:signed" v="no"/>
  <tag k="service" v="alley"/>
 </way>
 <way id="723720753" visible="true" version="2" changeset="91081906" timestamp="2020-09-18T04:49:30Z" user="akalohri" uid="10127758">
  <nd ref="6787705503"/>
  <nd ref="6787705508"/>
  <nd ref="6787705509"/>
  <nd ref="7919018091"/>
  <nd ref="7919018092"/>
  <tag k="highway" v="service"/>
 </way>
 <way id="723720754" visible="true" version="2" changeset="116047811" timestamp="2022-01-12T03:34:17Z" user="Clarke22" uid="703694">
  <nd ref="6787705510"/>
  <nd ref="6787705511"/>
  <nd ref="6787705522"/>
  <nd ref="9411678504"/>
  <nd ref="6787705515"/>
  <nd ref="6787705512"/>
  <tag k="highway" v="service"/>
  <tag k="service" v="parking_aisle"/>
 </way>
 <way id="723720756" visible="true" version="3" changeset="116047811" timestamp="2022-01-12T03:34:17Z" user="Clarke22" uid="703694">
  <nd ref="7907614041"/>
  <nd ref="6787705521"/>
  <nd ref="6787705520"/>
  <nd ref="7907614043"/>
  <nd ref="6787705524"/>
  <nd ref="6787705523"/>
  <nd ref="7907614041"/>
  <nd ref="6787705522"/>
  <tag k="highway" v="service"/>
  <tag k="service" v="parking_aisle"/>
 </way>
 <way id="723720758" visible="true" version="1" changeset="74342773" timestamp="2019-09-11T09:01:14Z" user="desuman" uid="10208972">
  <nd ref="6787705525"/>
  <nd ref="6787705530"/>
  <nd ref="6787705529"/>
  <nd ref="6787705526"/>
  <nd ref="6787705527"/>
  <nd ref="6787705528"/>
  <nd ref="6787705529"/>
  <tag k="access" v="private"/>
  <tag k="highway" v="service"/>
 </way>
 <way id="723744416" visible="true" version="1" changeset="74346467" timestamp="2019-09-11T10:34:23Z" user="chhava" uid="10127773">
  <nd ref="6787897641"/>
  <nd ref="6787897645"/>
  <nd ref="6787897642"/>
  <nd ref="6787897643"/>
  <tag k="access" v="private"/>
  <tag k="highway" v="service"/>
 </way>
 <way id="723744417" visible="true" version="2" changeset="113631005" timestamp="2021-11-11T00:50:10Z" user="Clarke22" uid="703694">
  <nd ref="6787897644"/>
  <nd ref="6787897645"/>
  <nd ref="6787897649"/>
  <nd ref="6787897646"/>
  <tag k="access" v="private"/>
  <tag k="highway" v="service"/>
  <tag k="service" v="parking_aisle"/>
 </way>
 <way id="723744419" visible="true" version="2" changeset="91349533" timestamp="2020-09-23T08:29:53Z" user="ammhita" uid="10271423">
  <nd ref="6787897650"/>
  <nd ref="6787897651"/>
  <nd ref="6787897660"/>
  <nd ref="7933799096"/>
  <nd ref="6787897652"/>
  <nd ref="6787897653"/>
  <nd ref="6787897654"/>
  <nd ref="6787897655"/>
  <tag k="access" v="private"/>
  <tag k="highway" v="service"/>
 </way>
 <way id="723962644" visible="true" version="2" changeset="116047811" timestamp="2022-01-12T03:34:17Z" user="Clarke22" uid="703694">
  <nd ref="6789880338"/>
  <nd ref="6789880339"/>
  <nd ref="6789880344"/>
  <nd ref="6789880340"/>
  <tag k="access" v="private"/>
  <tag k="highway" v="service"/>
  <tag k="service" v="driveway"/>
 </way>
 <way id="723962645" visible="true" version="2" changeset="116047811" timestamp="2022-01-12T03:34:17Z" user="Clarke22" uid="703694">
  <nd ref="6789880341"/>
  <nd ref="6789880342"/>
  <nd ref="6789880343"/>
  <tag k="highway" v="service"/>
  <tag k="service" v="driveway"/>
 </way>
 <way id="723962646" visible="true" version="2" changeset="116047811" timestamp="2022-01-12T03:34:17Z" user="Clarke22" uid="703694">
  <nd ref="5544335162"/>
  <nd ref="6234587795"/>
  <nd ref="5544335161"/>
  <nd ref="6789880346"/>
  <nd ref="6789880345"/>
  <nd ref="4818899546"/>
  <tag k="highway" v="service"/>
 </way>
 <way id="766587938" visible="true" version="11" changeset="118684557" timestamp="2022-03-20T03:42:42Z" user="stst415" uid="15080366">
  <nd ref="3792885083"/>
  <nd ref="366154835"/>
  <nd ref="3792729604"/>
  <nd ref="3792729605"/>
  <nd ref="3792729603"/>
  <nd ref="123218516"/>
  <nd ref="6787897643"/>
  <nd ref="6787897655"/>
  <nd ref="6469450156"/>
  <nd ref="6787897647"/>
  <nd ref="4255663502"/>
  <nd ref="7919436040"/>
  <nd ref="6787897664"/>
  <nd ref="7259833411"/>
  <nd ref="123218519"/>
  <nd ref="7889188203"/>
  <nd ref="3792729601"/>
  <nd ref="3792729600"/>
  <nd ref="3792729599"/>
  <nd ref="4255663504"/>
  <nd ref="3792729598"/>
  <nd ref="3792729597"/>
  <nd ref="3792729596"/>
  <nd ref="123218521"/>
  <nd ref="6193909209"/>
  <nd ref="7388915912"/>
  <nd ref="4255663497"/>
  <nd ref="123218523"/>
  <tag k="highway" v="unclassified"/>
  <tag k="lanes" v="2"/>
  <tag k="maxspeed" v="25 mph"/>
  <tag k="name" v="Eton Avenue"/>
  <tag k="tiger:cfcc" v="A41"/>
  <tag k="tiger:county" v="Los Angeles, CA"/>
  <tag k="tiger:name_base" v="Eton"/>
  <tag k="tiger:name_type" v="Ave"/>
 </way>
 <way id="767429731" visible="true" version="1" changeset="80171038" timestamp="2020-01-28T04:22:32Z" user="vvvnm" uid="10192117">
  <nd ref="7165360571"/>
  <nd ref="7165360577"/>
  <nd ref="7165360576"/>
  <nd ref="7165360572"/>
  <nd ref="7165360573"/>
  <nd ref="7165360574"/>
  <nd ref="7165360575"/>
  <nd ref="7165360576"/>
  <tag k="access" v="private"/>
  <tag k="highway" v="service"/>
 </way>
 <way id="767429732" visible="true" version="2" changeset="113631005" timestamp="2021-11-11T00:50:10Z" user="Clarke22" uid="703694">
  <nd ref="7165360578"/>
  <nd ref="6762872385"/>
  <nd ref="7165369189"/>
  <nd ref="7165360580"/>
  <nd ref="7165360583"/>
  <nd ref="7165369191"/>
  <tag k="access" v="private"/>
  <tag k="highway" v="service"/>
 </way>
 <way id="767429733" visible="true" version="2" changeset="113631005" timestamp="2021-11-11T00:50:10Z" user="Clarke22" uid="703694">
  <nd ref="7165360583"/>
  <nd ref="9242076670"/>
  <nd ref="7165360584"/>
  <nd ref="7165369185"/>
  <nd ref="7165369186"/>
  <nd ref="7165369190"/>
  <nd ref="7165369187"/>
  <nd ref="7165369188"/>
  <tag k="access" v="private"/>
  <tag k="highway" v="service"/>
 </way>
 <way id="772067053" visible="true" version="1" changeset="80939379" timestamp="2020-02-13T06:38:53Z" user="nehnaaz" uid="10240915">
  <nd ref="7207585809"/>
  <nd ref="7207585815"/>
  <nd ref="7207585810"/>
  <nd ref="7207585811"/>
  <nd ref="7207585812"/>
  <nd ref="7207585813"/>
  <nd ref="7207585814"/>
  <tag k="access" v="private"/>
  <tag k="highway" v="service"/>
 </way>
 <way id="772067054" visible="true" version="1" changeset="80939379" timestamp="2020-02-13T06:38:53Z" user="nehnaaz" uid="10240915">
  <nd ref="7207585815"/>
  <nd ref="7207585816"/>
  <nd ref="7207585817"/>
  <nd ref="366154456"/>
  <tag k="access" v="private"/>
  <tag k="highway" v="service"/>
 </way>
 <way id="772067055" visible="true" version="1" changeset="80939379" timestamp="2020-02-13T06:38:53Z" user="nehnaaz" uid="10240915">
  <nd ref="7207585810"/>
  <nd ref="7207585819"/>
  <nd ref="7207585818"/>
  <tag k="access" v="private"/>
  <tag k="highway" v="service"/>
 </way>
 <way id="772067056" visible="true" version="1" changeset="80939379" timestamp="2020-02-13T06:38:53Z" user="nehnaaz" uid="10240915">
  <nd ref="7207585819"/>
  <nd ref="7207585820"/>
  <tag k="highway" v="service"/>
 </way>
 <way id="772067057" visible="true" version="1" changeset="80939379" timestamp="2020-02-13T06:38:53Z" user="nehnaaz" uid="10240915">
  <nd ref="7207585817"/>
  <nd ref="7207585821"/>
  <nd ref="7207585822"/>
  <nd ref="7207585823"/>
  <nd ref="7207585824"/>
  <tag k="access" v="private"/>
  <tag k="highway" v="service"/>
 </way>
 <way id="772067058" visible="true" version="1" changeset="80939379" timestamp="2020-02-13T06:38:53Z" user="nehnaaz" uid="10240915">
  <nd ref="7207585821"/>
  <nd ref="7207585825"/>
  <tag k="access" v="private"/>
  <tag k="highway" v="service"/>
 </way>
 <way id="775856478" visible="true" version="4" changeset="176081763" timestamp="2025-12-18T08:11:03Z" user="007Transformer" uid="16577323">
  <nd ref="7238001301"/>
  <nd ref="7238001302"/>
  <nd ref="7238001305"/>
  <nd ref="9242076669"/>
  <nd ref="9242076668"/>
  <nd ref="13385744591"/>
  <nd ref="7238001303"/>
  <nd ref="7238001304"/>
  <tag k="access" v="private"/>
  <tag k="highway" v="service"/>
  <tag k="service" v="parking_aisle"/>
 </way>
 <way id="797233710" visible="true" version="3" changeset="158592018" timestamp="2024-10-31T17:56:24Z" user="GenSao" uid="14679343">
  <nd ref="5548446095"/>
  <nd ref="11563341765"/>
  <nd ref="11563341763"/>
  <nd ref="11563341760"/>
  <nd ref="11563341759"/>
  <nd ref="12302119303"/>
  <nd ref="7456049997"/>
  <tag k="access" v="customers"/>
  <tag k="highway" v="service"/>
  <tag k="service" v="parking_aisle"/>
 </way>
 <way id="806256795" visible="true" version="2" changeset="136918202" timestamp="2023-06-03T23:42:51Z" user="Smol_Ame" uid="17331026">
  <nd ref="7539501407"/>
  <nd ref="7539501406"/>
  <nd ref="7539501408"/>
  <tag k="bicycle" v="yes"/>
  <tag k="crossing" v="traffic_signals"/>
  <tag k="crossing:island" v="no"/>
  <tag k="crossing:markings" v="lines"/>
  <tag k="footway" v="crossing"/>
  <tag k="highway" v="footway"/>
 </way>
 <way id="806381121" visible="true" version="1" changeset="85494007" timestamp="2020-05-20T10:50:52Z" user="dyellak" uid="10086276">
  <nd ref="7540860193"/>
  <nd ref="7540860194"/>
  <nd ref="7540860195"/>
  <tag k="access" v="private"/>
  <tag k="highway" v="service"/>
 </way>
 <way id="847400801" visible="true" version="2" changeset="113631490" timestamp="2021-11-11T01:28:06Z" user="Clarke22" uid="703694">
  <nd ref="7907614031"/>
  <nd ref="7907614036"/>
  <nd ref="7907614032"/>
  <nd ref="9242132951"/>
  <nd ref="7907614033"/>
  <nd ref="7907614035"/>
  <nd ref="7907614034"/>
  <tag k="access" v="private"/>
  <tag k="highway" v="service"/>
 </way>
 <way id="847400806" visible="true" version="2" changeset="114939221" timestamp="2021-12-14T20:45:12Z" user="Clarke22" uid="703694">
  <nd ref="7907614050"/>
  <nd ref="7907614046"/>
  <nd ref="9338636585"/>
  <nd ref="7907614053"/>
  <nd ref="7907614054"/>
  <nd ref="7907614050"/>
  <tag k="access" v="customers"/>
  <tag k="highway" v="service"/>
 </way>
 <way id="848712440" visible="true" version="3" changeset="129381892" timestamp="2022-11-25T20:22:41Z" user="stst415" uid="15080366">
  <nd ref="7919018101"/>
  <nd ref="7919018102"/>
  <nd ref="7919018103"/>
  <nd ref="7919018104"/>
  <nd ref="7919018105"/>
  <nd ref="7919018106"/>
  <tag k="highway" v="service"/>
  <tag k="service" v="parking_aisle"/>
 </way>
 <way id="848852598" visible="true" version="1" changeset="91109162" timestamp="2020-09-18T11:20:30Z" user="arehaan" uid="10208962">
  <nd ref="7920118240"/>
  <nd ref="7920118241"/>
  <nd ref="7920118242"/>
  <nd ref="7920118243"/>
  <nd ref="7920118244"/>
  <nd ref="7920118245"/>
  <nd ref="7920118246"/>
  <tag k="access" v="private"/>
  <tag k="highway" v="service"/>
 </way>
 <way id="850025807" visible="true" version="1" changeset="91270355" timestamp="2020-09-22T07:16:46Z" user="vbbukka" uid="10159579">
  <nd ref="366153567"/>
  <nd ref="7930448840"/>
  <nd ref="7930448833"/>
  <nd ref="7930448834"/>
  <nd ref="7930448835"/>
  <nd ref="7930448836"/>
  <nd ref="7930448837"/>
  <nd ref="7930448838"/>
  <nd ref="7930448841"/>
  <nd ref="7930448839"/>
  <tag k="access" v="private"/>
  <tag k="highway" v="service"/>
 </way>
 <way id="1001264337" visible="true" version="1" changeset="113631005" timestamp="2021-11-11T00:50:10Z" user="Clarke22" uid="703694">
  <nd ref="7165369191"/>
  <nd ref="4255663281"/>
  <tag k="access" v="private"/>
  <tag k="highway" v="service"/>
  <tag k="oneway" v="yes"/>
 </way>
 <way id="1001264338" visible="true" version="1" changeset="113631005" timestamp="2021-11-11T00:50:10Z" user="Clarke22" uid="703694">
  <nd ref="5666109311"/>
  <nd ref="4255663281"/>
  <nd ref="4263468603"/>
  <tag k="highway" v="service"/>
  <tag k="service" v="emergency_access"/>
 </way>
 <way id="1001264339" visible="true" version="1" changeset="113631005" timestamp="2021-11-11T00:50:10Z" user="Clarke22" uid="703694">
  <nd ref="6438868563"/>
  <nd ref="6438893387"/>
  <nd ref="6438868584"/>
  <nd ref="6438868564"/>
  <nd ref="6762872502"/>
  <nd ref="6438868566"/>
  <tag k="highway" v="service"/>
 </way>
 <way id="1001264341" visible="true" version="1" changeset="113631005" timestamp="2021-11-11T00:50:10Z" user="Clarke22" uid="703694">
  <nd ref="6234385379"/>
  <nd ref="6438868580"/>
  <nd ref="6234385377"/>
  <nd ref="9242076696"/>
  <nd ref="6234385376"/>
  <nd ref="6234385316"/>
  <nd ref="6438868583"/>
  <nd ref="6438893389"/>
  <nd ref="6438893390"/>
  <nd ref="6438868565"/>
  <nd ref="6234385317"/>
  <nd ref="6234385318"/>
  <tag k="bicycle" v="yes"/>
  <tag k="footway" v="sidewalk"/>
  <tag k="highway" v="footway"/>
 </way>
 <way id="1001264342" visible="true" version="3" changeset="141788078" timestamp="2023-09-26T18:55:05Z" user="Clarke22" uid="703694">
  <nd ref="6215483048"/>
  <nd ref="6787665510"/>
  <nd ref="6787665525"/>
  <nd ref="7203243725"/>
  <nd ref="7907654090"/>
  <nd ref="9338636584"/>
  <nd ref="9242076665"/>
  <nd ref="6215483049"/>
  <nd ref="6215483050"/>
  <tag k="bicycle" v="yes"/>
  <tag k="footway" v="sidewalk"/>
  <tag k="highway" v="footway"/>
  <tag k="surface" v="paved"/>
 </way>
 <way id="1001267773" visible="true" version="4" changeset="116065833" timestamp="2022-01-12T12:48:13Z" user="Clarke22" uid="703694">
  <nd ref="6708752905"/>
  <nd ref="6285507207"/>
  <nd ref="6403173534"/>
  <tag k="footway" v="sidewalk"/>
  <tag k="highway" v="footway"/>
 </way>
 <way id="1002811919" visible="true" version="4" changeset="158592018" timestamp="2024-10-31T17:56:24Z" user="GenSao" uid="14679343">
  <nd ref="6234385622"/>
  <nd ref="12302098596"/>
  <nd ref="6234385623"/>
  <nd ref="6234385624"/>
  <nd ref="9338636587"/>
  <nd ref="10950095823"/>
  <nd ref="7539501407"/>
  <tag k="footway" v="sidewalk"/>
  <tag k="highway" v="footway"/>
 </way>
 <way id="1012212759" visible="true" version="1" changeset="114939221" timestamp="2021-12-14T20:45:12Z" user="Clarke22" uid="703694">
  <nd ref="7907614053"/>
  <nd ref="7907614049"/>
  <nd ref="7907614047"/>
  <tag k="access" v="customers"/>
  <tag k="highway" v="service"/>
 </way>
 <way id="1012212760" visible="true" version="1" changeset="114939221" timestamp="2021-12-14T20:45:12Z" user="Clarke22" uid="703694">
  <nd ref="7907614044"/>
  <nd ref="7907614048"/>
  <nd ref="7907614050"/>
  <tag k="access" v="customers"/>
  <tag k="highway" v="service"/>
 </way>
 <way id="1020417807" visible="true" version="3" changeset="166555220" timestamp="2025-05-21T08:02:12Z" user="217541OSM" uid="8515581">
  <nd ref="6708752903"/>
  <nd ref="12852542233"/>
  <nd ref="7539501408"/>
  <nd ref="6787705501"/>
  <nd ref="9254685930"/>
  <nd ref="6285507212"/>
  <nd ref="6787684781"/>
  <nd ref="9254690860"/>
  <nd ref="6533976646"/>
  <tag k="bicycle" v="yes"/>
  <tag k="footway" v="sidewalk"/>
  <tag k="highway" v="footway"/>
  <tag k="surface" v="concrete"/>
 </way>
 <way id="1020439034" visible="true" version="2" changeset="116850317" timestamp="2022-02-01T06:05:30Z" user="Clarke22" uid="703694">
  <nd ref="6403173534"/>
  <nd ref="6787705504"/>
  <nd ref="6787705490"/>
  <nd ref="9254685931"/>
  <nd ref="6708752903"/>
  <tag k="footway" v="sidewalk"/>
  <tag k="highway" v="footway"/>
 </way>
 <way id="1020439036" visible="true" version="3" changeset="156974213" timestamp="2024-09-23T02:14:37Z" user="Clarke22" uid="703694">
  <nd ref="6708752901"/>
  <nd ref="6234385645"/>
  <nd ref="9242132947"/>
  <nd ref="6787705508"/>
  <nd ref="9411678418"/>
  <nd ref="9411653615"/>
  <nd ref="9411653612"/>
  <nd ref="9411653595"/>
  <nd ref="9411653598"/>
  <nd ref="9411653601"/>
  <nd ref="9411653606"/>
  <nd ref="9411653604"/>
  <nd ref="6787705487"/>
  <nd ref="9465121169"/>
  <nd ref="6234385646"/>
  <nd ref="6403173368"/>
  <nd ref="6234385634"/>
  <nd ref="6708752892"/>
  <nd ref="6234385635"/>
  <nd ref="9411653590"/>
  <nd ref="6403173348"/>
  <tag k="footway" v="sidewalk"/>
  <tag k="highway" v="footway"/>
  <tag k="surface" v="concrete"/>
 </way>
 <way id="1020439037" visible="true" version="6" changeset="167513884" timestamp="2025-06-12T01:55:56Z" user="Clarke22" uid="703694">
  <nd ref="6403173295"/>
  <nd ref="12852505956"/>
  <nd ref="8333128963"/>
  <nd ref="8333128974"/>
  <nd ref="6234587786"/>
  <nd ref="6234587787"/>
  <nd ref="6234587788"/>
  <nd ref="6234587789"/>
  <nd ref="6234587790"/>
  <nd ref="11624379802"/>
  <nd ref="6749046962"/>
  <nd ref="12852505965"/>
  <nd ref="11624379809"/>
  <nd ref="6234587791"/>
  <nd ref="6234587792"/>
  <nd ref="6762850769"/>
  <nd ref="12888235273"/>
  <nd ref="12908561300"/>
  <nd ref="12908623101"/>
  <nd ref="9411678482"/>
  <nd ref="9411678478"/>
  <nd ref="6234587795"/>
  <nd ref="6234587796"/>
  <nd ref="6403173354"/>
  <tag k="bicycle" v="yes"/>
  <tag k="footway" v="sidewalk"/>
  <tag k="highway" v="footway"/>
  <tag k="surface" v="concrete"/>
 </way>
 <way id="1020439039" visible="true" version="2" changeset="116065833" timestamp="2022-01-12T12:48:13Z" user="Clarke22" uid="703694">
  <nd ref="9411653593"/>
  <nd ref="9411653594"/>
  <nd ref="9411653595"/>
  <nd ref="9411653596"/>
  <tag k="highway" v="service"/>
  <tag k="service" v="driveway"/>
 </way>
 <way id="1020439040" visible="true" version="1" changeset="116047811" timestamp="2022-01-12T03:34:17Z" user="Clarke22" uid="703694">
  <nd ref="9411653597"/>
  <nd ref="9411653598"/>
  <nd ref="9411653599"/>
  <nd ref="9411653600"/>
  <nd ref="9411653601"/>
  <nd ref="9411653602"/>
  <tag k="highway" v="service"/>
  <tag k="service" v="driveway"/>
 </way>
 <way id="1020439043" visible="true" version="1" changeset="116047811" timestamp="2022-01-12T03:34:17Z" user="Clarke22" uid="703694">
  <nd ref="9411653611"/>
  <nd ref="9411653612"/>
  <nd ref="9411653613"/>
  <tag k="highway" v="service"/>
  <tag k="service" v="driveway"/>
 </way>
 <way id="1020439044" visible="true" version="1" changeset="116047811" timestamp="2022-01-12T03:34:17Z" user="Clarke22" uid="703694">
  <nd ref="9411653614"/>
  <nd ref="9411653615"/>
  <nd ref="9411653616"/>
  <tag k="highway" v="service"/>
  <tag k="service" v="driveway"/>
 </way>
 <way id="1020439045" visible="true" version="1" changeset="116047811" timestamp="2022-01-12T03:34:17Z" user="Clarke22" uid="703694">
  <nd ref="9411678417"/>
  <nd ref="9411678418"/>
  <nd ref="9411678419"/>
  <tag k="highway" v="service"/>
  <tag k="service" v="driveway"/>
 </way>
 <way id="1020439046" visible="true" version="1" changeset="116047811" timestamp="2022-01-12T03:34:17Z" user="Clarke22" uid="703694">
  <nd ref="6789880336"/>
  <nd ref="6789880337"/>
  <nd ref="6789880338"/>
  <tag k="highway" v="service"/>
  <tag k="service" v="driveway"/>
 </way>
 <way id="1020439047" visible="true" version="1" changeset="116047811" timestamp="2022-01-12T03:34:17Z" user="Clarke22" uid="703694">
  <nd ref="6789880343"/>
  <nd ref="6789880344"/>
  <tag k="access" v="private"/>
  <tag k="highway" v="service"/>
  <tag k="service" v="driveway"/>
 </way>
 <way id="1020439056" visible="true" version="1" changeset="116047811" timestamp="2022-01-12T03:34:17Z" user="Clarke22" uid="703694">
  <nd ref="5544335158"/>
  <nd ref="5544335157"/>
  <nd ref="9411678476"/>
  <nd ref="9411678475"/>
  <nd ref="5544335156"/>
  <nd ref="9411678474"/>
  <nd ref="5544335155"/>
  <nd ref="5544335154"/>
  <nd ref="5544335153"/>
  <nd ref="9411678477"/>
  <nd ref="5544335152"/>
  <nd ref="5544335151"/>
  <nd ref="9411678473"/>
  <nd ref="5544335150"/>
  <tag k="highway" v="service"/>
  <tag k="oneway" v="yes"/>
  <tag k="service" v="drive-through"/>
 </way>
 <way id="1020439057" visible="true" version="1" changeset="116047811" timestamp="2022-01-12T03:34:17Z" user="Clarke22" uid="703694">
  <nd ref="9411678478"/>
  <nd ref="9411678473"/>
  <nd ref="9411678479"/>
  <nd ref="9411678480"/>
  <tag k="highway" v="footway"/>
 </way>
 <way id="1020439058" visible="true" version="1" changeset="116047811" timestamp="2022-01-12T03:34:17Z" user="Clarke22" uid="703694">
  <nd ref="9411678481"/>
  <nd ref="9411678482"/>
  <nd ref="9411678483"/>
  <tag k="highway" v="service"/>
 </way>
 <way id="1020439059" visible="true" version="1" changeset="116047811" timestamp="2022-01-12T03:34:17Z" user="Clarke22" uid="703694">
  <nd ref="9411678487"/>
  <nd ref="9411678488"/>
  <nd ref="9411678489"/>
  <nd ref="9411678490"/>
  <nd ref="9411678487"/>
  <tag k="building" v="yes"/>
 </way>
 <way id="1020439060" visible="true" version="1" changeset="116047811" timestamp="2022-01-12T03:34:17Z" user="Clarke22" uid="703694">
  <nd ref="9411678491"/>
  <nd ref="9411678492"/>
  <nd ref="9411678493"/>
  <nd ref="9411678494"/>
  <nd ref="9411678495"/>
  <nd ref="9411678496"/>
  <nd ref="9411678491"/>
  <tag k="building" v="yes"/>
 </way>
 <way id="1020439061" visible="true" version="1" changeset="116047811" timestamp="2022-01-12T03:34:17Z" user="Clarke22" uid="703694">
  <nd ref="9411678497"/>
  <nd ref="9411678498"/>
  <nd ref="9411678499"/>
  <nd ref="9411678500"/>
  <nd ref="9411678497"/>
  <tag k="building" v="yes"/>
 </way>
 <way id="1022788463" visible="true" version="2" changeset="125063722" timestamp="2022-08-18T13:54:28Z" user="stst415" uid="15080366">
  <nd ref="6234385592"/>
  <nd ref="4255663281"/>
  <nd ref="9961668729"/>
  <tag k="bicycle" v="yes"/>
  <tag k="footway" v="sidewalk"/>
  <tag k="highway" v="footway"/>
 </way>
 <way id="1022788464" visible="true" version="2" changeset="167209616" timestamp="2025-06-05T07:54:28Z" user="217541OSM" uid="8515581">
  <nd ref="6234385608"/>
  <nd ref="12888211267"/>
  <nd ref="6234385610"/>
  <tag k="bicycle" v="yes"/>
  <tag k="footway" v="sidewalk"/>
  <tag k="highway" v="footway"/>
 </way>
 <way id="1022788465" visible="true" version="1" changeset="116372461" timestamp="2022-01-20T07:52:19Z" user="Clarke22" uid="703694">
  <nd ref="6762872385"/>
  <nd ref="6234385590"/>
  <nd ref="7165369187"/>
  <nd ref="6762850784"/>
  <nd ref="6762850783"/>
  <nd ref="6234385592"/>
  <tag k="footway" v="sidewalk"/>
  <tag k="highway" v="footway"/>
 </way>
 <way id="1022788466" visible="true" version="7" changeset="182838541" timestamp="2026-05-18T15:28:01Z" user="bhartinegi_lyft" uid="23086961">
  <nd ref="6234385309"/>
  <nd ref="12966154356"/>
  <nd ref="6787705511"/>
  <nd ref="13845498081"/>
  <nd ref="6762850775"/>
  <nd ref="11624528088"/>
  <nd ref="13845498097"/>
  <nd ref="12852505969"/>
  <nd ref="13845498095"/>
  <nd ref="13255365246"/>
  <nd ref="6234385312"/>
  <tag k="bicycle" v="yes"/>
  <tag k="footway" v="sidewalk"/>
  <tag k="highway" v="footway"/>
  <tag k="surface" v="concrete"/>
 </way>
 <way id="1022788467" visible="true" version="1" changeset="116372461" timestamp="2022-01-20T07:52:19Z" user="Clarke22" uid="703694">
  <nd ref="6234385319"/>
  <nd ref="9242132949"/>
  <nd ref="7907614040"/>
  <nd ref="6234385321"/>
  <nd ref="6234385322"/>
  <nd ref="6762872526"/>
  <tag k="bicycle" v="yes"/>
  <tag k="footway" v="sidewalk"/>
  <tag k="highway" v="footway"/>
 </way>
 <way id="1041852151" visible="true" version="3" changeset="159714213" timestamp="2024-11-28T18:15:02Z" user="Intetics_Anastasia_Usatiuk" uid="22221920">
  <nd ref="3792676699"/>
  <nd ref="366155975"/>
  <nd ref="123218514"/>
  <nd ref="3792676705"/>
  <nd ref="366155338"/>
  <nd ref="6438868578"/>
  <nd ref="366155339"/>
  <nd ref="3792676706"/>
  <nd ref="3792676707"/>
  <nd ref="366155341"/>
  <nd ref="3792715284"/>
  <nd ref="3792715285"/>
  <nd ref="7907654096"/>
  <nd ref="6438868547"/>
  <nd ref="6438868582"/>
  <nd ref="6438868543"/>
  <nd ref="6438893388"/>
  <nd ref="6438868535"/>
  <nd ref="6438868548"/>
  <nd ref="6762872391"/>
  <nd ref="122746953"/>
  <nd ref="6762872389"/>
  <nd ref="7238001304"/>
  <nd ref="5666109309"/>
  <nd ref="3792885083"/>
  <tag k="highway" v="unclassified"/>
  <tag k="lanes" v="2"/>
  <tag k="maxspeed" v="30 mph"/>
  <tag k="name" v="Eton Avenue"/>
  <tag k="tiger:cfcc" v="A41"/>
  <tag k="tiger:name_base" v="Eton"/>
  <tag k="tiger:name_type" v="Ave"/>
 </way>
 <way id="1041852152" visible="true" version="1" changeset="118684557" timestamp="2022-03-20T03:42:42Z" user="stst415" uid="15080366">
  <nd ref="3792885083"/>
  <nd ref="6234385596"/>
  <nd ref="5666109305"/>
  <nd ref="4255663280"/>
  <tag k="highway" v="service"/>
  <tag k="maxspeed" v="15 mph"/>
  <tag k="name" v="Alley ‎80352"/>
  <tag k="name:signed" v="no"/>
  <tag k="service" v="alley"/>
 </way>
 <way id="1085895975" visible="true" version="12" changeset="135485009" timestamp="2023-04-28T21:22:37Z" user="Clarke22" uid="703694">
  <nd ref="9950037219"/>
  <nd ref="9950037220"/>
  <nd ref="9950037228"/>
  <nd ref="9950037229"/>
  <nd ref="9950037230"/>
  <nd ref="9950037231"/>
  <nd ref="9950037232"/>
  <nd ref="9950037239"/>
  <nd ref="9950037241"/>
  <nd ref="9958311527"/>
  <nd ref="9960646865"/>
  <nd ref="10309773617"/>
  <nd ref="9960646864"/>
  <nd ref="9960646867"/>
  <nd ref="9960646873"/>
  <nd ref="9960646875"/>
  <nd ref="9960646883"/>
  <nd ref="9960646884"/>
  <nd ref="9960646891"/>
  <nd ref="9960646893"/>
  <nd ref="9960646896"/>
  <nd ref="9960646899"/>
  <nd ref="9960646898"/>
  <nd ref="9960646902"/>
  <nd ref="9960646904"/>
  <nd ref="9960646905"/>
  <nd ref="9960646908"/>
  <nd ref="9960646910"/>
  <nd ref="9960646912"/>
  <nd ref="9960646913"/>
  <nd ref="9960646915"/>
  <nd ref="10853550692"/>
  <nd ref="9960672417"/>
  <nd ref="10853550691"/>
  <nd ref="9960672419"/>
  <nd ref="9960672421"/>
  <nd ref="10853550689"/>
  <nd ref="9960672423"/>
  <nd ref="9960672426"/>
  <nd ref="9960672431"/>
  <nd ref="9960672433"/>
  <nd ref="9961665844"/>
  <nd ref="9961665846"/>
  <nd ref="9961665848"/>
  <nd ref="9961665849"/>
  <nd ref="9961665851"/>
  <nd ref="9961665853"/>
  <nd ref="9961665854"/>
  <nd ref="9961665863"/>
  <nd ref="9961665865"/>
  <nd ref="9961665867"/>
  <nd ref="9961665868"/>
  <nd ref="9961665871"/>
  <nd ref="9961665872"/>
  <nd ref="9961665875"/>
  <nd ref="9961665876"/>
  <nd ref="9961665879"/>
  <nd ref="9961665881"/>
  <nd ref="9961665894"/>
  <nd ref="9961665896"/>
  <nd ref="9961665898"/>
  <nd ref="9961665905"/>
  <nd ref="9961665906"/>
  <nd ref="9961665909"/>
  <nd ref="9961665910"/>
  <nd ref="9961665913"/>
  <nd ref="9961665914"/>
  <nd ref="9961668717"/>
  <nd ref="9961668719"/>
  <nd ref="9961668721"/>
  <nd ref="9961668722"/>
  <nd ref="9961668724"/>
  <nd ref="9961668726"/>
  <nd ref="9973321431"/>
  <nd ref="9973321430"/>
  <nd ref="9961668732"/>
  <nd ref="9961668735"/>
  <nd ref="9961668737"/>
  <nd ref="9961668739"/>
  <nd ref="9961668741"/>
  <nd ref="9961668744"/>
  <nd ref="9961668745"/>
  <nd ref="9961668747"/>
  <nd ref="9973321427"/>
  <nd ref="9973321428"/>
  <nd ref="9961668749"/>
  <nd ref="9961668751"/>
  <nd ref="9961668753"/>
  <nd ref="9961668754"/>
  <nd ref="9961668757"/>
  <nd ref="9961668759"/>
  <nd ref="9961668760"/>
  <nd ref="9961668762"/>
  <nd ref="9961668764"/>
  <nd ref="9961668766"/>
  <nd ref="9961668769"/>
  <nd ref="9961668772"/>
  <nd ref="9973321423"/>
  <nd ref="9973321422"/>
  <nd ref="9961668781"/>
  <nd ref="9961668782"/>
  <nd ref="9961668785"/>
  <nd ref="9961668786"/>
  <nd ref="9961668790"/>
  <nd ref="9961668792"/>
  <nd ref="9961668793"/>
  <nd ref="9961668794"/>
  <nd ref="9961668798"/>
  <nd ref="9961668799"/>
  <nd ref="9973290616"/>
  <nd ref="9961668801"/>
  <nd ref="9961668803"/>
  <nd ref="9961668804"/>
  <nd ref="9961668802"/>
  <nd ref="9973290613"/>
  <nd ref="9961668800"/>
  <nd ref="9961668797"/>
  <nd ref="9961668795"/>
  <nd ref="9961668796"/>
  <nd ref="9961668791"/>
  <nd ref="9961668788"/>
  <nd ref="9961668789"/>
  <nd ref="9961668787"/>
  <nd ref="9961668784"/>
  <nd ref="9961668783"/>
  <nd ref="9961668780"/>
  <nd ref="9973321421"/>
  <nd ref="9973321424"/>
  <nd ref="9961668773"/>
  <nd ref="9961668771"/>
  <nd ref="9961668774"/>
  <nd ref="9961668770"/>
  <nd ref="9961668767"/>
  <nd ref="9961668768"/>
  <nd ref="9961668765"/>
  <nd ref="9961668763"/>
  <nd ref="9961668761"/>
  <nd ref="9961668758"/>
  <nd ref="9961668756"/>
  <nd ref="9961668755"/>
  <nd ref="9961668752"/>
  <nd ref="9961668750"/>
  <nd ref="9961668748"/>
  <nd ref="9973321426"/>
  <nd ref="9973321425"/>
  <nd ref="9961668746"/>
  <nd ref="9961668743"/>
  <nd ref="9961668742"/>
  <nd ref="9961668740"/>
  <nd ref="9961668738"/>
  <nd ref="9961668736"/>
  <nd ref="9961668734"/>
  <nd ref="9961668733"/>
  <nd ref="9973321429"/>
  <nd ref="9973321432"/>
  <nd ref="9961668727"/>
  <nd ref="9961668725"/>
  <nd ref="9961668723"/>
  <nd ref="9961668720"/>
  <nd ref="9961668718"/>
  <nd ref="9961665916"/>
  <nd ref="9961665915"/>
  <nd ref="9961665912"/>
  <nd ref="9961665911"/>
  <nd ref="9961665908"/>
  <nd ref="9961665907"/>
  <nd ref="9961665904"/>
  <nd ref="9961665897"/>
  <nd ref="9961665895"/>
  <nd ref="9961665884"/>
  <nd ref="9961665889"/>
  <nd ref="9961665893"/>
  <nd ref="9961665891"/>
  <nd ref="9961665880"/>
  <nd ref="9961665878"/>
  <nd ref="9961665877"/>
  <nd ref="9961665874"/>
  <nd ref="9961665873"/>
  <nd ref="9961665870"/>
  <nd ref="9961665869"/>
  <nd ref="9961665866"/>
  <nd ref="9961665864"/>
  <nd ref="9961665856"/>
  <nd ref="9961665855"/>
  <nd ref="9961665852"/>
  <nd ref="9961665850"/>
  <nd ref="9961665847"/>
  <nd ref="9961665845"/>
  <nd ref="9961665843"/>
  <nd ref="9960672432"/>
  <nd ref="9960672430"/>
  <nd ref="9960672427"/>
  <nd ref="10853550688"/>
  <nd ref="9960672424"/>
  <nd ref="9960672425"/>
  <nd ref="9960672422"/>
  <nd ref="10853550690"/>
  <nd ref="9960672420"/>
  <nd ref="9960672418"/>
  <nd ref="10853550693"/>
  <nd ref="9960646916"/>
  <nd ref="9960646914"/>
  <nd ref="9960646911"/>
  <nd ref="9960646909"/>
  <nd ref="9960646907"/>
  <nd ref="10853550694"/>
  <nd ref="9960646906"/>
  <nd ref="10853550695"/>
  <nd ref="9960646903"/>
  <nd ref="9960646901"/>
  <nd ref="10309773615"/>
  <nd ref="9960646900"/>
  <nd ref="9960646897"/>
  <nd ref="9960646892"/>
  <nd ref="9960646890"/>
  <nd ref="9960646885"/>
  <nd ref="9960646882"/>
  <nd ref="9960646874"/>
  <nd ref="9960646872"/>
  <nd ref="9960646866"/>
  <nd ref="10309773614"/>
  <nd ref="9960646863"/>
  <nd ref="10309773613"/>
  <nd ref="9958311526"/>
  <nd ref="9950037242"/>
  <nd ref="9950037240"/>
  <nd ref="9950037237"/>
  <nd ref="9950037238"/>
  <nd ref="9950037233"/>
  <nd ref="9950037234"/>
  <nd ref="9950037218"/>
  <nd ref="9950037219"/>
  <tag k="intermittent" v="yes"/>
  <tag k="natural" v="water"/>
  <tag k="surface" v="concrete"/>
  <tag k="water" v="stream"/>
 </way>
 <way id="1086664844" visible="true" version="1" changeset="124967907" timestamp="2022-08-16T11:36:10Z" user="vrynkevich_lyft" uid="11904280">
  <nd ref="366153701"/>
  <nd ref="9956799458"/>
  <nd ref="9956799455"/>
  <nd ref="9956799450"/>
  <nd ref="9956799451"/>
  <nd ref="9956799452"/>
  <nd ref="9956799453"/>
  <nd ref="9956799454"/>
  <nd ref="9956799455"/>
  <tag k="highway" v="service"/>
 </way>
 <way id="1086664846" visible="true" version="1" changeset="124967907" timestamp="2022-08-16T11:36:10Z" user="vrynkevich_lyft" uid="11904280">
  <nd ref="9956799459"/>
  <nd ref="9956799460"/>
  <nd ref="366153703"/>
  <tag k="highway" v="service"/>
 </way>
 <way id="1087231494" visible="true" version="1" changeset="125063722" timestamp="2022-08-18T13:54:28Z" user="stst415" uid="15080366">
  <nd ref="9961668728"/>
  <nd ref="4255663501"/>
  <nd ref="6762872388"/>
  <tag k="bicycle" v="yes"/>
  <tag k="footway" v="sidewalk"/>
  <tag k="highway" v="footway"/>
 </way>
 <way id="1087231495" visible="true" version="1" changeset="125063722" timestamp="2022-08-18T13:54:28Z" user="stst415" uid="15080366">
  <nd ref="9961668729"/>
  <nd ref="9961668728"/>
  <tag k="bicycle" v="yes"/>
  <tag k="bridge" v="yes"/>
  <tag k="footway" v="sidewalk"/>
  <tag k="highway" v="footway"/>
  <tag k="layer" v="1"/>
 </way>
 <way id="1087231496" visible="true" version="2" changeset="167209616" timestamp="2025-06-05T07:54:28Z" user="217541OSM" uid="8515581">
  <nd ref="6234385318"/>
  <nd ref="6762872395"/>
  <nd ref="12888211264"/>
  <nd ref="6762872502"/>
  <nd ref="6438893395"/>
  <nd ref="4263468602"/>
  <nd ref="9961668731"/>
  <tag k="bicycle" v="yes"/>
  <tag k="footway" v="sidewalk"/>
  <tag k="highway" v="footway"/>
 </way>
 <way id="1087231497" visible="true" version="1" changeset="125063722" timestamp="2022-08-18T13:54:28Z" user="stst415" uid="15080366">
  <nd ref="9961668731"/>
  <nd ref="9961668730"/>
  <tag k="bicycle" v="yes"/>
  <tag k="bridge" v="yes"/>
  <tag k="footway" v="sidewalk"/>
  <tag k="highway" v="footway"/>
  <tag k="layer" v="1"/>
 </way>
 <way id="1117238897" visible="true" version="1" changeset="129381892" timestamp="2022-11-25T20:22:41Z" user="stst415" uid="15080366">
  <nd ref="6787705503"/>
  <nd ref="6787705504"/>
  <nd ref="6787705507"/>
  <tag k="highway" v="service"/>
  <tag k="name" v="Alley ‎80347"/>
  <tag k="name:signed" v="no"/>
  <tag k="service" v="alley"/>
 </way>
 <way id="1178669859" visible="true" version="1" changeset="136918202" timestamp="2023-06-03T23:42:51Z" user="Smol_Ame" uid="17331026">
  <nd ref="10950095819"/>
  <nd ref="10950095816"/>
  <nd ref="10950095815"/>
  <nd ref="5548446094"/>
  <tag k="highway" v="service"/>
  <tag k="oneway" v="yes"/>
  <tag k="service" v="parking_aisle"/>
 </way>
 <way id="1178669860" visible="true" version="1" changeset="136918202" timestamp="2023-06-03T23:42:51Z" user="Smol_Ame" uid="17331026">
  <nd ref="6234385621"/>
  <nd ref="7539501405"/>
  <nd ref="7539501407"/>
  <tag k="bicycle" v="yes"/>
  <tag k="crossing" v="traffic_signals"/>
  <tag k="crossing:island" v="no"/>
  <tag k="footway" v="crossing"/>
  <tag k="highway" v="footway"/>
 </way>
 <way id="1183397738" visible="true" version="1" changeset="137517855" timestamp="2023-06-19T12:44:45Z" user="skaslam" uid="13859461">
  <nd ref="10989410771"/>
  <nd ref="10989410782"/>
  <nd ref="10989410783"/>
  <nd ref="10989410772"/>
  <nd ref="10989410773"/>
  <nd ref="10989410774"/>
  <nd ref="10989410775"/>
  <nd ref="10989410776"/>
  <nd ref="10989410777"/>
  <nd ref="10989410778"/>
  <nd ref="10989410779"/>
  <nd ref="10989410784"/>
  <nd ref="10989410781"/>
  <nd ref="10989410780"/>
  <tag k="access" v="private"/>
  <tag k="highway" v="service"/>
  <tag k="oneway" v="yes"/>
 </way>
 <way id="1243960221" visible="true" version="1" changeset="146805209" timestamp="2024-01-29T05:37:33Z" user="mpatsevich_lyft" uid="12896788">
  <nd ref="11563341750"/>
  <nd ref="11563341751"/>
  <nd ref="11563341752"/>
  <nd ref="11563341753"/>
  <nd ref="11563341754"/>
  <nd ref="11563341755"/>
  <nd ref="11563341756"/>
  <nd ref="11563341757"/>
  <tag k="highway" v="service"/>
  <tag k="oneway" v="yes"/>
  <tag k="service" v="drive-through"/>
 </way>
 <way id="1243960222" visible="true" version="2" changeset="158592018" timestamp="2024-10-31T17:56:24Z" user="GenSao" uid="14679343">
  <nd ref="11563341757"/>
  <nd ref="5548446090"/>
  <tag k="highway" v="service"/>
  <tag k="service" v="parking_aisle"/>
 </way>
 <way id="1243960223" visible="true" version="2" changeset="158592018" timestamp="2024-10-31T17:56:24Z" user="GenSao" uid="14679343">
  <nd ref="11563341761"/>
  <nd ref="11563341762"/>
  <nd ref="11563341764"/>
  <nd ref="12302098600"/>
  <nd ref="5548446094"/>
  <tag k="highway" v="service"/>
  <tag k="service" v="parking_aisle"/>
 </way>
 <way id="1243960224" visible="true" version="2" changeset="158592018" timestamp="2024-10-31T17:56:24Z" user="GenSao" uid="14679343">
  <nd ref="11563341763"/>
  <nd ref="11563341764"/>
  <tag k="highway" v="service"/>
  <tag k="service" v="parking_aisle"/>
 </way>
 <way id="1250542382" visible="true" version="1" changeset="147465510" timestamp="2024-02-14T20:20:20Z" user="Clarke22" uid="703694">
  <nd ref="11624379932"/>
  <nd ref="11624379933"/>
  <nd ref="11624390456"/>
  <nd ref="11624390457"/>
  <nd ref="11624390458"/>
  <nd ref="11624379932"/>
  <tag k="landuse" v="industrial"/>
 </way>
 <way id="1250542383" visible="true" version="1" changeset="147465510" timestamp="2024-02-14T20:20:20Z" user="Clarke22" uid="703694">
  <nd ref="11624379951"/>
  <nd ref="11624379952"/>
  <nd ref="11624390460"/>
  <nd ref="11624390461"/>
  <nd ref="11624390462"/>
  <nd ref="11624390463"/>
  <nd ref="11624390464"/>
  <nd ref="11624390465"/>
  <nd ref="11624390466"/>
  <nd ref="11624390467"/>
  <nd ref="11624390468"/>
  <nd ref="11624390469"/>
  <nd ref="11624390470"/>
  <nd ref="11624390471"/>
  <nd ref="11624390472"/>
  <nd ref="11624390473"/>
  <nd ref="11624390474"/>
  <nd ref="11624390475"/>
  <nd ref="11624390476"/>
  <nd ref="11624390477"/>
  <nd ref="11624390478"/>
  <nd ref="11624390479"/>
  <nd ref="11624390480"/>
  <nd ref="11624379951"/>
  <tag k="landuse" v="industrial"/>
 </way>
 <way id="1250559765" visible="true" version="1" changeset="147467492" timestamp="2024-02-14T21:31:27Z" user="Clarke22" uid="703694">
  <nd ref="11624485367"/>
  <nd ref="11624528070"/>
  <nd ref="11624528071"/>
  <nd ref="6765384712"/>
  <nd ref="11624528069"/>
  <nd ref="11624485367"/>
  <tag k="landuse" v="retail"/>
 </way>
 <way id="1250559766" visible="true" version="1" changeset="147467492" timestamp="2024-02-14T21:31:27Z" user="Clarke22" uid="703694">
  <nd ref="11624528072"/>
  <nd ref="11624528073"/>
  <nd ref="11624528074"/>
  <nd ref="11624528075"/>
  <nd ref="11624528076"/>
  <nd ref="11624528072"/>
  <tag k="landuse" v="retail"/>
 </way>
 <way id="1250559767" visible="true" version="1" changeset="147467492" timestamp="2024-02-14T21:31:27Z" user="Clarke22" uid="703694">
  <nd ref="11624528077"/>
  <nd ref="11624528078"/>
  <nd ref="11624528079"/>
  <nd ref="11624528080"/>
  <nd ref="11624528081"/>
  <nd ref="11624528077"/>
  <tag k="landuse" v="retail"/>
 </way>
 <way id="1250559768" visible="true" version="1" changeset="147467492" timestamp="2024-02-14T21:31:27Z" user="Clarke22" uid="703694">
  <nd ref="11624528082"/>
  <nd ref="11624528083"/>
  <nd ref="11624528084"/>
  <nd ref="11624528085"/>
  <nd ref="11624528086"/>
  <nd ref="11624528087"/>
  <nd ref="11624528082"/>
  <tag k="landuse" v="retail"/>
 </way>
 <way id="1253509677" visible="true" version="4" changeset="159946098" timestamp="2024-12-05T07:43:57Z" user="Clarke22" uid="703694">
  <nd ref="10568979799"/>
  <nd ref="12397258376"/>
  <nd ref="11652073697"/>
  <nd ref="11652073698"/>
  <nd ref="11652073699"/>
  <nd ref="12397313488"/>
  <nd ref="11652073700"/>
  <nd ref="12397313495"/>
  <nd ref="11652073701"/>
  <nd ref="12397313496"/>
  <nd ref="12397313494"/>
  <nd ref="11652073702"/>
  <nd ref="12397313493"/>
  <nd ref="11652073703"/>
  <nd ref="11652073704"/>
  <nd ref="12397313492"/>
  <nd ref="11652073705"/>
  <nd ref="12397313491"/>
  <nd ref="12397313490"/>
  <nd ref="11652073706"/>
  <nd ref="11652073707"/>
  <nd ref="12352478581"/>
  <tag k="boundary" v="administrative"/>
 </way>
 <way id="1329682579" visible="true" version="1" changeset="158592018" timestamp="2024-10-31T17:56:24Z" user="GenSao" uid="14679343">
  <nd ref="12302098566"/>
  <nd ref="12302098567"/>
  <nd ref="12302098568"/>
  <nd ref="12302098569"/>
  <nd ref="12302098570"/>
  <nd ref="12302098566"/>
  <tag k="landuse" v="retail"/>
 </way>
 <way id="1329682580" visible="true" version="1" changeset="158592018" timestamp="2024-10-31T17:56:24Z" user="GenSao" uid="14679343">
  <nd ref="7456049997"/>
  <nd ref="5548446089"/>
  <tag k="access" v="customers"/>
  <tag k="highway" v="service"/>
 </way>
 <way id="1329682581" visible="true" version="1" changeset="158592018" timestamp="2024-10-31T17:56:24Z" user="GenSao" uid="14679343">
  <nd ref="12302098571"/>
  <nd ref="12302098572"/>
  <nd ref="12302098573"/>
  <nd ref="12302098574"/>
  <nd ref="12302098575"/>
  <nd ref="12302098576"/>
  <nd ref="12302098577"/>
  <nd ref="12302098578"/>
  <nd ref="12302098579"/>
  <nd ref="12302098580"/>
  <nd ref="12302098581"/>
  <nd ref="12302098582"/>
  <nd ref="12302098583"/>
  <nd ref="12302098584"/>
  <nd ref="10950095819"/>
  <nd ref="10950095817"/>
  <nd ref="5548446093"/>
  <nd ref="10950095818"/>
  <nd ref="12302098595"/>
  <nd ref="12302098571"/>
  <tag k="amenity" v="parking"/>
 </way>
 <way id="1329682582" visible="true" version="1" changeset="158592018" timestamp="2024-10-31T17:56:24Z" user="GenSao" uid="14679343">
  <nd ref="10950095818"/>
  <nd ref="12302098585"/>
  <nd ref="12302098586"/>
  <nd ref="12302098587"/>
  <nd ref="12302098588"/>
  <nd ref="12302098589"/>
  <nd ref="12302098590"/>
  <nd ref="12302098591"/>
  <nd ref="12302098592"/>
  <nd ref="12302098593"/>
  <nd ref="12302098594"/>
  <nd ref="12302098595"/>
  <tag k="highway" v="service"/>
  <tag k="oneway" v="yes"/>
  <tag k="service" v="drive-through"/>
 </way>
 <way id="1329682583" visible="true" version="1" changeset="158592018" timestamp="2024-10-31T17:56:24Z" user="GenSao" uid="14679343">
  <nd ref="12302098596"/>
  <nd ref="12302098600"/>
  <nd ref="12302098597"/>
  <nd ref="12302098598"/>
  <nd ref="11563341765"/>
  <nd ref="12302098599"/>
  <nd ref="12302119303"/>
  <nd ref="12302119301"/>
  <nd ref="12302119302"/>
  <tag k="highway" v="footway"/>
 </way>
 <way id="1335205566" visible="true" version="1" changeset="159304434" timestamp="2024-11-18T23:30:35Z" user="AragonChristopherR17Z" uid="3031704">
  <nd ref="12352478582"/>
  <nd ref="12352478581"/>
  <tag k="boundary" v="administrative"/>
 </way>
 <way id="1335205567" visible="true" version="2" changeset="159946011" timestamp="2024-12-05T07:41:30Z" user="Clarke22" uid="703694">
  <nd ref="12352478581"/>
  <nd ref="12397313489"/>
  <nd ref="11370475364"/>
  <tag k="boundary" v="administrative"/>
 </way>
 <way id="1354906160" visible="true" version="1" changeset="161854101" timestamp="2025-01-28T11:34:43Z" user="RamanKazadoi" uid="14827949">
  <nd ref="12538896671"/>
  <nd ref="12538896672"/>
  <nd ref="12538896673"/>
  <nd ref="12538896674"/>
  <nd ref="12538896675"/>
  <nd ref="12538896676"/>
  <nd ref="12538896671"/>
  <tag k="building" v="yes"/>
 </way>
 <way id="1354906161" visible="true" version="1" changeset="161854101" timestamp="2025-01-28T11:34:43Z" user="RamanKazadoi" uid="14827949">
  <nd ref="12538896677"/>
  <nd ref="12538896678"/>
  <nd ref="12538896679"/>
  <nd ref="12538896680"/>
  <nd ref="12538896677"/>
  <tag k="building" v="roof"/>
  <tag k="layer" v="1"/>
 </way>
 <way id="1354906162" visible="true" version="1" changeset="161854101" timestamp="2025-01-28T11:34:43Z" user="RamanKazadoi" uid="14827949">
  <nd ref="12538896681"/>
  <nd ref="12538896682"/>
  <nd ref="12538896683"/>
  <nd ref="12538896684"/>
  <nd ref="12538896681"/>
  <tag k="building" v="yes"/>
 </way>
 <way id="1354906163" visible="true" version="1" changeset="161854101" timestamp="2025-01-28T11:34:43Z" user="RamanKazadoi" uid="14827949">
  <nd ref="12538896685"/>
  <nd ref="12538896696"/>
  <nd ref="12538896695"/>
  <nd ref="12538896687"/>
  <nd ref="12538896693"/>
  <nd ref="12538896686"/>
  <tag k="highway" v="service"/>
 </way>
 <way id="1354906164" visible="true" version="1" changeset="161854101" timestamp="2025-01-28T11:34:43Z" user="RamanKazadoi" uid="14827949">
  <nd ref="12538896687"/>
  <nd ref="12538896688"/>
  <nd ref="12538896694"/>
  <nd ref="12538896689"/>
  <nd ref="12538896690"/>
  <nd ref="12538896691"/>
  <nd ref="12538896697"/>
  <nd ref="12538896692"/>
  <tag k="highway" v="service"/>
 </way>
 <way id="1354906165" visible="true" version="1" changeset="161854101" timestamp="2025-01-28T11:34:43Z" user="RamanKazadoi" uid="14827949">
  <nd ref="12538896693"/>
  <nd ref="12538896694"/>
  <tag k="highway" v="service"/>
 </way>
 <way id="1388453366" visible="true" version="1" changeset="166554986" timestamp="2025-05-21T07:55:56Z" user="217541OSM" uid="8515581">
  <nd ref="12852505967"/>
  <nd ref="12852505968"/>
  <tag k="power" v="minor_line"/>
 </way>
 <way id="1392289243" visible="true" version="1" changeset="167209616" timestamp="2025-06-05T07:54:28Z" user="217541OSM" uid="8515581">
  <nd ref="12888211269"/>
  <nd ref="12888211271"/>
  <nd ref="12888211270"/>
  <tag k="highway" v="footway"/>
  <tag k="wheelchair" v="yes"/>
 </way>
 <way id="1392289244" visible="true" version="1" changeset="167209616" timestamp="2025-06-05T07:54:28Z" user="217541OSM" uid="8515581">
  <nd ref="12888211267"/>
  <nd ref="12888211268"/>
  <tag k="highway" v="footway"/>
  <tag k="wheelchair" v="yes"/>
 </way>
 <way id="1392289245" visible="true" version="2" changeset="176081763" timestamp="2025-12-18T08:11:03Z" user="007Transformer" uid="16577323">
  <nd ref="12888211268"/>
  <nd ref="13385744591"/>
  <nd ref="12888211269"/>
  <tag k="crossing" v="uncontrolled"/>
  <tag k="crossing:markings" v="yes"/>
  <tag k="footway" v="crossing"/>
  <tag k="highway" v="footway"/>
  <tag k="wheelchair" v="yes"/>
 </way>
 <way id="1392289383" visible="true" version="1" changeset="167209679" timestamp="2025-06-05T07:56:17Z" user="217541OSM" uid="8515581">
  <nd ref="12888235265"/>
  <nd ref="12888235266"/>
  <nd ref="12888235267"/>
  <nd ref="12888235268"/>
  <nd ref="12888235265"/>
  <tag k="amenity" v="shelter"/>
  <tag k="building" v="yes"/>
  <tag k="shelter_type" v="public_transport"/>
 </way>
 <way id="1411132647" visible="true" version="2" changeset="168994343" timestamp="2025-07-16T05:26:33Z" user="Tinetto" uid="14728702">
  <nd ref="12966154366"/>
  <nd ref="12966154356"/>
  <nd ref="12966154358"/>
  <nd ref="13003565592"/>
  <nd ref="12966154365"/>
  <nd ref="12966154364"/>
  <nd ref="12966154363"/>
  <nd ref="12966154362"/>
  <nd ref="12966154361"/>
  <nd ref="12966154360"/>
  <nd ref="12966154357"/>
  <nd ref="12966154355"/>
  <nd ref="12966154359"/>
  <tag k="highway" v="service"/>
 </way>
 <way id="1415086435" visible="true" version="1" changeset="168994343" timestamp="2025-07-16T05:26:33Z" user="Tinetto" uid="14728702">
  <nd ref="13003565592"/>
  <nd ref="13003565591"/>
  <nd ref="13003565590"/>
  <nd ref="13003565589"/>
  <nd ref="13003565588"/>
  <tag k="highway" v="service"/>
 </way>
 <way id="1516376735" visible="true" version="1" changeset="182838541" timestamp="2026-05-18T15:28:01Z" user="bhartinegi_lyft" uid="23086961">
  <nd ref="13845498085"/>
  <nd ref="13845498086"/>
  <nd ref="13845498094"/>
  <nd ref="13845498087"/>
  <nd ref="13845498088"/>
  <tag k="highway" v="service"/>
 </way>
 <way id="1516376736" visible="true" version="1" changeset="182838541" timestamp="2026-05-18T15:28:01Z" user="bhartinegi_lyft" uid="23086961">
  <nd ref="13845498092"/>
  <nd ref="13845498093"/>
  <tag k="covered" v="yes"/>
  <tag k="highway" v="service"/>
 </way>
 <way id="1516376737" visible="true" version="1" changeset="182838541" timestamp="2026-05-18T15:28:01Z" user="bhartinegi_lyft" uid="23086961">
  <nd ref="13845498091"/>
  <nd ref="13845498092"/>
  <tag k="highway" v="service"/>
 </way>
 <way id="1516376738" visible="true" version="1" changeset="182838541" timestamp="2026-05-18T15:28:01Z" user="bhartinegi_lyft" uid="23086961">
  <nd ref="13845498080"/>
  <nd ref="13845498081"/>
  <nd ref="13845498082"/>
  <nd ref="13845498091"/>
  <nd ref="13845498083"/>
  <nd ref="13845498084"/>
  <tag k="highway" v="service"/>
 </way>
 <way id="1516376739" visible="true" version="1" changeset="182838541" timestamp="2026-05-18T15:28:01Z" user="bhartinegi_lyft" uid="23086961">
  <nd ref="13845498089"/>
  <nd ref="13845498090"/>
  <nd ref="13845498082"/>
  <tag k="highway" v="service"/>
 </way>
 <way id="1516376740" visible="true" version="1" changeset="182838541" timestamp="2026-05-18T15:28:01Z" user="bhartinegi_lyft" uid="23086961">
  <nd ref="13845498088"/>
  <nd ref="13845498089"/>
  <tag k="covered" v="yes"/>
  <tag k="highway" v="service"/>
 </way>
 <way id="1516376741" visible="true" version="1" changeset="182838541" timestamp="2026-05-18T15:28:01Z" user="bhartinegi_lyft" uid="23086961">
  <nd ref="13845498093"/>
  <nd ref="13845498094"/>
  <tag k="highway" v="service"/>
 </way>
 <way id="1516376742" visible="true" version="1" changeset="182838541" timestamp="2026-05-18T15:28:01Z" user="bhartinegi_lyft" uid="23086961">
  <nd ref="13845498084"/>
  <nd ref="13845498085"/>
  <tag k="covered" v="yes"/>
  <tag k="highway" v="service"/>
 </way>
 <way id="1516376743" visible="true" version="1" changeset="182838541" timestamp="2026-05-18T15:28:01Z" user="bhartinegi_lyft" uid="23086961">
  <nd ref="13845498087"/>
  <nd ref="13845498095"/>
  <nd ref="13845498096"/>
  <tag k="highway" v="service"/>
 </way>
 <way id="1516376744" visible="true" version="1" changeset="182838541" timestamp="2026-05-18T15:28:01Z" user="bhartinegi_lyft" uid="23086961">
  <nd ref="13845498090"/>
  <nd ref="13845498097"/>
  <nd ref="13845498098"/>
  <tag k="highway" v="service"/>
 </way>
 <relation id="207359" visible="true" version="256" changeset="187612141" timestamp="2026-08-17T22:40:12Z" user="Clarke22" uid="703694">
  <member type="way" ref="1304604483" role="outer"/>
  <member type="way" ref="1077618542" role="outer"/>
  <member type="way" ref="1077618543" role="outer"/>
  <member type="way" ref="785437730" role="outer"/>
  <member type="way" ref="593182425" role="outer"/>
  <member type="way" ref="260241166" role="outer"/>
  <member type="way" ref="260241167" role="outer"/>
  <member type="way" ref="829436255" role="outer"/>
  <member type="way" ref="833105164" role="outer"/>
  <member type="way" ref="475559126" role="outer"/>
  <member type="way" ref="1491246250" role="outer"/>
  <member type="way" ref="692094814" role="outer"/>
  <member type="way" ref="829194658" role="outer"/>
  <member type="way" ref="504410595" role="outer"/>
  <member type="way" ref="475531732" role="outer"/>
  <member type="way" ref="505188299" role="outer"/>
  <member type="way" ref="829194701" role="outer"/>
  <member type="way" ref="504593428" role="outer"/>
  <member type="way" ref="475553460" role="outer"/>
  <member type="way" ref="475553498" role="outer"/>
  <member type="way" ref="504504564" role="outer"/>
  <member type="way" ref="475553493" role="outer"/>
  <member type="way" ref="475531724" role="outer"/>
  <member type="way" ref="475946526" role="outer"/>
  <member type="way" ref="1174199018" role="outer"/>
  <member type="way" ref="475946525" role="outer"/>
  <member type="way" ref="1076231670" role="outer"/>
  <member type="way" ref="1076231669" role="outer"/>
  <member type="way" ref="1171880767" role="outer"/>
  <member type="way" ref="1174199016" role="outer"/>
  <member type="way" ref="475759322" role="outer"/>
  <member type="way" ref="475759291" role="outer"/>
  <member type="way" ref="475759288" role="outer"/>
  <member type="way" ref="33127198" role="outer"/>
  <member type="way" ref="38974727" role="outer"/>
  <member type="way" ref="845421498" role="outer"/>
  <member type="way" ref="845421497" role="outer"/>
  <member type="way" ref="474947193" role="outer"/>
  <member type="way" ref="475526355" role="outer"/>
  <member type="way" ref="1123255173" role="outer"/>
  <member type="way" ref="475526358" role="outer"/>
  <member type="way" ref="1333601632" role="outer"/>
  <member type="way" ref="547776263" role="outer"/>
  <member type="way" ref="475526375" role="outer"/>
  <member type="way" ref="475526374" role="outer"/>
  <member type="way" ref="1182465795" role="outer"/>
  <member type="way" ref="1125580891" role="outer"/>
  <member type="way" ref="542213249" role="outer"/>
  <member type="way" ref="1271504882" role="outer"/>
  <member type="way" ref="1271504886" role="outer"/>
  <member type="way" ref="1271504881" role="outer"/>
  <member type="way" ref="1271504884" role="outer"/>
  <member type="way" ref="1188406515" role="outer"/>
  <member type="way" ref="1123745799" role="outer"/>
  <member type="way" ref="1494928447" role="outer"/>
  <member type="way" ref="1123745800" role="outer"/>
  <member type="way" ref="1123745812" role="outer"/>
  <member type="way" ref="1123745814" role="outer"/>
  <member type="way" ref="1123745822" role="outer"/>
  <member type="way" ref="1123745824" role="outer"/>
  <member type="way" ref="1123745825" role="outer"/>
  <member type="way" ref="1123745826" role="outer"/>
  <member type="way" ref="38974718" role="outer"/>
  <member type="way" ref="473681000" role="outer"/>
  <member type="way" ref="473681005" role="outer"/>
  <member type="way" ref="473681008" role="outer"/>
  <member type="way" ref="473681009" role="outer"/>
  <member type="way" ref="1123745820" role="outer"/>
  <member type="way" ref="1123745821" role="outer"/>
  <member type="way" ref="473681006" role="outer"/>
  <member type="way" ref="791928277" role="outer"/>
  <member type="way" ref="1125580892" role="outer"/>
  <member type="way" ref="816114569" role="outer"/>
  <member type="way" ref="791928280" role="outer"/>
  <member type="way" ref="262736015" role="outer"/>
  <member type="way" ref="789710747" role="outer"/>
  <member type="way" ref="262733137" role="outer"/>
  <member type="way" ref="789710748" role="outer"/>
  <member type="way" ref="1335318434" role="outer"/>
  <member type="way" ref="789710749" role="outer"/>
  <member type="way" ref="1335318442" role="outer"/>
  <member type="way" ref="790649492" role="outer"/>
  <member type="way" ref="1257720572" role="outer"/>
  <member type="way" ref="790211781" role="outer"/>
  <member type="way" ref="787842207" role="outer"/>
  <member type="way" ref="1257720574" role="outer"/>
  <member type="way" ref="787842206" role="outer"/>
  <member type="way" ref="787786580" role="outer"/>
  <member type="way" ref="33103183" role="outer"/>
  <member type="way" ref="261193798" role="outer"/>
  <member type="way" ref="787786577" role="outer"/>
  <member type="way" ref="261193797" role="outer"/>
  <member type="way" ref="1497158668" role="outer"/>
  <member type="way" ref="261193794" role="outer"/>
  <member type="way" ref="261193796" role="outer"/>
  <member type="way" ref="787382997" role="outer"/>
  <member type="way" ref="33172179" role="outer"/>
  <member type="way" ref="261192159" role="outer"/>
  <member type="way" ref="782785991" role="outer"/>
  <member type="way" ref="782785992" role="outer"/>
  <member type="way" ref="878387618" role="outer"/>
  <member type="way" ref="261192157" role="outer"/>
  <member type="way" ref="878387619" role="outer"/>
  <member type="way" ref="263732188" role="outer"/>
  <member type="way" ref="787310337" role="outer"/>
  <member type="way" ref="781797565" role="outer"/>
  <member type="way" ref="781797564" role="outer"/>
  <member type="way" ref="1320163526" role="outer"/>
  <member type="way" ref="787326256" role="outer"/>
  <member type="way" ref="787326257" role="outer"/>
  <member type="way" ref="262154147" role="outer"/>
  <member type="way" ref="262154146" role="outer"/>
  <member type="way" ref="261178828" role="outer"/>
  <member type="way" ref="261178827" role="outer"/>
  <member type="way" ref="790911900" role="outer"/>
  <member type="way" ref="781797562" role="outer"/>
  <member type="way" ref="781797559" role="outer"/>
  <member type="way" ref="781797568" role="outer"/>
  <member type="way" ref="260968654" role="outer"/>
  <member type="way" ref="260968652" role="outer"/>
  <member type="way" ref="260968648" role="outer"/>
  <member type="way" ref="33172345" role="outer"/>
  <member type="way" ref="378675800" role="outer"/>
  <member type="way" ref="260968649" role="outer"/>
  <member type="way" ref="260968675" role="outer"/>
  <member type="way" ref="261176609" role="outer"/>
  <member type="way" ref="261176610" role="outer"/>
  <member type="way" ref="785720737" role="outer"/>
  <member type="way" ref="173597605" role="outer"/>
  <member type="way" ref="33104157" role="outer"/>
  <member type="way" ref="783518428" role="outer"/>
  <member type="way" ref="173597598" role="outer"/>
  <member type="way" ref="790911899" role="outer"/>
  <member type="way" ref="790911894" role="outer"/>
  <member type="way" ref="781797573" role="outer"/>
  <member type="way" ref="781797576" role="outer"/>
  <member type="way" ref="1320163531" role="outer"/>
  <member type="way" ref="781797571" role="outer"/>
  <member type="way" ref="781797579" role="outer"/>
  <member type="way" ref="260953532" role="outer"/>
  <member type="way" ref="781797582" role="outer"/>
  <member type="way" ref="781934746" role="outer"/>
  <member type="way" ref="782270141" role="outer"/>
  <member type="way" ref="1415835912" role="outer"/>
  <member type="way" ref="122051378" role="outer"/>
  <member type="way" ref="260901774" role="outer"/>
  <member type="way" ref="173597582" role="outer"/>
  <member type="way" ref="260897406" role="outer"/>
  <member type="way" ref="782270143" role="outer"/>
  <member type="way" ref="33103026" role="outer"/>
  <member type="way" ref="260898375" role="outer"/>
  <member type="way" ref="781934764" role="outer"/>
  <member type="way" ref="781934753" role="outer"/>
  <member type="way" ref="781934751" role="outer"/>
  <member type="way" ref="1322056360" role="outer"/>
  <member type="way" ref="33105441" role="outer"/>
  <member type="way" ref="260234736" role="outer"/>
  <member type="way" ref="249336874" role="outer"/>
  <member type="way" ref="828997560" role="outer"/>
  <member type="way" ref="828997562" role="outer"/>
  <member type="way" ref="782003258" role="outer"/>
  <member type="way" ref="1335205573" role="outer"/>
  <member type="way" ref="790181302" role="outer"/>
  <member type="way" ref="1018719435" role="outer"/>
  <member type="way" ref="828997532" role="outer"/>
  <member type="way" ref="1444323676" role="outer"/>
  <member type="way" ref="818687122" role="outer"/>
  <member type="way" ref="249336872" role="outer"/>
  <member type="way" ref="33103343" role="outer"/>
  <member type="way" ref="785437732" role="outer"/>
  <member type="way" ref="1226131248" role="outer"/>
  <member type="way" ref="1093021873" role="inner"/>
  <member type="way" ref="261165214" role="inner"/>
  <member type="way" ref="782273708" role="inner"/>
  <member type="way" ref="782259153" role="inner"/>
  <member type="way" ref="781991719" role="inner"/>
  <member type="way" ref="781934758" role="inner"/>
  <member type="way" ref="781934759" role="inner"/>
  <member type="way" ref="781989124" role="inner"/>
  <member type="way" ref="781991724" role="inner"/>
  <member type="way" ref="261165210" role="inner"/>
  <member type="way" ref="33103664" role="inner"/>
  <member type="way" ref="724451882" role="inner"/>
  <member type="way" ref="724451880" role="inner"/>
  <member type="way" ref="782259161" role="inner"/>
  <member type="way" ref="782270142" role="inner"/>
  <member type="way" ref="782273710" role="inner"/>
  <member type="way" ref="782273702" role="inner"/>
  <member type="way" ref="33172221" role="inner"/>
  <member type="way" ref="833082876" role="inner"/>
  <member type="way" ref="1320163527" role="inner"/>
  <member type="way" ref="833082875" role="inner"/>
  <member type="way" ref="1093021866" role="inner"/>
  <member type="way" ref="1093021868" role="inner"/>
  <member type="way" ref="1093021870" role="inner"/>
  <member type="way" ref="782005826" role="inner"/>
  <member type="way" ref="782005822" role="inner"/>
  <member type="way" ref="782208680" role="inner"/>
  <member type="way" ref="794245214" role="inner"/>
  <member type="way" ref="794245213" role="inner"/>
  <member type="way" ref="1320163524" role="inner"/>
  <member type="way" ref="787842203" role="inner"/>
  <member type="way" ref="33105723" role="inner"/>
  <member type="way" ref="1320163530" role="inner"/>
  <member type="way" ref="789787793" role="inner"/>
  <member type="way" ref="782529740" role="inner"/>
  <member type="way" ref="782529729" role="inner"/>
  <member type="way" ref="1209002342" role="inner"/>
  <member type="way" ref="782529728" role="inner"/>
  <member type="way" ref="782529737" role="inner"/>
  <member type="way" ref="1301529817" role="inner"/>
  <member type="way" ref="517784378" role="inner"/>
  <member type="way" ref="260957878" role="inner"/>
  <member type="way" ref="782259160" role="inner"/>
  <member type="way" ref="1320163529" role="inner"/>
  <member type="way" ref="782208690" role="inner"/>
  <member type="way" ref="33104780" role="inner"/>
  <member type="way" ref="1321469076" role="inner"/>
  <member type="way" ref="1320163528" role="inner"/>
  <member type="way" ref="781934756" role="inner"/>
  <member type="way" ref="1322053716" role="inner"/>
  <member type="way" ref="1322055711" role="inner"/>
  <member type="way" ref="781934755" role="inner"/>
  <member type="way" ref="33105391" role="inner"/>
  <member type="way" ref="1125580894" role="inner"/>
  <member type="way" ref="1125578141" role="inner"/>
  <member type="way" ref="1125578142" role="inner"/>
  <member type="way" ref="781934762" role="inner"/>
  <member type="way" ref="781989122" role="inner"/>
  <member type="way" ref="33172263" role="inner"/>
  <member type="way" ref="260968683" role="inner"/>
  <member type="way" ref="261174388" role="inner"/>
  <member type="way" ref="768960879" role="inner"/>
  <member type="way" ref="1335318447" role="inner"/>
  <member type="way" ref="1320163521" role="inner"/>
  <member type="way" ref="790649494" role="inner"/>
  <member type="way" ref="790211778" role="inner"/>
  <member type="way" ref="1320163522" role="inner"/>
  <member type="way" ref="790211780" role="inner"/>
  <member type="way" ref="785253618" role="inner"/>
  <member type="way" ref="785254438" role="inner"/>
  <member type="node" ref="1738808199" role="label"/>
  <member type="relation" ref="18114273" role="subarea"/>
  <member type="relation" ref="18114274" role="subarea"/>
  <member type="relation" ref="18114279" role="subarea"/>
  <member type="relation" ref="18114275" role="subarea"/>
  <member type="relation" ref="18114277" role="subarea"/>
  <member type="relation" ref="17251099" role="subarea"/>
  <member type="relation" ref="17251043" role="subarea"/>
  <member type="relation" ref="18114269" role="subarea"/>
  <member type="relation" ref="18114268" role="subarea"/>
  <member type="relation" ref="18114272" role="subarea"/>
  <member type="relation" ref="18114276" role="subarea"/>
  <member type="relation" ref="17251044" role="subarea"/>
  <member type="relation" ref="18114271" role="subarea"/>
  <member type="relation" ref="18114270" role="subarea"/>
  <member type="relation" ref="18114278" role="subarea"/>
  <tag k="admin_level" v="8"/>
  <tag k="alt_name:ar" v="لوس أنجلوس"/>
  <tag k="alt_name:gl" v="Os Anxos"/>
  <tag k="border_type" v="city"/>
  <tag k="boundary" v="administrative"/>
  <tag k="name" v="Los Angeles"/>
  <tag k="name:ar" v="لوس أنجلس"/>
  <tag k="name:az" v="Los-Anceles"/>
  <tag k="name:de" v="Los Angeles"/>
  <tag k="name:eo" v="Los-Anĝeleso"/>
  <tag k="name:es" v="Los Ángeles"/>
  <tag k="name:fa" v="لوس آنجلس"/>
  <tag k="name:fr" v="Los Angeles"/>
  <tag k="name:gl" v="Os Ánxeles"/>
  <tag k="name:he" v="לוס אנג'לס"/>
  <tag k="name:hi" v="लॉस एंजिलस"/>
  <tag k="name:hr" v="Los Angeles"/>
  <tag k="name:it" v="Los Angeles"/>
  <tag k="name:ja" v="ロサンゼルス"/>
  <tag k="name:ka" v="ლოს-ანჯელესი"/>
  <tag k="name:ko" v="로스앤젤레스"/>
  <tag k="name:mi" v="Ngā Ānahera"/>
  <tag k="name:pl" v="Los Angeles"/>
  <tag k="name:pt" v="Los Angeles"/>
  <tag k="name:ru" v="Лос-Анджелес"/>
  <tag k="name:sr" v="Лос Анђелес"/>
  <tag k="name:zh" v="洛杉矶;洛杉磯"/>
  <tag k="name:zh-Hans" v="洛杉矶"/>
  <tag k="name:zh-Hant" v="洛杉磯"/>
  <tag k="population" v="4030904"/>
  <tag k="ref:LOCODE" v="USLAX"/>
  <tag k="short_name" v="LA"/>
  <tag k="type" v="boundary"/>
  <tag k="wikidata" v="Q65"/>
  <tag k="wikipedia" v="en:Los Angeles"/>
 </relation>
 <relation id="8438656" visible="true" version="73" changeset="184438990" timestamp="2026-06-22T16:07:58Z" user="grawat_Lyft" uid="18783549">
  <member type="way" ref="13400127" role=""/>
  <member type="way" ref="401465853" role=""/>
  <member type="way" ref="368173588" role=""/>
  <member type="way" ref="401465844" role=""/>
  <member type="way" ref="401465842" role=""/>
  <member type="way" ref="401465858" role=""/>
  <member type="way" ref="401465851" role=""/>
  <member type="way" ref="368173573" role=""/>
  <member type="way" ref="401465877" role=""/>
  <member type="way" ref="401465876" role=""/>
  <member type="way" ref="401465875" role=""/>
  <member type="way" ref="342732380" role=""/>
  <member type="way" ref="401465874" role=""/>
  <member type="way" ref="362084324" role=""/>
  <member type="way" ref="684612289" role=""/>
  <member type="way" ref="401465870" role=""/>
  <member type="way" ref="401465872" role=""/>
  <member type="way" ref="1013760002" role=""/>
  <member type="way" ref="401465868" role=""/>
  <member type="way" ref="401465873" role=""/>
  <member type="way" ref="401465866" role=""/>
  <member type="way" ref="401465879" role=""/>
  <member type="way" ref="1002588489" role=""/>
  <member type="way" ref="137059635" role=""/>
  <member type="way" ref="401483048" role=""/>
  <member type="way" ref="401483065" role=""/>
  <member type="way" ref="401483047" role=""/>
  <member type="way" ref="401483076" role=""/>
  <member type="way" ref="401483063" role=""/>
  <member type="way" ref="401483066" role=""/>
  <member type="way" ref="401483053" role=""/>
  <member type="way" ref="401483070" role=""/>
  <member type="way" ref="401483046" role=""/>
  <member type="way" ref="401483064" role=""/>
  <member type="way" ref="1161295874" role=""/>
  <member type="way" ref="401483069" role=""/>
  <member type="way" ref="1008883772" role=""/>
  <member type="way" ref="401483049" role=""/>
  <member type="way" ref="401483051" role=""/>
  <member type="way" ref="401483079" role="forward"/>
  <member type="way" ref="539400822" role="forward"/>
  <member type="way" ref="539400821" role="forward"/>
  <member type="way" ref="401483078" role="forward"/>
  <member type="way" ref="539400824" role="forward"/>
  <member type="way" ref="539400826" role="forward"/>
  <member type="way" ref="402630090" role="forward"/>
  <member type="way" ref="401483080" role="forward"/>
  <member type="way" ref="401483073" role=""/>
  <member type="way" ref="800253949" role=""/>
  <member type="way" ref="401483075" role=""/>
  <member type="way" ref="800253950" role=""/>
  <member type="way" ref="401483068" role=""/>
  <member type="way" ref="401483071" role=""/>
  <member type="way" ref="401483050" role=""/>
  <member type="way" ref="1531454368" role=""/>
  <member type="way" ref="401483057" role=""/>
  <member type="way" ref="1531454364" role=""/>
  <member type="way" ref="1531454362" role=""/>
  <member type="way" ref="401483072" role=""/>
  <member type="way" ref="179558718" role=""/>
  <member type="way" ref="401483074" role=""/>
  <member type="way" ref="401483044" role=""/>
  <member type="way" ref="401483060" role=""/>
  <member type="way" ref="401483077" role=""/>
  <member type="way" ref="401483067" role=""/>
  <member type="way" ref="405352015" role=""/>
  <member type="way" ref="179558720" role=""/>
  <member type="way" ref="405352017" role=""/>
  <member type="way" ref="405352018" role=""/>
  <member type="way" ref="405352019" role=""/>
  <member type="way" ref="13307998" role=""/>
  <member type="way" ref="405341701" role=""/>
  <member type="way" ref="405341697" role=""/>
  <member type="way" ref="405341709" role=""/>
  <member type="way" ref="405341704" role=""/>
  <member type="way" ref="405341703" role=""/>
  <member type="way" ref="32936790" role=""/>
  <member type="way" ref="1020649845" role=""/>
  <member type="way" ref="405341702" role=""/>
  <member type="way" ref="405341711" role=""/>
  <member type="way" ref="405341712" role=""/>
  <member type="way" ref="405341699" role=""/>
  <member type="way" ref="405341698" role=""/>
  <member type="way" ref="405341705" role=""/>
  <member type="way" ref="405341708" role=""/>
  <member type="way" ref="405341706" role=""/>
  <member type="way" ref="405341707" role=""/>
  <member type="way" ref="1317822539" role=""/>
  <member type="way" ref="1317822540" role=""/>
  <member type="way" ref="405341710" role=""/>
  <member type="way" ref="405318804" role=""/>
  <member type="way" ref="405318797" role=""/>
  <member type="way" ref="405318792" role=""/>
  <member type="way" ref="405318803" role=""/>
  <member type="way" ref="405318789" role=""/>
  <member type="way" ref="405318795" role=""/>
  <member type="way" ref="405318783" role=""/>
  <member type="way" ref="405318805" role=""/>
  <member type="way" ref="405318811" role=""/>
  <member type="way" ref="508405066" role=""/>
  <member type="way" ref="405318807" role=""/>
  <member type="way" ref="522358930" role=""/>
  <member type="way" ref="405318801" role=""/>
  <member type="way" ref="405318796" role=""/>
  <member type="way" ref="405318784" role=""/>
  <member type="way" ref="1161996097" role=""/>
  <member type="way" ref="405318802" role=""/>
  <member type="way" ref="405318800" role=""/>
  <member type="way" ref="405318794" role=""/>
  <member type="way" ref="380182240" role="forward"/>
  <member type="way" ref="405328979" role="forward"/>
  <member type="way" ref="405318813" role="forward"/>
  <member type="way" ref="668596584" role="forward"/>
  <member type="way" ref="910112054" role="forward"/>
  <member type="way" ref="405318785" role="forward"/>
  <member type="way" ref="405318798" role="forward"/>
  <member type="way" ref="405318791" role="forward"/>
  <member type="way" ref="405318814" role="forward"/>
  <member type="way" ref="405318809" role="forward"/>
  <member type="way" ref="405318799" role="forward"/>
  <member type="way" ref="405318812" role="forward"/>
  <member type="way" ref="405318806" role="forward"/>
  <member type="way" ref="405318808" role="forward"/>
  <member type="way" ref="380182241" role="forward"/>
  <member type="way" ref="405318793" role="forward"/>
  <member type="way" ref="405318810" role="forward"/>
  <member type="way" ref="910112053" role="forward"/>
  <member type="way" ref="178413955" role=""/>
  <member type="way" ref="399320123" role=""/>
  <member type="way" ref="399320132" role=""/>
  <member type="way" ref="399320139" role=""/>
  <member type="way" ref="399320134" role=""/>
  <member type="way" ref="399320125" role=""/>
  <member type="way" ref="399320130" role=""/>
  <member type="way" ref="399320137" role=""/>
  <member type="way" ref="399320127" role=""/>
  <member type="way" ref="399320126" role=""/>
  <member type="way" ref="399318653" role=""/>
  <member type="way" ref="399318641" role=""/>
  <member type="way" ref="399318660" role=""/>
  <member type="way" ref="399318639" role=""/>
  <member type="way" ref="399318638" role=""/>
  <member type="way" ref="399318636" role=""/>
  <member type="way" ref="399318656" role=""/>
  <member type="way" ref="399318642" role=""/>
  <member type="way" ref="399318658" role=""/>
  <member type="way" ref="399318643" role=""/>
  <member type="way" ref="399318647" role=""/>
  <member type="way" ref="689549830" role=""/>
  <member type="way" ref="51129550" role=""/>
  <member type="way" ref="399318650" role=""/>
  <member type="way" ref="399318633" role=""/>
  <member type="way" ref="399318657" role=""/>
  <member type="way" ref="399318659" role=""/>
  <member type="way" ref="399318632" role=""/>
  <member type="way" ref="399318654" role=""/>
  <member type="way" ref="405134068" role=""/>
  <member type="way" ref="399318635" role=""/>
  <member type="way" ref="399318637" role=""/>
  <member type="way" ref="399318640" role=""/>
  <member type="way" ref="399318625" role=""/>
  <member type="way" ref="399318628" role=""/>
  <member type="way" ref="399318645" role=""/>
  <member type="way" ref="399318652" role=""/>
  <member type="way" ref="399318634" role=""/>
  <member type="way" ref="399318651" role=""/>
  <member type="way" ref="399318631" role=""/>
  <member type="way" ref="399318655" role=""/>
  <member type="way" ref="399318649" role=""/>
  <member type="way" ref="177860251" role=""/>
  <member type="way" ref="401229891" role=""/>
  <member type="way" ref="401229880" role=""/>
  <member type="way" ref="401229873" role=""/>
  <member type="way" ref="401229920" role=""/>
  <member type="way" ref="178331398" role=""/>
  <member type="way" ref="401229894" role=""/>
  <member type="way" ref="401229936" role=""/>
  <member type="way" ref="969979177" role=""/>
  <member type="way" ref="401229926" role=""/>
  <member type="way" ref="401229825" role=""/>
  <member type="way" ref="401229818" role=""/>
  <member type="way" ref="401229840" role=""/>
  <member type="way" ref="401229815" role=""/>
  <member type="way" ref="401229902" role=""/>
  <member type="way" ref="401229909" role=""/>
  <member type="way" ref="401229924" role=""/>
  <member type="way" ref="401229848" role=""/>
  <member type="way" ref="1036479534" role=""/>
  <member type="way" ref="401229939" role=""/>
  <member type="way" ref="1036479532" role=""/>
  <member type="way" ref="1036479533" role=""/>
  <member type="way" ref="401229867" role=""/>
  <member type="way" ref="401229898" role=""/>
  <member type="way" ref="401229809" role=""/>
  <member type="way" ref="401229884" role=""/>
  <member type="way" ref="401229930" role=""/>
  <member type="way" ref="401229889" role=""/>
  <member type="way" ref="401229808" role=""/>
  <member type="way" ref="401229856" role=""/>
  <member type="way" ref="401229863" role=""/>
  <member type="way" ref="401229830" role=""/>
  <member type="way" ref="401229912" role=""/>
  <member type="way" ref="401229916" role=""/>
  <member type="way" ref="723704283" role=""/>
  <member type="way" ref="401229934" role=""/>
  <member type="way" ref="140066505" role=""/>
  <member type="way" ref="401229877" role=""/>
  <member type="way" ref="401229887" role=""/>
  <member type="way" ref="401229906" role=""/>
  <member type="way" ref="189966788" role=""/>
  <member type="way" ref="401229836" role=""/>
  <member type="way" ref="401229861" role=""/>
  <member type="way" ref="401229922" role=""/>
  <member type="way" ref="401229853" role=""/>
  <member type="way" ref="401229900" role=""/>
  <member type="way" ref="1179630613" role="forward"/>
  <member type="way" ref="189966790" role="forward"/>
  <member type="way" ref="1179630612" role="forward"/>
  <member type="way" ref="401229820" role="forward"/>
  <member type="way" ref="189903066" role="forward"/>
  <member type="way" ref="401229943" role="forward"/>
  <member type="way" ref="32491012" role="forward"/>
  <member type="way" ref="401229941" role="forward"/>
  <member type="way" ref="401229845" role=""/>
  <member type="way" ref="401229811" role=""/>
  <member type="way" ref="401229814" role=""/>
  <member type="way" ref="401229807" role=""/>
  <member type="way" ref="140066499" role=""/>
  <member type="way" ref="1121494475" role=""/>
  <member type="way" ref="140066500" role=""/>
  <member type="way" ref="400864520" role=""/>
  <member type="way" ref="400864502" role=""/>
  <member type="way" ref="400864510" role=""/>
  <member type="way" ref="400864507" role=""/>
  <member type="way" ref="32471088" role=""/>
  <member type="way" ref="400864532" role=""/>
  <member type="way" ref="399320745" role=""/>
  <member type="way" ref="399320743" role=""/>
  <member type="way" ref="689992936" role=""/>
  <member type="way" ref="689992937" role=""/>
  <member type="way" ref="399320749" role=""/>
  <member type="way" ref="399320723" role=""/>
  <member type="way" ref="399320730" role=""/>
  <member type="way" ref="399320732" role=""/>
  <member type="way" ref="399320735" role=""/>
  <member type="way" ref="399320733" role=""/>
  <member type="way" ref="399320737" role=""/>
  <member type="way" ref="399320725" role=""/>
  <member type="way" ref="399320721" role=""/>
  <member type="way" ref="399320727" role=""/>
  <member type="way" ref="399320742" role=""/>
  <member type="way" ref="399320739" role=""/>
  <member type="way" ref="399320748" role=""/>
  <member type="way" ref="375932510" role=""/>
  <member type="way" ref="401097327" role=""/>
  <member type="way" ref="401097320" role=""/>
  <member type="way" ref="401097335" role=""/>
  <member type="way" ref="401097336" role=""/>
  <member type="way" ref="401097331" role=""/>
  <member type="way" ref="401097344" role=""/>
  <member type="way" ref="375932508" role=""/>
  <member type="way" ref="401097339" role=""/>
  <member type="way" ref="401097334" role=""/>
  <member type="way" ref="401097321" role=""/>
  <member type="way" ref="13308010" role=""/>
  <member type="way" ref="401097338" role=""/>
  <member type="way" ref="401097319" role=""/>
  <member type="way" ref="401097348" role=""/>
  <member type="way" ref="1036493713" role=""/>
  <member type="way" ref="401097332" role=""/>
  <member type="way" ref="1021800008" role=""/>
  <member type="way" ref="850505724" role=""/>
  <member type="node" ref="12852505972" role="platform"/>
  <member type="node" ref="12852505971" role="platform"/>
  <member type="node" ref="1801307610" role=""/>
  <member type="node" ref="1801307864" role=""/>
  <member type="node" ref="12882855185" role=""/>
  <member type="node" ref="12882855186" role=""/>
  <member type="node" ref="12882855792" role=""/>
  <member type="node" ref="12882855794" role=""/>
  <member type="node" ref="12882854144" role=""/>
  <member type="node" ref="12882854143" role=""/>
  <member type="node" ref="12882854149" role=""/>
  <member type="node" ref="12882854155" role=""/>
  <member type="node" ref="12885999066" role=""/>
  <member type="node" ref="12885999060" role=""/>
  <member type="node" ref="12888198019" role="platform"/>
  <member type="node" ref="12888198017" role="platform"/>
  <member type="node" ref="12888200270" role=""/>
  <member type="node" ref="12888200269" role=""/>
  <member type="node" ref="12888242918" role=""/>
  <member type="node" ref="12888242915" role=""/>
  <member type="node" ref="12888200274" role=""/>
  <member type="node" ref="12888200271" role=""/>
  <member type="node" ref="12888277820" role=""/>
  <member type="node" ref="12888277819" role=""/>
  <member type="node" ref="12888277842" role=""/>
  <member type="node" ref="12888277841" role=""/>
  <member type="node" ref="12888281304" role=""/>
  <member type="node" ref="12888152999" role=""/>
  <member type="node" ref="12888257198" role=""/>
  <member type="node" ref="12888257197" role=""/>
  <member type="node" ref="12888235292" role=""/>
  <member type="node" ref="10760427173" role=""/>
  <member type="node" ref="12888211264" role=""/>
  <member type="node" ref="12888211267" role=""/>
  <member type="node" ref="12888299848" role=""/>
  <member type="node" ref="8581098154" role=""/>
  <member type="node" ref="12888257991" role=""/>
  <member type="node" ref="3405854608" role=""/>
  <member type="node" ref="1985345936" role=""/>
  <member type="node" ref="1985345937" role=""/>
  <member type="node" ref="1985345248" role=""/>
  <member type="node" ref="1985345245" role=""/>
  <member type="node" ref="1985344376" role=""/>
  <member type="node" ref="1985344375" role=""/>
  <member type="node" ref="12888315607" role=""/>
  <member type="node" ref="12888315604" role=""/>
  <member type="node" ref="12888317117" role=""/>
  <member type="node" ref="1985343701" role=""/>
  <member type="node" ref="1976995751" role=""/>
  <member type="node" ref="12888340314" role=""/>
  <member type="node" ref="1943703902" role=""/>
  <member type="node" ref="1943703901" role=""/>
  <member type="node" ref="12888329572" role=""/>
  <member type="node" ref="12888329571" role=""/>
  <member type="node" ref="1915902951" role=""/>
  <member type="node" ref="1915902947" role=""/>
  <member type="node" ref="12888374611" role=""/>
  <member type="node" ref="12888374610" role=""/>
  <member type="node" ref="1915874371" role="stop"/>
  <member type="node" ref="12888372510" role=""/>
  <member type="node" ref="2047408452" role=""/>
  <member type="node" ref="12888385231" role=""/>
  <member type="node" ref="12888385230" role=""/>
  <member type="node" ref="12953154277" role=""/>
  <member type="node" ref="12953154271" role=""/>
  <member type="node" ref="12953154284" role=""/>
  <member type="node" ref="12953154281" role=""/>
  <member type="node" ref="12953154291" role=""/>
  <member type="node" ref="12953154290" role=""/>
  <member type="node" ref="12953154295" role=""/>
  <member type="node" ref="12953154294" role=""/>
  <member type="node" ref="12953174133" role=""/>
  <member type="node" ref="12953174131" role=""/>
  <member type="node" ref="12953174146" role=""/>
  <member type="node" ref="12953174140" role=""/>
  <member type="node" ref="12953174149" role=""/>
  <member type="node" ref="12953174147" role=""/>
  <member type="node" ref="12953174159" role=""/>
  <member type="node" ref="12953174157" role=""/>
  <member type="node" ref="12953174164" role=""/>
  <member type="node" ref="12953174162" role=""/>
  <member type="node" ref="12953174171" role=""/>
  <member type="node" ref="12953174168" role=""/>
  <member type="node" ref="12953174174" role=""/>
  <member type="node" ref="12953174172" role=""/>
  <member type="node" ref="12953193716" role=""/>
  <member type="node" ref="12953193713" role=""/>
  <member type="node" ref="12953193721" role=""/>
  <member type="node" ref="12953193720" role=""/>
  <member type="node" ref="12953193727" role=""/>
  <member type="node" ref="12953193726" role=""/>
  <member type="node" ref="12953194516" role=""/>
  <member type="node" ref="12953194518" role=""/>
  <member type="node" ref="12953194523" role=""/>
  <member type="node" ref="12953194520" role=""/>
  <member type="node" ref="12953200002" role=""/>
  <member type="node" ref="12953194798" role=""/>
  <member type="node" ref="12953200008" role=""/>
  <member type="node" ref="12953200007" role=""/>
  <member type="node" ref="11984289443" role=""/>
  <member type="node" ref="11984289442" role=""/>
  <member type="node" ref="12953191378" role=""/>
  <member type="node" ref="12953191377" role=""/>
  <member type="node" ref="12953191386" role=""/>
  <member type="node" ref="12953191380" role=""/>
  <member type="node" ref="12953163099" role=""/>
  <member type="node" ref="12953163098" role=""/>
  <tag k="name" v="Metro 166"/>
  <tag k="network" v="Metro Local"/>
  <tag k="network:wikidata" v="Q77610"/>
  <tag k="network:wikipedia" v="en:Los Angeles Metro Bus"/>
  <tag k="operator" v="Los Angeles County Metropolitan Transportation Authority"/>
  <tag k="operator:wikidata" v="Q3259702"/>
  <tag k="operator:wikipedia" v="en:Los Angeles County Metropolitan Transportation Authority"/>
  <tag k="public_transport:version" v="1"/>
  <tag k="ref" v="166"/>
  <tag k="route" v="bus"/>
  <tag k="type" v="route"/>
 </relation>
 <relation id="8440835" visible="true" version="32" changeset="167258849" timestamp="2025-06-06T10:06:22Z" user="217541OSM" uid="8515581">
  <member type="way" ref="401293527" role="backward"/>
  <member type="way" ref="401293521" role="backward"/>
  <member type="way" ref="401293522" role="backward"/>
  <member type="way" ref="401293524" role="backward"/>
  <member type="way" ref="401293525" role="backward"/>
  <member type="way" ref="401428841" role="forward"/>
  <member type="way" ref="401428860" role="forward"/>
  <member type="way" ref="401428843" role="forward"/>
  <member type="way" ref="401428840" role="forward"/>
  <member type="way" ref="401428849" role="forward"/>
  <member type="way" ref="401428851" role="forward"/>
  <member type="way" ref="401428859" role="forward"/>
  <member type="way" ref="401428839" role="forward"/>
  <member type="way" ref="1050259091" role="forward"/>
  <member type="way" ref="401428844" role="forward"/>
  <member type="way" ref="401289704" role="backward"/>
  <member type="way" ref="401289705" role="backward"/>
  <member type="way" ref="401289703" role="backward"/>
  <member type="way" ref="405142496" role="forward"/>
  <member type="way" ref="401294995" role="forward"/>
  <member type="way" ref="1051292942" role="forward"/>
  <member type="way" ref="401465344" role="forward"/>
  <member type="way" ref="172234006" role="forward"/>
  <member type="way" ref="172234008" role="forward"/>
  <member type="way" ref="864100448" role="forward"/>
  <member type="way" ref="172863955" role="forward"/>
  <member type="way" ref="401465352" role="forward"/>
  <member type="way" ref="161921021" role="forward"/>
  <member type="way" ref="964929283" role=""/>
  <member type="way" ref="653165165" role=""/>
  <member type="way" ref="401293528" role=""/>
  <member type="way" ref="401293526" role=""/>
  <member type="way" ref="172234002" role=""/>
  <member type="way" ref="1036296013" role=""/>
  <member type="way" ref="401293523" role=""/>
  <member type="way" ref="401419719" role=""/>
  <member type="way" ref="401419711" role=""/>
  <member type="way" ref="401419729" role=""/>
  <member type="way" ref="132662019" role=""/>
  <member type="way" ref="401419724" role=""/>
  <member type="way" ref="401419728" role=""/>
  <member type="way" ref="401419707" role=""/>
  <member type="way" ref="401419722" role=""/>
  <member type="way" ref="401419720" role=""/>
  <member type="way" ref="401419733" role=""/>
  <member type="way" ref="398102663" role=""/>
  <member type="way" ref="401419725" role=""/>
  <member type="way" ref="401419731" role=""/>
  <member type="way" ref="401419730" role=""/>
  <member type="way" ref="401419704" role=""/>
  <member type="way" ref="401419732" role=""/>
  <member type="way" ref="401419734" role=""/>
  <member type="way" ref="401419735" role=""/>
  <member type="way" ref="401419705" role=""/>
  <member type="way" ref="401419727" role=""/>
  <member type="way" ref="401419713" role=""/>
  <member type="way" ref="132662020" role=""/>
  <member type="way" ref="713695027" role=""/>
  <member type="way" ref="401419710" role=""/>
  <member type="way" ref="401419717" role=""/>
  <member type="way" ref="401419718" role=""/>
  <member type="way" ref="401419721" role=""/>
  <member type="way" ref="401419726" role=""/>
  <member type="way" ref="1364204450" role=""/>
  <member type="way" ref="401419708" role=""/>
  <member type="way" ref="401419709" role=""/>
  <member type="way" ref="401419714" role=""/>
  <member type="way" ref="172300433" role=""/>
  <member type="way" ref="401419715" role=""/>
  <member type="way" ref="401419712" role=""/>
  <member type="way" ref="137062257" role=""/>
  <member type="way" ref="401419706" role=""/>
  <member type="way" ref="401419716" role=""/>
  <member type="way" ref="401419723" role=""/>
  <member type="way" ref="399326932" role=""/>
  <member type="way" ref="399326928" role=""/>
  <member type="way" ref="399326922" role=""/>
  <member type="way" ref="399326923" role=""/>
  <member type="way" ref="997149036" role=""/>
  <member type="way" ref="399326921" role=""/>
  <member type="way" ref="1071976808" role=""/>
  <member type="way" ref="399326925" role=""/>
  <member type="way" ref="32491993" role=""/>
  <member type="way" ref="399326926" role=""/>
  <member type="way" ref="399326920" role=""/>
  <member type="way" ref="399326930" role=""/>
  <member type="way" ref="399326931" role=""/>
  <member type="way" ref="399326924" role=""/>
  <member type="way" ref="399326933" role=""/>
  <member type="way" ref="399326927" role=""/>
  <member type="way" ref="399326929" role=""/>
  <member type="way" ref="399315530" role=""/>
  <member type="way" ref="399315542" role=""/>
  <member type="way" ref="399315533" role=""/>
  <member type="way" ref="399315548" role=""/>
  <member type="way" ref="399315545" role=""/>
  <member type="way" ref="399315551" role=""/>
  <member type="way" ref="399315537" role=""/>
  <member type="way" ref="1364763120" role=""/>
  <member type="way" ref="399315543" role=""/>
  <member type="way" ref="399315531" role=""/>
  <member type="way" ref="399315536" role=""/>
  <member type="way" ref="1087231482" role=""/>
  <member type="way" ref="32491990" role=""/>
  <member type="way" ref="1087231483" role=""/>
  <member type="way" ref="399315532" role=""/>
  <member type="way" ref="399315552" role=""/>
  <member type="way" ref="399315539" role=""/>
  <member type="way" ref="399315544" role=""/>
  <member type="way" ref="399315535" role=""/>
  <member type="way" ref="399315538" role=""/>
  <member type="way" ref="399315540" role=""/>
  <member type="way" ref="399315547" role=""/>
  <member type="way" ref="399315553" role=""/>
  <member type="way" ref="399315529" role=""/>
  <member type="way" ref="399315528" role=""/>
  <member type="way" ref="399315541" role=""/>
  <member type="way" ref="399315549" role=""/>
  <member type="way" ref="399315534" role=""/>
  <member type="way" ref="399315550" role=""/>
  <member type="way" ref="399315546" role=""/>
  <member type="way" ref="401075339" role=""/>
  <member type="way" ref="401075329" role=""/>
  <member type="way" ref="401075338" role=""/>
  <member type="way" ref="401075321" role=""/>
  <member type="way" ref="401075317" role=""/>
  <member type="way" ref="401075335" role=""/>
  <member type="way" ref="401075315" role=""/>
  <member type="way" ref="401075351" role="forward"/>
  <member type="way" ref="122211814" role="forward"/>
  <member type="way" ref="401075312" role=""/>
  <member type="way" ref="401075314" role=""/>
  <member type="way" ref="401075341" role=""/>
  <member type="way" ref="401075327" role=""/>
  <member type="way" ref="401075333" role=""/>
  <member type="way" ref="401075343" role=""/>
  <member type="way" ref="401075328" role=""/>
  <member type="way" ref="401075342" role=""/>
  <member type="way" ref="401075332" role=""/>
  <member type="way" ref="401075337" role=""/>
  <member type="way" ref="401075324" role=""/>
  <member type="way" ref="401075318" role=""/>
  <member type="way" ref="401075334" role=""/>
  <member type="way" ref="401075322" role=""/>
  <member type="way" ref="401075336" role=""/>
  <member type="way" ref="401075340" role=""/>
  <member type="way" ref="401075319" role=""/>
  <member type="way" ref="401075326" role=""/>
  <member type="way" ref="401075313" role=""/>
  <member type="way" ref="401075320" role=""/>
  <member type="way" ref="401075311" role=""/>
  <member type="way" ref="401089526" role=""/>
  <member type="way" ref="401089515" role=""/>
  <member type="way" ref="401089551" role=""/>
  <member type="way" ref="401089556" role=""/>
  <member type="way" ref="401089514" role=""/>
  <member type="way" ref="401089540" role=""/>
  <member type="way" ref="401089553" role=""/>
  <member type="way" ref="401089538" role=""/>
  <member type="way" ref="401089535" role=""/>
  <member type="way" ref="401089523" role=""/>
  <member type="way" ref="401089544" role=""/>
  <member type="way" ref="401089537" role=""/>
  <member type="way" ref="401089534" role=""/>
  <member type="way" ref="401089530" role="forward"/>
  <member type="way" ref="606514886" role="forward"/>
  <member type="way" ref="13333419" role="forward"/>
  <member type="way" ref="607788625" role="forward"/>
  <member type="way" ref="564314728" role="forward"/>
  <member type="way" ref="564314729" role="forward"/>
  <member type="way" ref="401097281" role="forward"/>
  <member type="way" ref="1087231498" role="forward"/>
  <member type="way" ref="1036531087" role="forward"/>
  <member type="way" ref="401097314" role="forward"/>
  <member type="way" ref="401097306" role="forward"/>
  <member type="way" ref="401075297" role="forward"/>
  <member type="way" ref="401075287" role="forward"/>
  <member type="way" ref="13385044" role="forward"/>
  <member type="way" ref="401075305" role="forward"/>
  <member type="node" ref="12819027957" role="platform"/>
  <member type="node" ref="12824735588" role="platform"/>
  <member type="node" ref="12824735587" role="platform"/>
  <member type="node" ref="12836510477" role="platform"/>
  <member type="node" ref="12824704293" role="platform"/>
  <member type="node" ref="12824704297" role=""/>
  <member type="node" ref="12824704296" role=""/>
  <member type="node" ref="12824735552" role=""/>
  <member type="node" ref="12824735553" role=""/>
  <member type="node" ref="12824735583" role=""/>
  <member type="node" ref="12824735584" role=""/>
  <member type="node" ref="9453970517" role=""/>
  <member type="node" ref="6439951305" role=""/>
  <member type="node" ref="12824735586" role=""/>
  <member type="node" ref="12824735585" role=""/>
  <member type="node" ref="12824735688" role=""/>
  <member type="node" ref="12824735687" role=""/>
  <member type="node" ref="12852497837" role=""/>
  <member type="node" ref="12852497836" role=""/>
  <member type="node" ref="12852497841" role="platform"/>
  <member type="node" ref="12852497838" role="platform"/>
  <member type="node" ref="12852497860" role=""/>
  <member type="node" ref="12852497862" role=""/>
  <member type="node" ref="12852470426" role=""/>
  <member type="node" ref="12852470427" role=""/>
  <member type="node" ref="12852505918" role=""/>
  <member type="node" ref="12852505917" role=""/>
  <member type="node" ref="12852505920" role=""/>
  <member type="node" ref="12852505919" role=""/>
  <member type="node" ref="12852505922" role=""/>
  <member type="node" ref="12852505921" role=""/>
  <member type="node" ref="12852480394" role=""/>
  <member type="node" ref="12852480395" role=""/>
  <member type="node" ref="12852505947" role=""/>
  <member type="node" ref="12852505946" role=""/>
  <member type="node" ref="12852505957" role=""/>
  <member type="node" ref="12852505956" role=""/>
  <member type="node" ref="12852505966" role=""/>
  <member type="node" ref="12852505965" role=""/>
  <member type="node" ref="12852505970" role=""/>
  <member type="node" ref="12852505969" role=""/>
  <member type="node" ref="12852542234" role=""/>
  <member type="node" ref="12852542233" role=""/>
  <member type="node" ref="12852542235" role=""/>
  <member type="node" ref="10760427157" role=""/>
  <member type="node" ref="10760427156" role=""/>
  <member type="node" ref="10760427155" role=""/>
  <member type="node" ref="10760427154" role=""/>
  <member type="node" ref="12852564809" role=""/>
  <member type="node" ref="10568874216" role=""/>
  <member type="node" ref="12852586511" role=""/>
  <member type="node" ref="10568874215" role=""/>
  <member type="node" ref="12852586540" role=""/>
  <member type="node" ref="10568874214" role=""/>
  <member type="node" ref="12852586542" role=""/>
  <member type="node" ref="10568874213" role="platform"/>
  <member type="node" ref="12890623225" role="platform"/>
  <tag k="name" v="Metro 244"/>
  <tag k="network" v="Metro Local"/>
  <tag k="network:wikidata" v="Q77610"/>
  <tag k="network:wikipedia" v="en:Los Angeles Metro Bus"/>
  <tag k="operator" v="Los Angeles County Metropolitan Transportation Authority"/>
  <tag k="operator:wikidata" v="Q3259702"/>
  <tag k="operator:wikipedia" v="en:Los Angeles County Metropolitan Transportation Authority"/>
  <tag k="public_transport:version" v="1"/>
  <tag k="ref" v="244"/>
  <tag k="route" v="bus"/>
  <tag k="type" v="route"/>
 </relation>
 <relation id="8455847" visible="true" version="166" changeset="187589532" timestamp="2026-08-17T13:51:16Z" user="Archi_Ma" uid="19688405">
  <member type="node" ref="6654021840" role="stop"/>
  <member type="node" ref="2120021397" role="stop"/>
  <member type="node" ref="11952597789" role="platform"/>
  <member type="node" ref="11952597790" role="platform"/>
  <member type="node" ref="12819048933" role="platform"/>
  <member type="node" ref="10760427158" role="platform"/>
  <member type="node" ref="12850255007" role=""/>
  <member type="node" ref="12850242648" role=""/>
  <member type="node" ref="12852497837" role=""/>
  <member type="node" ref="12852497836" role=""/>
  <member type="node" ref="12852505918" role=""/>
  <member type="node" ref="12852505917" role=""/>
  <member type="node" ref="12852480394" role=""/>
  <member type="node" ref="12852480395" role=""/>
  <member type="node" ref="12852505970" role=""/>
  <member type="node" ref="12852505969" role=""/>
  <member type="node" ref="12850254939" role=""/>
  <member type="node" ref="10760427162" role=""/>
  <member type="node" ref="12880315196" role=""/>
  <member type="node" ref="10760427160" role=""/>
  <member type="node" ref="12880278796" role=""/>
  <member type="node" ref="12880351265" role=""/>
  <member type="node" ref="10760427164" role=""/>
  <member type="node" ref="12880351273" role=""/>
  <member type="node" ref="10760427170" role=""/>
  <member type="node" ref="12880373669" role=""/>
  <member type="node" ref="10760427171" role=""/>
  <member type="node" ref="12890612460" role=""/>
  <member type="node" ref="12890612461" role=""/>
  <member type="way" ref="608795575" role="forward"/>
  <member type="way" ref="202017663" role="forward"/>
  <member type="way" ref="608795576" role="forward"/>
  <member type="way" ref="202018435" role="forward"/>
  <member type="way" ref="191655321" role=""/>
  <member type="way" ref="608795651" role=""/>
  <member type="way" ref="1221449209" role=""/>
  <member type="way" ref="608795506" role=""/>
  <member type="way" ref="1221449208" role=""/>
  <member type="way" ref="1081405193" role=""/>
  <member type="way" ref="1221449206" role=""/>
  <member type="way" ref="1081405188" role=""/>
  <member type="way" ref="1135344412" role=""/>
  <member type="way" ref="1135344411" role=""/>
  <member type="way" ref="1135344398" role=""/>
  <member type="way" ref="1135344413" role=""/>
  <member type="way" ref="179173109" role=""/>
  <member type="way" ref="1081405194" role=""/>
  <member type="way" ref="1221449207" role=""/>
  <member type="way" ref="1081405192" role=""/>
  <member type="way" ref="1505387870" role=""/>
  <member type="way" ref="796732608" role=""/>
  <member type="way" ref="796732610" role=""/>
  <member type="way" ref="1050969634" role=""/>
  <member type="way" ref="1050969633" role=""/>
  <member type="way" ref="1151942804" role=""/>
  <member type="way" ref="1223326577" role=""/>
  <member type="way" ref="1422286224" role=""/>
  <member type="way" ref="608795583" role=""/>
  <member type="way" ref="1223326576" role=""/>
  <member type="way" ref="1223326575" role=""/>
  <member type="way" ref="1223326574" role=""/>
  <member type="way" ref="1223326573" role=""/>
  <member type="way" ref="1223326572" role=""/>
  <member type="way" ref="1223326571" role=""/>
  <member type="way" ref="796724639" role=""/>
  <member type="way" ref="179173124" role="forward"/>
  <member type="way" ref="1065925284" role="forward"/>
  <member type="way" ref="608795588" role="forward"/>
  <member type="way" ref="916493152" role=""/>
  <member type="way" ref="214481073" role=""/>
  <member type="way" ref="1358564226" role=""/>
  <member type="way" ref="1128133049" role=""/>
  <member type="way" ref="1390935600" role=""/>
  <member type="way" ref="1102837795" role=""/>
  <member type="way" ref="1367635510" role=""/>
  <member type="way" ref="1358567862" role=""/>
  <member type="way" ref="1358567861" role=""/>
  <member type="way" ref="1221449145" role=""/>
  <member type="way" ref="608795604" role=""/>
  <member type="way" ref="608795644" role=""/>
  <member type="way" ref="1390933090" role=""/>
  <member type="way" ref="202010649" role="forward"/>
  <member type="way" ref="202010652" role="forward"/>
  <member type="way" ref="202010651" role=""/>
  <member type="way" ref="202012958" role="forward"/>
  <member type="way" ref="608795641" role="forward"/>
  <member type="way" ref="202012958" role="forward"/>
  <member type="way" ref="608795641" role="forward"/>
  <member type="way" ref="608795642" role=""/>
  <member type="way" ref="202010650" role="forward"/>
  <member type="way" ref="846201426" role=""/>
  <member type="way" ref="1502645119" role=""/>
  <member type="way" ref="846201428" role=""/>
  <member type="way" ref="1446685755" role=""/>
  <member type="way" ref="608795640" role=""/>
  <member type="way" ref="608795638" role=""/>
  <member type="way" ref="119524645" role="forward"/>
  <member type="way" ref="1069909502" role="forward"/>
  <member type="way" ref="1069909503" role="forward"/>
  <member type="way" ref="1368007941" role="forward"/>
  <member type="way" ref="913409920" role="forward"/>
  <member type="way" ref="178085477" role="forward"/>
  <member type="way" ref="1225328929" role="forward"/>
  <member type="way" ref="1225328918" role="forward"/>
  <member type="way" ref="1225328921" role="forward"/>
  <member type="way" ref="13263627" role="forward"/>
  <member type="way" ref="1225328930" role="forward"/>
  <member type="way" ref="44865517" role="forward"/>
  <member type="way" ref="1270742555" role="forward"/>
  <member type="way" ref="44865521" role="forward"/>
  <member type="way" ref="44865513" role="forward"/>
  <member type="way" ref="44865514" role="forward"/>
  <member type="way" ref="1041040753" role="forward"/>
  <member type="way" ref="44865509" role="forward"/>
  <member type="way" ref="44865508" role="forward"/>
  <member type="way" ref="44865505" role="forward"/>
  <member type="way" ref="44865506" role="forward"/>
  <member type="way" ref="1320141391" role="forward"/>
  <member type="way" ref="28356104" role="forward"/>
  <member type="way" ref="1041073545" role="forward"/>
  <member type="way" ref="28356110" role="forward"/>
  <member type="way" ref="1041073544" role="forward"/>
  <member type="way" ref="1041076958" role="forward"/>
  <member type="way" ref="44864587" role="forward"/>
  <member type="way" ref="1320145084" role="forward"/>
  <member type="way" ref="1041080649" role="forward"/>
  <member type="way" ref="1041080650" role="forward"/>
  <member type="way" ref="44864582" role="forward"/>
  <member type="way" ref="44864583" role="forward"/>
  <member type="way" ref="44864578" role="forward"/>
  <member type="way" ref="1041077581" role="forward"/>
  <member type="way" ref="44864577" role="forward"/>
  <member type="way" ref="44864030" role="forward"/>
  <member type="way" ref="1041416264" role="forward"/>
  <member type="way" ref="1067066387" role="forward"/>
  <member type="way" ref="31018047" role="forward"/>
  <member type="way" ref="1043360546" role="forward"/>
  <member type="way" ref="1043360545" role="forward"/>
  <member type="way" ref="44864024" role="forward"/>
  <member type="way" ref="44864023" role="forward"/>
  <member type="way" ref="44864021" role="forward"/>
  <member type="way" ref="44864022" role="forward"/>
  <member type="way" ref="1041075451" role="forward"/>
  <member type="way" ref="44860197" role="forward"/>
  <member type="way" ref="44860198" role="forward"/>
  <member type="way" ref="338409896" role="forward"/>
  <member type="way" ref="338409894" role="forward"/>
  <member type="way" ref="44864588" role="forward"/>
  <member type="way" ref="1041076957" role="forward"/>
  <member type="way" ref="44860190" role="forward"/>
  <member type="way" ref="44860191" role="forward"/>
  <member type="way" ref="1047141992" role="forward"/>
  <member type="way" ref="123456239" role="forward"/>
  <member type="way" ref="44860185" role="forward"/>
  <member type="way" ref="44860186" role="forward"/>
  <member type="way" ref="1320151622" role="forward"/>
  <member type="way" ref="44860182" role="forward"/>
  <member type="way" ref="44860181" role="forward"/>
  <member type="way" ref="44860177" role="forward"/>
  <member type="way" ref="44860178" role="forward"/>
  <member type="way" ref="44854499" role="forward"/>
  <member type="way" ref="44854511" role="forward"/>
  <member type="way" ref="1000730240" role="forward"/>
  <member type="way" ref="1320151624" role="forward"/>
  <member type="way" ref="44860172" role="forward"/>
  <member type="way" ref="609004334" role="forward"/>
  <member type="way" ref="1320151625" role="forward"/>
  <member type="way" ref="44860175" role="forward"/>
  <member type="way" ref="970108506" role="forward"/>
  <member type="way" ref="970108504" role="forward"/>
  <member type="way" ref="30657173" role="forward"/>
  <member type="way" ref="1320151628" role="forward"/>
  <member type="way" ref="988222202" role="forward"/>
  <member type="way" ref="44804948" role="forward"/>
  <member type="way" ref="1320151629" role="forward"/>
  <member type="way" ref="1320151630" role="forward"/>
  <member type="way" ref="1320151631" role="forward"/>
  <member type="way" ref="1320151632" role="forward"/>
  <member type="way" ref="44804950" role="forward"/>
  <member type="way" ref="44804942" role="forward"/>
  <member type="way" ref="44804941" role="forward"/>
  <member type="way" ref="608795429" role="forward"/>
  <member type="way" ref="34612854" role="forward"/>
  <member type="way" ref="1320151633" role="forward"/>
  <member type="way" ref="608855545" role="forward"/>
  <member type="way" ref="34612852" role="forward"/>
  <member type="way" ref="123456237" role="forward"/>
  <member type="way" ref="184371409" role="forward"/>
  <member type="way" ref="184371408" role="forward"/>
  <member type="way" ref="1453308370" role="forward"/>
  <member type="way" ref="1320151634" role="forward"/>
  <member type="way" ref="1320156455" role="forward"/>
  <member type="way" ref="138307341" role="forward"/>
  <member type="way" ref="1320156454" role="forward"/>
  <member type="way" ref="173153618" role="forward"/>
  <member type="way" ref="1320156456" role="forward"/>
  <member type="way" ref="32339488" role="forward"/>
  <member type="way" ref="32339479" role="forward"/>
  <member type="way" ref="32339461" role="forward"/>
  <member type="way" ref="866966639" role="forward"/>
  <member type="way" ref="146224088" role="forward"/>
  <member type="way" ref="124100074" role="forward"/>
  <member type="way" ref="1358559233" role="forward"/>
  <member type="way" ref="32339397" role="forward"/>
  <member type="way" ref="124100083" role="forward"/>
  <member type="way" ref="32339203" role="forward"/>
  <member type="way" ref="24963159" role="forward"/>
  <member type="way" ref="172586592" role="forward"/>
  <member type="way" ref="1012362901" role="forward"/>
  <member type="way" ref="1453313973" role="forward"/>
  <member type="way" ref="1012362900" role="forward"/>
  <member type="way" ref="172586591" role="forward"/>
  <member type="way" ref="32339135" role="forward"/>
  <member type="way" ref="32339136" role="forward"/>
  <member type="way" ref="402202196" role="forward"/>
  <member type="way" ref="146227274" role="forward"/>
  <member type="way" ref="5366278" role="forward"/>
  <member type="way" ref="402202198" role="forward"/>
  <member type="way" ref="4390906" role="forward"/>
  <member type="way" ref="138307378" role="forward"/>
  <member type="way" ref="402225208" role="forward"/>
  <member type="way" ref="124550368" role="forward"/>
  <member type="way" ref="49436424" role="forward"/>
  <member type="way" ref="761380501" role="forward"/>
  <member type="way" ref="761380500" role="forward"/>
  <member type="way" ref="1548762911" role="forward"/>
  <member type="way" ref="49436422" role="forward"/>
  <member type="way" ref="761380495" role="forward"/>
  <member type="way" ref="1453505292" role="forward"/>
  <member type="way" ref="1548764214" role="forward"/>
  <member type="way" ref="761380496" role="forward"/>
  <member type="way" ref="761380490" role="forward"/>
  <member type="way" ref="13263880" role="forward"/>
  <member type="way" ref="761380489" role="forward"/>
  <member type="way" ref="761380488" role="forward"/>
  <member type="way" ref="24969238" role="forward"/>
  <member type="way" ref="1192116499" role="forward"/>
  <member type="way" ref="70754151" role="forward"/>
  <member type="way" ref="980834938" role="forward"/>
  <member type="way" ref="70754122" role="forward"/>
  <member type="way" ref="70754176" role="forward"/>
  <member type="way" ref="70754110" role="forward"/>
  <member type="way" ref="70754155" role="forward"/>
  <member type="way" ref="980853412" role="forward"/>
  <member type="way" ref="32727471" role="forward"/>
  <member type="way" ref="1453291682" role="forward"/>
  <member type="way" ref="32727484" role="forward"/>
  <member type="way" ref="70755759" role="forward"/>
  <member type="way" ref="70755762" role="forward"/>
  <member type="way" ref="1343451397" role="forward"/>
  <member type="way" ref="121715907" role="forward"/>
  <member type="way" ref="1453291683" role="forward"/>
  <member type="way" ref="1453294126" role="forward"/>
  <member type="way" ref="4425259" role="forward"/>
  <member type="way" ref="13257438" role="forward"/>
  <member type="way" ref="966767274" role="forward"/>
  <member type="way" ref="402188333" role="forward"/>
  <member type="way" ref="402191065" role="forward"/>
  <member type="way" ref="402191073" role="forward"/>
  <member type="way" ref="402191069" role="forward"/>
  <member type="way" ref="402191085" role="forward"/>
  <member type="way" ref="1012702172" role="forward"/>
  <member type="way" ref="32488897" role="forward"/>
  <member type="way" ref="402194140" role="forward"/>
  <member type="way" ref="402194148" role="forward"/>
  <member type="way" ref="402194141" role="forward"/>
  <member type="way" ref="402194136" role="forward"/>
  <member type="way" ref="32488900" role="forward"/>
  <member type="way" ref="402194135" role="forward"/>
  <member type="way" ref="402188329" role="forward"/>
  <member type="way" ref="30086261" role="forward"/>
  <member type="way" ref="121775084" role="forward"/>
  <member type="way" ref="864658057" role="forward"/>
  <member type="way" ref="1453320559" role="forward"/>
  <member type="way" ref="121715903" role="forward"/>
  <member type="way" ref="121715846" role="forward"/>
  <member type="way" ref="123561845" role="forward"/>
  <member type="way" ref="27123791" role="forward"/>
  <member type="way" ref="70755760" role="forward"/>
  <member type="way" ref="70755758" role="forward"/>
  <member type="way" ref="1053258819" role="forward"/>
  <member type="way" ref="32727476" role="forward"/>
  <member type="way" ref="32727464" role="forward"/>
  <member type="way" ref="864646523" role="forward"/>
  <member type="way" ref="70754135" role="forward"/>
  <member type="way" ref="70754104" role="forward"/>
  <member type="way" ref="70754084" role="forward"/>
  <member type="way" ref="70754144" role="forward"/>
  <member type="way" ref="1548834001" role="forward"/>
  <member type="way" ref="1548834002" role="forward"/>
  <member type="way" ref="1192116497" role="forward"/>
  <member type="way" ref="1192116498" role="forward"/>
  <member type="way" ref="70754139" role="forward"/>
  <member type="way" ref="760849829" role="forward"/>
  <member type="way" ref="760849828" role="forward"/>
  <member type="way" ref="13265260" role="forward"/>
  <member type="way" ref="32235801" role="forward"/>
  <member type="way" ref="760849833" role="forward"/>
  <member type="way" ref="760849827" role="forward"/>
  <member type="way" ref="760849825" role="forward"/>
  <member type="way" ref="402231221" role="forward"/>
  <member type="way" ref="124550360" role="forward"/>
  <member type="way" ref="1452608965" role="forward"/>
  <member type="way" ref="1452608966" role="forward"/>
  <member type="way" ref="1452608349" role="forward"/>
  <member type="way" ref="49436381" role="forward"/>
  <member type="way" ref="608795637" role="forward"/>
  <member type="way" ref="1358908612" role="forward"/>
  <member type="way" ref="1358908613" role="forward"/>
  <member type="way" ref="119524723" role="forward"/>
  <member type="way" ref="1069909501" role="forward"/>
  <member type="way" ref="1041062702" role="forward"/>
  <member type="way" ref="28356112" role="forward"/>
  <member type="way" ref="1041419268" role="forward"/>
  <member type="way" ref="28356113" role="forward"/>
  <member type="way" ref="1041419269" role="forward"/>
  <member type="way" ref="44865503" role="forward"/>
  <member type="way" ref="1159343883" role="forward"/>
  <member type="way" ref="44865504" role="forward"/>
  <member type="way" ref="1159343882" role="forward"/>
  <member type="way" ref="44865507" role="forward"/>
  <member type="way" ref="44865510" role="forward"/>
  <member type="way" ref="44865515" role="forward"/>
  <member type="way" ref="44865512" role="forward"/>
  <member type="way" ref="13257621" role="forward"/>
  <member type="way" ref="1053345244" role="forward"/>
  <member type="way" ref="59527027" role="forward"/>
  <member type="way" ref="913409919" role="forward"/>
  <member type="way" ref="1041062703" role="forward"/>
  <member type="way" ref="1320145078" role="forward"/>
  <member type="way" ref="1041068901" role="forward"/>
  <member type="way" ref="44864585" role="forward"/>
  <member type="way" ref="1320145081" role="forward"/>
  <member type="way" ref="1320145080" role="forward"/>
  <member type="way" ref="44864586" role="forward"/>
  <member type="way" ref="44864581" role="forward"/>
  <member type="way" ref="1320151620" role="forward"/>
  <member type="way" ref="1320151621" role="forward"/>
  <member type="way" ref="1041417147" role="forward"/>
  <member type="way" ref="1041417146" role="forward"/>
  <member type="way" ref="44864584" role="forward"/>
  <member type="way" ref="1041085320" role="forward"/>
  <member type="way" ref="44864579" role="forward"/>
  <member type="way" ref="44864580" role="forward"/>
  <member type="way" ref="1041403342" role="forward"/>
  <member type="way" ref="44864033" role="forward"/>
  <member type="way" ref="44864032" role="forward"/>
  <member type="way" ref="1220413756" role="forward"/>
  <member type="way" ref="1220413757" role="forward"/>
  <member type="way" ref="1041400772" role="forward"/>
  <member type="way" ref="31018021" role="forward"/>
  <member type="way" ref="44864026" role="forward"/>
  <member type="way" ref="1041083241" role="forward"/>
  <member type="way" ref="44864020" role="forward"/>
  <member type="way" ref="44864019" role="forward"/>
  <member type="way" ref="44860196" role="forward"/>
  <member type="way" ref="1223330327" role="forward"/>
  <member type="way" ref="1223330326" role="forward"/>
  <member type="way" ref="1223330328" role="forward"/>
  <member type="way" ref="1220413755" role="forward"/>
  <member type="way" ref="44860195" role="forward"/>
  <member type="way" ref="338409889" role="forward"/>
  <member type="way" ref="1043675110" role="forward"/>
  <member type="way" ref="338409899" role="forward"/>
  <member type="way" ref="44860193" role="forward"/>
  <member type="way" ref="44860192" role="forward"/>
  <member type="way" ref="123456238" role="forward"/>
  <member type="way" ref="1342413929" role="forward"/>
  <member type="way" ref="44860184" role="forward"/>
  <member type="way" ref="44860187" role="forward"/>
  <member type="way" ref="44860183" role="forward"/>
  <member type="way" ref="1320151623" role="forward"/>
  <member type="way" ref="44860180" role="forward"/>
  <member type="way" ref="44860176" role="forward"/>
  <member type="way" ref="44860179" role="forward"/>
  <member type="way" ref="44854500" role="forward"/>
  <member type="way" ref="44854510" role="forward"/>
  <member type="way" ref="44860173" role="forward"/>
  <member type="way" ref="44860174" role="forward"/>
  <member type="way" ref="992635999" role="forward"/>
  <member type="way" ref="992636000" role="forward"/>
  <member type="way" ref="992644722" role="forward"/>
  <member type="way" ref="30657185" role="forward"/>
  <member type="way" ref="992640357" role="forward"/>
  <member type="way" ref="5004120" role="forward"/>
  <member type="way" ref="1550305595" role="forward"/>
  <member type="way" ref="1320160092" role="forward"/>
  <member type="way" ref="1320160093" role="forward"/>
  <member type="way" ref="1320160094" role="forward"/>
  <member type="way" ref="992640358" role="forward"/>
  <member type="way" ref="44804951" role="forward"/>
  <member type="way" ref="991199341" role="forward"/>
  <member type="way" ref="44804943" role="forward"/>
  <member type="way" ref="44804940" role="forward"/>
  <member type="way" ref="608795430" role="forward"/>
  <member type="way" ref="1320160091" role="forward"/>
  <member type="way" ref="34612860" role="forward"/>
  <member type="way" ref="34612859" role="forward"/>
  <member type="way" ref="1550305596" role="forward"/>
  <member type="way" ref="1072287653" role="forward"/>
  <member type="way" ref="608855569" role="forward"/>
  <member type="way" ref="1343449411" role="forward"/>
  <member type="way" ref="184371412" role="forward"/>
  <member type="way" ref="1451951133" role="forward"/>
  <member type="way" ref="184371411" role="forward"/>
  <member type="way" ref="138307342" role="forward"/>
  <member type="way" ref="1320156461" role="forward"/>
  <member type="way" ref="1320156462" role="forward"/>
  <member type="way" ref="123456242" role="forward"/>
  <member type="way" ref="1320156460" role="forward"/>
  <member type="way" ref="36052854" role="forward"/>
  <member type="way" ref="32339619" role="forward"/>
  <member type="way" ref="1320156459" role="forward"/>
  <member type="way" ref="32339616" role="forward"/>
  <member type="way" ref="1320156458" role="forward"/>
  <member type="way" ref="5364870" role="forward"/>
  <member type="way" ref="5364871" role="forward"/>
  <member type="way" ref="401669904" role="forward"/>
  <member type="way" ref="1453512622" role="forward"/>
  <member type="way" ref="124100063" role="forward"/>
  <member type="way" ref="32339401" role="forward"/>
  <member type="way" ref="32339398" role="forward"/>
  <member type="way" ref="146224101" role="forward"/>
  <member type="way" ref="1550349562" role="forward"/>
  <member type="way" ref="124100080" role="forward"/>
  <member type="way" ref="1342380632" role="forward"/>
  <member type="way" ref="77694276" role="forward"/>
  <member type="way" ref="77694250" role="forward"/>
  <member type="way" ref="32339208" role="forward"/>
  <member type="way" ref="1337697011" role="forward"/>
  <member type="way" ref="172709422" role="forward"/>
  <member type="way" ref="146224097" role="forward"/>
  <member type="way" ref="1343734482" role="forward"/>
  <member type="way" ref="866561835" role="forward"/>
  <member type="way" ref="146224104" role="forward"/>
  <member type="way" ref="1453512623" role="forward"/>
  <member type="way" ref="32339134" role="forward"/>
  <member type="way" ref="32339132" role="forward"/>
  <member type="way" ref="1453540046" role="forward"/>
  <member type="way" ref="402205533" role="forward"/>
  <member type="way" ref="862734517" role="forward"/>
  <member type="way" ref="24963679" role="forward"/>
  <member type="way" ref="402205535" role="forward"/>
  <member type="way" ref="172508733" role="forward"/>
  <member type="way" ref="402205536" role="forward"/>
  <member type="way" ref="124550369" role="forward"/>
  <member type="way" ref="760849817" role="forward"/>
  <member type="way" ref="172508734" role="forward"/>
  <member type="way" ref="760849818" role="forward"/>
  <member type="way" ref="760849821" role="forward"/>
  <member type="way" ref="172508732" role="forward"/>
  <member type="way" ref="760849823" role="forward"/>
  <member type="way" ref="402200805" role=""/>
  <member type="way" ref="402200806" role=""/>
  <member type="way" ref="402200804" role=""/>
  <member type="way" ref="402200803" role=""/>
  <member type="way" ref="401221914" role=""/>
  <member type="way" ref="401221693" role=""/>
  <member type="way" ref="401221885" role=""/>
  <member type="way" ref="401221755" role=""/>
  <member type="way" ref="401221750" role=""/>
  <member type="way" ref="401221704" role=""/>
  <member type="way" ref="132500651" role=""/>
  <member type="way" ref="401221715" role=""/>
  <member type="way" ref="401221858" role=""/>
  <member type="way" ref="401221848" role=""/>
  <member type="way" ref="401221838" role=""/>
  <member type="way" ref="401221828" role=""/>
  <member type="way" ref="132646581" role=""/>
  <member type="way" ref="401221843" role=""/>
  <member type="way" ref="401221880" role=""/>
  <member type="way" ref="401221761" role=""/>
  <member type="way" ref="401221731" role=""/>
  <member type="way" ref="401221672" role=""/>
  <member type="way" ref="51129438" role=""/>
  <member type="way" ref="401221777" role=""/>
  <member type="way" ref="674591783" role=""/>
  <member type="way" ref="401221804" role=""/>
  <member type="way" ref="401221813" role=""/>
  <member type="way" ref="401221710" role=""/>
  <member type="way" ref="401221661" role=""/>
  <member type="way" ref="401221683" role=""/>
  <member type="way" ref="401221853" role=""/>
  <member type="way" ref="401221895" role=""/>
  <member type="way" ref="401221792" role=""/>
  <member type="way" ref="401221771" role=""/>
  <member type="way" ref="401221797" role=""/>
  <member type="way" ref="401221687" role=""/>
  <member type="way" ref="401221823" role=""/>
  <member type="way" ref="401221782" role=""/>
  <member type="way" ref="401221735" role=""/>
  <member type="way" ref="186245303" role=""/>
  <member type="way" ref="401221890" role=""/>
  <member type="way" ref="401221740" role=""/>
  <member type="way" ref="401221909" role=""/>
  <member type="way" ref="401221766" role=""/>
  <member type="way" ref="401221726" role=""/>
  <member type="way" ref="1132768930" role=""/>
  <member type="way" ref="606514838" role=""/>
  <member type="way" ref="375889930" role=""/>
  <member type="way" ref="375889931" role="forward"/>
  <member type="way" ref="375889931" role="forward"/>
  <member type="way" ref="606514838" role=""/>
  <member type="way" ref="1132768930" role=""/>
  <member type="way" ref="401221726" role=""/>
  <member type="way" ref="401221766" role=""/>
  <member type="way" ref="32677306" role=""/>
  <member type="way" ref="401258356" role=""/>
  <member type="way" ref="401258336" role=""/>
  <member type="way" ref="401258349" role=""/>
  <member type="way" ref="401258353" role=""/>
  <member type="way" ref="401258351" role=""/>
  <member type="way" ref="401258347" role=""/>
  <member type="way" ref="401258332" role=""/>
  <member type="way" ref="401258334" role=""/>
  <member type="way" ref="137063170" role=""/>
  <member type="way" ref="602573342" role=""/>
  <member type="way" ref="401253493" role=""/>
  <member type="way" ref="668361016" role=""/>
  <member type="way" ref="401253496" role=""/>
  <member type="way" ref="985472981" role=""/>
  <member type="way" ref="401253503" role=""/>
  <member type="way" ref="401253494" role=""/>
  <member type="way" ref="749431691" role=""/>
  <member type="way" ref="401253501" role=""/>
  <member type="way" ref="401253498" role=""/>
  <member type="way" ref="401253492" role=""/>
  <member type="way" ref="401253502" role=""/>
  <member type="way" ref="401253500" role=""/>
  <member type="way" ref="401253497" role=""/>
  <member type="way" ref="401253499" role=""/>
  <member type="way" ref="401253495" role=""/>
  <member type="way" ref="401097364" role=""/>
  <member type="way" ref="401097358" role=""/>
  <member type="way" ref="401097366" role=""/>
  <member type="way" ref="401097367" role=""/>
  <member type="way" ref="401097373" role=""/>
  <member type="way" ref="137063169" role=""/>
  <member type="way" ref="401097361" role=""/>
  <member type="way" ref="401097354" role=""/>
  <member type="way" ref="401097369" role=""/>
  <member type="way" ref="401097360" role=""/>
  <member type="way" ref="401097357" role=""/>
  <member type="way" ref="401097362" role=""/>
  <member type="way" ref="401097365" role=""/>
  <member type="way" ref="401097371" role=""/>
  <member type="way" ref="401097363" role=""/>
  <member type="way" ref="401075327" role=""/>
  <member type="way" ref="401075341" role=""/>
  <member type="way" ref="401075314" role=""/>
  <member type="way" ref="401075312" role=""/>
  <member type="way" ref="122211814" role="forward"/>
  <member type="way" ref="401075351" role="forward"/>
  <member type="way" ref="401075315" role=""/>
  <member type="way" ref="401075335" role=""/>
  <member type="way" ref="401075317" role=""/>
  <member type="way" ref="401075321" role=""/>
  <member type="way" ref="401075338" role=""/>
  <member type="way" ref="401075329" role=""/>
  <member type="way" ref="401075339" role=""/>
  <member type="way" ref="399315546" role=""/>
  <member type="way" ref="399315550" role=""/>
  <member type="way" ref="399315534" role=""/>
  <member type="way" ref="399315549" role=""/>
  <member type="way" ref="399315541" role=""/>
  <member type="way" ref="399315528" role=""/>
  <member type="way" ref="399315529" role=""/>
  <member type="way" ref="399315553" role=""/>
  <member type="way" ref="399315547" role=""/>
  <member type="way" ref="399315540" role=""/>
  <member type="way" ref="399315538" role=""/>
  <member type="way" ref="399315535" role=""/>
  <member type="way" ref="399315544" role=""/>
  <member type="way" ref="399315539" role=""/>
  <member type="way" ref="399315552" role=""/>
  <member type="way" ref="399315532" role=""/>
  <member type="way" ref="1087231483" role=""/>
  <member type="way" ref="32491990" role=""/>
  <member type="way" ref="1087231482" role=""/>
  <member type="way" ref="399315536" role=""/>
  <member type="way" ref="399315531" role=""/>
  <member type="way" ref="399315543" role=""/>
  <member type="way" ref="1364763120" role=""/>
  <member type="way" ref="399315537" role=""/>
  <member type="way" ref="399315551" role=""/>
  <member type="way" ref="399315545" role=""/>
  <member type="way" ref="399315548" role=""/>
  <member type="way" ref="399315533" role=""/>
  <member type="way" ref="399315542" role=""/>
  <member type="way" ref="399315530" role=""/>
  <member type="way" ref="399326929" role=""/>
  <member type="way" ref="399326927" role=""/>
  <member type="way" ref="399326933" role=""/>
  <member type="way" ref="399326924" role=""/>
  <member type="way" ref="399326931" role=""/>
  <member type="way" ref="399326930" role=""/>
  <member type="way" ref="399326920" role=""/>
  <member type="way" ref="399326926" role=""/>
  <member type="way" ref="32491993" role=""/>
  <member type="way" ref="399326925" role=""/>
  <member type="way" ref="1071976808" role=""/>
  <member type="way" ref="399326921" role=""/>
  <member type="way" ref="997149036" role=""/>
  <member type="way" ref="399326923" role=""/>
  <member type="way" ref="399326922" role=""/>
  <member type="way" ref="399326928" role=""/>
  <member type="way" ref="399326932" role=""/>
  <member type="way" ref="401419723" role=""/>
  <member type="way" ref="401419716" role=""/>
  <member type="way" ref="401419706" role=""/>
  <member type="way" ref="137062257" role=""/>
  <member type="way" ref="401419712" role=""/>
  <member type="way" ref="401419715" role=""/>
  <member type="way" ref="172300433" role=""/>
  <member type="way" ref="401419714" role=""/>
  <member type="way" ref="401419709" role=""/>
  <member type="way" ref="401419708" role=""/>
  <member type="way" ref="1364204450" role=""/>
  <member type="way" ref="401419726" role=""/>
  <member type="way" ref="401419721" role=""/>
  <member type="way" ref="401419718" role=""/>
  <member type="way" ref="401419717" role=""/>
  <member type="way" ref="401419710" role=""/>
  <member type="way" ref="713695027" role=""/>
  <member type="way" ref="132662020" role=""/>
  <member type="way" ref="401419713" role=""/>
  <member type="way" ref="401419727" role=""/>
  <member type="way" ref="401425147" role=""/>
  <member type="way" ref="401425138" role=""/>
  <member type="way" ref="401425156" role=""/>
  <member type="way" ref="401425129" role=""/>
  <member type="way" ref="401425178" role=""/>
  <member type="way" ref="401425159" role=""/>
  <member type="way" ref="401425114" role=""/>
  <member type="way" ref="401425196" role=""/>
  <member type="way" ref="1300750191" role=""/>
  <member type="way" ref="401425117" role=""/>
  <member type="way" ref="401425169" role=""/>
  <member type="way" ref="137728761" role="forward"/>
  <member type="way" ref="401295018" role="forward"/>
  <member type="way" ref="401295012" role="forward"/>
  <member type="way" ref="401295001" role="forward"/>
  <member type="way" ref="401295022" role="forward"/>
  <member type="way" ref="401295021" role="forward"/>
  <member type="way" ref="1477385967" role="forward"/>
  <member type="way" ref="401295026" role="forward"/>
  <member type="way" ref="1036708836" role="forward"/>
  <member type="way" ref="401295024" role="forward"/>
  <member type="way" ref="1098469920" role="forward"/>
  <member type="way" ref="401295028" role="forward"/>
  <member type="way" ref="401294981" role="forward"/>
  <member type="way" ref="401295016" role="forward"/>
  <member type="way" ref="137728765" role="forward"/>
  <member type="way" ref="401295017" role="forward"/>
  <member type="way" ref="137728767" role="forward"/>
  <member type="way" ref="401295014" role="forward"/>
  <member type="way" ref="401295019" role="forward"/>
  <member type="way" ref="137728764" role="forward"/>
  <member type="way" ref="401294997" role="forward"/>
  <member type="way" ref="401294993" role="forward"/>
  <member type="way" ref="137728768" role="forward"/>
  <member type="way" ref="398102871" role="forward"/>
  <member type="way" ref="1028986719" role="forward"/>
  <member type="way" ref="137728762" role="forward"/>
  <member type="way" ref="401295007" role="forward"/>
  <member type="way" ref="401295020" role="forward"/>
  <member type="way" ref="401295004" role="forward"/>
  <member type="way" ref="401295011" role="forward"/>
  <member type="way" ref="401295027" role="forward"/>
  <member type="way" ref="1036708833" role="forward"/>
  <member type="way" ref="1036708835" role="forward"/>
  <member type="way" ref="401294984" role="forward"/>
  <member type="way" ref="401291356" role=""/>
  <member type="way" ref="401291353" role=""/>
  <member type="way" ref="13305291" role=""/>
  <member type="way" ref="401291358" role=""/>
  <member type="way" ref="401419729" role=""/>
  <member type="way" ref="401419711" role=""/>
  <member type="way" ref="401419719" role=""/>
  <member type="way" ref="401293523" role=""/>
  <member type="way" ref="1036296013" role=""/>
  <member type="way" ref="172234002" role=""/>
  <member type="way" ref="401293526" role=""/>
  <member type="way" ref="401293528" role=""/>
  <member type="way" ref="653165165" role=""/>
  <member type="way" ref="964929283" role=""/>
  <member type="way" ref="401293525" role=""/>
  <member type="way" ref="401293524" role=""/>
  <member type="way" ref="401293522" role=""/>
  <member type="way" ref="401293521" role=""/>
  <member type="way" ref="401293527" role=""/>
  <member type="way" ref="401428857" role=""/>
  <member type="way" ref="401428847" role=""/>
  <member type="way" ref="401428858" role=""/>
  <member type="way" ref="401428856" role=""/>
  <member type="way" ref="401428837" role=""/>
  <member type="way" ref="401428855" role=""/>
  <member type="way" ref="401428836" role=""/>
  <member type="way" ref="401428854" role=""/>
  <member type="way" ref="401428833" role=""/>
  <member type="way" ref="401428850" role=""/>
  <member type="way" ref="401428848" role=""/>
  <member type="way" ref="1133828009" role=""/>
  <member type="way" ref="401428845" role=""/>
  <member type="way" ref="185720567" role="forward"/>
  <member type="way" ref="551025093" role="forward"/>
  <member type="way" ref="551025094" role=""/>
  <member type="way" ref="401428835" role=""/>
  <member type="way" ref="998728916" role=""/>
  <member type="way" ref="401463799" role=""/>
  <member type="way" ref="401428832" role=""/>
  <member type="way" ref="1071876020" role=""/>
  <member type="way" ref="1071876019" role=""/>
  <member type="way" ref="401463795" role=""/>
  <member type="way" ref="405144648" role=""/>
  <member type="way" ref="401463796" role=""/>
  <member type="way" ref="401463793" role=""/>
  <member type="way" ref="1372004645" role=""/>
  <member type="way" ref="1372004646" role=""/>
  <member type="way" ref="401463803" role=""/>
  <member type="way" ref="401463792" role=""/>
  <member type="way" ref="401463805" role=""/>
  <member type="way" ref="401463797" role=""/>
  <member type="way" ref="401463804" role="forward"/>
  <member type="way" ref="401463800" role="forward"/>
  <member type="way" ref="401463801" role="forward"/>
  <member type="way" ref="1417991084" role="forward"/>
  <member type="way" ref="401463802" role="forward"/>
  <member type="way" ref="401463794" role="forward"/>
  <member type="way" ref="401467934" role=""/>
  <member type="way" ref="401467926" role=""/>
  <member type="way" ref="401467922" role=""/>
  <member type="way" ref="401467924" role=""/>
  <member type="way" ref="401467930" role=""/>
  <member type="way" ref="401467925" role=""/>
  <member type="way" ref="401467929" role=""/>
  <member type="way" ref="401467933" role=""/>
  <member type="way" ref="401467938" role=""/>
  <member type="way" ref="724273854" role=""/>
  <member type="way" ref="724273855" role=""/>
  <member type="way" ref="724273856" role=""/>
  <member type="way" ref="401467935" role=""/>
  <member type="way" ref="401467937" role=""/>
  <member type="way" ref="401467928" role=""/>
  <member type="way" ref="401467927" role=""/>
  <member type="way" ref="1072267859" role=""/>
  <member type="way" ref="401467939" role=""/>
  <member type="way" ref="1072267860" role=""/>
  <member type="way" ref="405170562" role=""/>
  <member type="way" ref="405170564" role=""/>
  <member type="way" ref="401467931" role=""/>
  <member type="way" ref="401467923" role=""/>
  <member type="way" ref="1036461615" role=""/>
  <member type="way" ref="401467932" role=""/>
  <member type="way" ref="724041729" role=""/>
  <member type="way" ref="401467940" role=""/>
  <member type="way" ref="401467936" role=""/>
  <member type="way" ref="401470237" role=""/>
  <member type="way" ref="401470228" role=""/>
  <member type="way" ref="401470193" role=""/>
  <member type="way" ref="401470201" role=""/>
  <member type="way" ref="401470150" role=""/>
  <member type="way" ref="401470176" role=""/>
  <member type="way" ref="401470172" role=""/>
  <member type="way" ref="401470205" role=""/>
  <member type="way" ref="401470147" role=""/>
  <member type="way" ref="401470242" role=""/>
  <member type="way" ref="401470185" role=""/>
  <member type="way" ref="401470149" role=""/>
  <member type="way" ref="401470153" role=""/>
  <member type="way" ref="795141228" role=""/>
  <member type="way" ref="796724637" role=""/>
  <member type="way" ref="796724636" role=""/>
  <member type="way" ref="184371447" role="forward"/>
  <member type="way" ref="1223326570" role="forward"/>
  <member type="way" ref="916493157" role="forward"/>
  <member type="way" ref="608795499" role=""/>
  <member type="way" ref="179173105" role=""/>
  <member type="way" ref="179173110" role=""/>
  <member type="way" ref="1359300761" role=""/>
  <member type="way" ref="1223326569" role=""/>
  <tag k="fixme" v="verify route details"/>
  <tag k="name" v="AVTA 787"/>
  <tag k="network" v="Antelope Valley Transit Authority"/>
  <tag k="network:short" v="AVTA"/>
  <tag k="network:wikidata" v="Q4771209"/>
  <tag k="network:wikipedia" v="en:Antelope Valley Transit Authority"/>
  <tag k="operator" v="Transdev"/>
  <tag k="ref" v="787"/>
  <tag k="route" v="bus"/>
  <tag k="type" v="route"/>
 </relation>
 <relation id="8456196" visible="true" version="114" changeset="187589532" timestamp="2026-08-17T13:51:16Z" user="Archi_Ma" uid="19688405">
  <member type="way" ref="1393158125" role="forward"/>
  <member type="way" ref="78179133" role="forward"/>
  <member type="way" ref="13428420" role="forward"/>
  <member type="way" ref="608826398" role=""/>
  <member type="way" ref="608826398" role="backward"/>
  <member type="way" ref="13442301" role="forward"/>
  <member type="way" ref="1488543007" role="forward"/>
  <member type="way" ref="1036488796" role="forward"/>
  <member type="way" ref="609004378" role="forward"/>
  <member type="way" ref="609004372" role="forward"/>
  <member type="way" ref="237272070" role="forward"/>
  <member type="way" ref="351272883" role="forward"/>
  <member type="way" ref="1523580034" role="forward"/>
  <member type="way" ref="1523580038" role="forward"/>
  <member type="way" ref="1523580037" role="forward"/>
  <member type="way" ref="1036488795" role="forward"/>
  <member type="way" ref="637009454" role="forward"/>
  <member type="way" ref="637009453" role="forward"/>
  <member type="way" ref="237272069" role="forward"/>
  <member type="way" ref="608855567" role=""/>
  <member type="way" ref="637009455" role=""/>
  <member type="way" ref="637009452" role=""/>
  <member type="way" ref="351274243" role=""/>
  <member type="way" ref="608855549" role="forward"/>
  <member type="way" ref="608855568" role="forward"/>
  <member type="way" ref="77711296" role="forward"/>
  <member type="way" ref="188427963" role="forward"/>
  <member type="way" ref="608826479" role="forward"/>
  <member type="way" ref="1106480834" role="forward"/>
  <member type="way" ref="1106480835" role="forward"/>
  <member type="way" ref="1106480836" role="forward"/>
  <member type="way" ref="1106698665" role="forward"/>
  <member type="way" ref="1106698666" role="forward"/>
  <member type="way" ref="1065539324" role="forward"/>
  <member type="way" ref="608795411" role="forward"/>
  <member type="way" ref="608795408" role="forward"/>
  <member type="way" ref="608795412" role="forward"/>
  <member type="way" ref="608795414" role="forward"/>
  <member type="way" ref="608826517" role="backward"/>
  <member type="way" ref="608826514" role="forward"/>
  <member type="way" ref="1073056476" role="forward"/>
  <member type="way" ref="1073056475" role="forward"/>
  <member type="way" ref="1065539325" role="forward"/>
  <member type="way" ref="608826484" role="forward"/>
  <member type="way" ref="1106480828" role="forward"/>
  <member type="way" ref="1106480827" role="forward"/>
  <member type="way" ref="608826480" role="forward"/>
  <member type="way" ref="351274239" role="forward"/>
  <member type="way" ref="608855551" role="forward"/>
  <member type="way" ref="351274232" role="forward"/>
  <member type="way" ref="608795414" role="forward"/>
  <member type="way" ref="608795412" role="forward"/>
  <member type="way" ref="608795408" role="forward"/>
  <member type="way" ref="608795415" role="forward"/>
  <member type="way" ref="608826517" role=""/>
  <member type="way" ref="608826514" role="forward"/>
  <member type="way" ref="1073056476" role="forward"/>
  <member type="way" ref="1073056475" role="forward"/>
  <member type="way" ref="1065539325" role="forward"/>
  <member type="way" ref="1475940355" role="forward"/>
  <member type="way" ref="1475940354" role="forward"/>
  <member type="way" ref="352413659" role="forward"/>
  <member type="way" ref="1008823888" role="forward"/>
  <member type="way" ref="608795416" role="forward"/>
  <member type="way" ref="1481013054" role="forward"/>
  <member type="way" ref="1158126231" role="forward"/>
  <member type="way" ref="1158126232" role="forward"/>
  <member type="way" ref="1158126233" role="forward"/>
  <member type="way" ref="1158126235" role="forward"/>
  <member type="way" ref="1158126236" role="forward"/>
  <member type="way" ref="1158126238" role="forward"/>
  <member type="way" ref="1158126245" role="forward"/>
  <member type="way" ref="1158126239" role="forward"/>
  <member type="way" ref="1158126241" role="forward"/>
  <member type="way" ref="1158126242" role="forward"/>
  <member type="way" ref="1158126244" role="forward"/>
  <member type="way" ref="188248987" role="forward"/>
  <member type="way" ref="1106698662" role="forward"/>
  <member type="way" ref="1106698663" role="forward"/>
  <member type="way" ref="608826465" role="forward"/>
  <member type="way" ref="608795407" role="forward"/>
  <member type="way" ref="608826516" role="forward"/>
  <member type="way" ref="1072395786" role=""/>
  <member type="way" ref="1072964750" role=""/>
  <member type="way" ref="13353551" role=""/>
  <member type="way" ref="1175613419" role=""/>
  <member type="way" ref="1175613420" role=""/>
  <member type="way" ref="1072395787" role=""/>
  <member type="way" ref="941711340" role=""/>
  <member type="way" ref="1305759104" role=""/>
  <member type="way" ref="383209603" role=""/>
  <member type="way" ref="383209602" role=""/>
  <member type="way" ref="383209600" role=""/>
  <member type="way" ref="383209601" role=""/>
  <member type="way" ref="1077873475" role="forward"/>
  <member type="way" ref="181327398" role="forward"/>
  <member type="way" ref="1077873477" role="forward"/>
  <member type="way" ref="1077873478" role="forward"/>
  <member type="way" ref="1077873476" role="forward"/>
  <member type="way" ref="1077873480" role="forward"/>
  <member type="way" ref="186955360" role="forward"/>
  <member type="way" ref="636634419" role="forward"/>
  <member type="way" ref="636634418" role="forward"/>
  <member type="way" ref="636634425" role="forward"/>
  <member type="way" ref="636634423" role="forward"/>
  <member type="way" ref="636634432" role="forward"/>
  <member type="way" ref="636634429" role="forward"/>
  <member type="way" ref="636634431" role="forward"/>
  <member type="way" ref="608795420" role="forward"/>
  <member type="way" ref="636634440" role="forward"/>
  <member type="way" ref="636634438" role="forward"/>
  <member type="way" ref="636634452" role="forward"/>
  <member type="way" ref="636634451" role="forward"/>
  <member type="way" ref="636634450" role="forward"/>
  <member type="way" ref="636634448" role="forward"/>
  <member type="way" ref="636634445" role="forward"/>
  <member type="way" ref="636634441" role="forward"/>
  <member type="way" ref="351509854" role="forward"/>
  <member type="way" ref="636634437" role="forward"/>
  <member type="way" ref="636634436" role="forward"/>
  <member type="way" ref="636634435" role="forward"/>
  <member type="way" ref="608855548" role="forward"/>
  <member type="way" ref="636634427" role="forward"/>
  <member type="way" ref="636634426" role="forward"/>
  <member type="way" ref="636634420" role="forward"/>
  <member type="way" ref="723500512" role="forward"/>
  <member type="way" ref="636634417" role="forward"/>
  <member type="way" ref="636634415" role="forward"/>
  <member type="way" ref="181327402" role="forward"/>
  <member type="way" ref="636634414" role="forward"/>
  <member type="way" ref="608826403" role="forward"/>
  <member type="way" ref="608795425" role="forward"/>
  <member type="way" ref="1307469937" role=""/>
  <member type="way" ref="608795424" role=""/>
  <member type="way" ref="636634516" role=""/>
  <member type="way" ref="551258303" role=""/>
  <member type="way" ref="636634517" role=""/>
  <member type="way" ref="636634518" role=""/>
  <member type="way" ref="608183178" role=""/>
  <member type="way" ref="636634520" role=""/>
  <member type="way" ref="636634521" role=""/>
  <member type="way" ref="878013055" role=""/>
  <member type="way" ref="1218947051" role=""/>
  <member type="way" ref="1218947053" role=""/>
  <member type="way" ref="636634568" role=""/>
  <member type="way" ref="636634527" role=""/>
  <member type="way" ref="636634529" role=""/>
  <member type="way" ref="1475946840" role=""/>
  <member type="way" ref="636634536" role=""/>
  <member type="way" ref="636634537" role=""/>
  <member type="way" ref="848248722" role=""/>
  <member type="way" ref="966206774" role=""/>
  <member type="way" ref="178029436" role=""/>
  <member type="way" ref="636634543" role=""/>
  <member type="way" ref="636634544" role=""/>
  <member type="way" ref="636634549" role=""/>
  <member type="way" ref="636634550" role=""/>
  <member type="way" ref="1008823890" role=""/>
  <member type="way" ref="1008823889" role=""/>
  <member type="way" ref="636634557" role=""/>
  <member type="way" ref="1066325546" role=""/>
  <member type="way" ref="636634571" role=""/>
  <member type="way" ref="177725263" role=""/>
  <member type="way" ref="299575877" role="forward"/>
  <member type="way" ref="34612852" role="forward"/>
  <member type="way" ref="123456237" role="forward"/>
  <member type="way" ref="184371409" role="forward"/>
  <member type="way" ref="184371408" role="forward"/>
  <member type="way" ref="1453308370" role="forward"/>
  <member type="way" ref="1320151634" role="forward"/>
  <member type="way" ref="1320156455" role="forward"/>
  <member type="way" ref="138307341" role="forward"/>
  <member type="way" ref="1320156454" role="forward"/>
  <member type="way" ref="173153618" role="forward"/>
  <member type="way" ref="1320156456" role="forward"/>
  <member type="way" ref="32339488" role="forward"/>
  <member type="way" ref="32339479" role="forward"/>
  <member type="way" ref="32339461" role="forward"/>
  <member type="way" ref="866966639" role="forward"/>
  <member type="way" ref="146224088" role="forward"/>
  <member type="way" ref="124100074" role="forward"/>
  <member type="way" ref="1358559233" role="forward"/>
  <member type="way" ref="32339397" role="forward"/>
  <member type="way" ref="124100083" role="forward"/>
  <member type="way" ref="32339203" role="forward"/>
  <member type="way" ref="24963159" role="forward"/>
  <member type="way" ref="172586592" role="forward"/>
  <member type="way" ref="1012362901" role="forward"/>
  <member type="way" ref="1453313973" role="forward"/>
  <member type="way" ref="1012362900" role="forward"/>
  <member type="way" ref="172586591" role="forward"/>
  <member type="way" ref="32339135" role="forward"/>
  <member type="way" ref="32339136" role="forward"/>
  <member type="way" ref="402202196" role="forward"/>
  <member type="way" ref="146227274" role="forward"/>
  <member type="way" ref="5366278" role="forward"/>
  <member type="way" ref="402202198" role="forward"/>
  <member type="way" ref="4390906" role="forward"/>
  <member type="way" ref="138307378" role="forward"/>
  <member type="way" ref="402225208" role="forward"/>
  <member type="way" ref="124550368" role="forward"/>
  <member type="way" ref="49436424" role="forward"/>
  <member type="way" ref="761380501" role="forward"/>
  <member type="way" ref="761380500" role="forward"/>
  <member type="way" ref="1548762911" role="forward"/>
  <member type="way" ref="49436422" role="forward"/>
  <member type="way" ref="761380495" role="forward"/>
  <member type="way" ref="1453505292" role="forward"/>
  <member type="way" ref="1548764214" role="forward"/>
  <member type="way" ref="761380496" role="forward"/>
  <member type="way" ref="761380490" role="forward"/>
  <member type="way" ref="13263880" role="forward"/>
  <member type="way" ref="761380489" role="forward"/>
  <member type="way" ref="761380488" role="forward"/>
  <member type="way" ref="24969238" role="forward"/>
  <member type="way" ref="1192116499" role="forward"/>
  <member type="way" ref="70754151" role="forward"/>
  <member type="way" ref="980834938" role="forward"/>
  <member type="way" ref="70754122" role="forward"/>
  <member type="way" ref="70754176" role="forward"/>
  <member type="way" ref="70754110" role="forward"/>
  <member type="way" ref="70754155" role="forward"/>
  <member type="way" ref="980853412" role="forward"/>
  <member type="way" ref="32727471" role="forward"/>
  <member type="way" ref="1453291682" role="forward"/>
  <member type="way" ref="32727484" role="forward"/>
  <member type="way" ref="70755759" role="forward"/>
  <member type="way" ref="70755762" role="forward"/>
  <member type="way" ref="1343451397" role="forward"/>
  <member type="way" ref="121715907" role="forward"/>
  <member type="way" ref="1453291683" role="forward"/>
  <member type="way" ref="1453294126" role="forward"/>
  <member type="way" ref="4425259" role="forward"/>
  <member type="way" ref="608795433" role="forward"/>
  <member type="way" ref="1548844219" role="forward"/>
  <member type="way" ref="121775088" role="forward"/>
  <member type="way" ref="121775083" role="forward"/>
  <member type="way" ref="860951641" role="forward"/>
  <member type="way" ref="860951640" role="forward"/>
  <member type="way" ref="121869966" role="forward"/>
  <member type="way" ref="70758528" role="forward"/>
  <member type="way" ref="70758497" role="forward"/>
  <member type="way" ref="606851129" role="forward"/>
  <member type="way" ref="606851128" role="forward"/>
  <member type="way" ref="121869958" role="forward"/>
  <member type="way" ref="862450736" role="forward"/>
  <member type="way" ref="401486160" role="forward"/>
  <member type="way" ref="1025092995" role="forward"/>
  <member type="way" ref="13272440" role="forward"/>
  <member type="way" ref="995555828" role="forward"/>
  <member type="way" ref="122211808" role="forward"/>
  <member type="way" ref="122211812" role="forward"/>
  <member type="way" ref="401489856" role="forward"/>
  <member type="way" ref="401489853" role="forward"/>
  <member type="way" ref="401486147" role="forward"/>
  <member type="way" ref="1027617048" role="forward"/>
  <member type="way" ref="122211834" role="forward"/>
  <member type="way" ref="608855543" role="forward"/>
  <member type="way" ref="121869965" role="forward"/>
  <member type="way" ref="608795431" role="forward"/>
  <member type="way" ref="34612870" role="forward"/>
  <member type="way" ref="34612869" role="forward"/>
  <member type="way" ref="970346751" role="forward"/>
  <member type="way" ref="13270797" role="forward"/>
  <member type="way" ref="1343449411" role="forward"/>
  <member type="way" ref="184371412" role="forward"/>
  <member type="way" ref="1451951133" role="forward"/>
  <member type="way" ref="184371411" role="forward"/>
  <member type="way" ref="138307342" role="forward"/>
  <member type="way" ref="1320156461" role="forward"/>
  <member type="way" ref="1320156462" role="forward"/>
  <member type="way" ref="123456242" role="forward"/>
  <member type="way" ref="1320156460" role="forward"/>
  <member type="way" ref="36052854" role="forward"/>
  <member type="way" ref="32339619" role="forward"/>
  <member type="way" ref="1320156459" role="forward"/>
  <member type="way" ref="32339616" role="forward"/>
  <member type="way" ref="1320156458" role="forward"/>
  <member type="way" ref="5364870" role="forward"/>
  <member type="way" ref="5364871" role="forward"/>
  <member type="way" ref="401669904" role="forward"/>
  <member type="way" ref="1453512622" role="forward"/>
  <member type="way" ref="124100063" role="forward"/>
  <member type="way" ref="32339401" role="forward"/>
  <member type="way" ref="32339398" role="forward"/>
  <member type="way" ref="146224101" role="forward"/>
  <member type="way" ref="1550349562" role="forward"/>
  <member type="way" ref="124100080" role="forward"/>
  <member type="way" ref="1342380632" role="forward"/>
  <member type="way" ref="77694276" role="forward"/>
  <member type="way" ref="77694250" role="forward"/>
  <member type="way" ref="32339208" role="forward"/>
  <member type="way" ref="1337697011" role="forward"/>
  <member type="way" ref="172709422" role="forward"/>
  <member type="way" ref="146224097" role="forward"/>
  <member type="way" ref="1343734482" role="forward"/>
  <member type="way" ref="866561835" role="forward"/>
  <member type="way" ref="146224104" role="forward"/>
  <member type="way" ref="1453512623" role="forward"/>
  <member type="way" ref="32339134" role="forward"/>
  <member type="way" ref="32339132" role="forward"/>
  <member type="way" ref="1453540046" role="forward"/>
  <member type="way" ref="402205533" role="forward"/>
  <member type="way" ref="862734517" role="forward"/>
  <member type="way" ref="24963679" role="forward"/>
  <member type="way" ref="402205535" role="forward"/>
  <member type="way" ref="172508733" role="forward"/>
  <member type="way" ref="402205536" role="forward"/>
  <member type="way" ref="124550369" role="forward"/>
  <member type="way" ref="760849817" role="forward"/>
  <member type="way" ref="172508734" role="forward"/>
  <member type="way" ref="760849818" role="forward"/>
  <member type="way" ref="760849821" role="forward"/>
  <member type="way" ref="172508732" role="forward"/>
  <member type="way" ref="760849823" role="forward"/>
  <member type="way" ref="49436381" role="forward"/>
  <member type="way" ref="1452608349" role="forward"/>
  <member type="way" ref="1452608966" role="forward"/>
  <member type="way" ref="1452608965" role="forward"/>
  <member type="way" ref="124550360" role="forward"/>
  <member type="way" ref="402231221" role="forward"/>
  <member type="way" ref="760849825" role="forward"/>
  <member type="way" ref="760849827" role="forward"/>
  <member type="way" ref="760849833" role="forward"/>
  <member type="way" ref="32235801" role="forward"/>
  <member type="way" ref="13265260" role="forward"/>
  <member type="way" ref="760849828" role="forward"/>
  <member type="way" ref="760849829" role="forward"/>
  <member type="way" ref="70754139" role="forward"/>
  <member type="way" ref="1192116498" role="forward"/>
  <member type="way" ref="1192116497" role="forward"/>
  <member type="way" ref="1548834002" role="forward"/>
  <member type="way" ref="1548834001" role="forward"/>
  <member type="way" ref="70754144" role="forward"/>
  <member type="way" ref="70754084" role="forward"/>
  <member type="way" ref="70754104" role="forward"/>
  <member type="way" ref="70754135" role="forward"/>
  <member type="way" ref="864646523" role="forward"/>
  <member type="way" ref="32727464" role="forward"/>
  <member type="way" ref="32727476" role="forward"/>
  <member type="way" ref="1053258819" role="forward"/>
  <member type="way" ref="70755758" role="forward"/>
  <member type="way" ref="70755760" role="forward"/>
  <member type="way" ref="27123791" role="forward"/>
  <member type="way" ref="123561845" role="forward"/>
  <member type="way" ref="121715846" role="forward"/>
  <member type="way" ref="121715903" role="forward"/>
  <member type="way" ref="1453320559" role="forward"/>
  <member type="way" ref="864658057" role="forward"/>
  <member type="way" ref="121775084" role="forward"/>
  <member type="way" ref="608795432" role="forward"/>
  <member type="way" ref="121775087" role="forward"/>
  <member type="way" ref="863041524" role="forward"/>
  <member type="way" ref="863041525" role="forward"/>
  <member type="way" ref="70758511" role="forward"/>
  <member type="way" ref="70758507" role="forward"/>
  <member type="way" ref="1453560768" role="forward"/>
  <member type="way" ref="121869973" role="forward"/>
  <member type="way" ref="863698761" role="forward"/>
  <member type="way" ref="866575023" role="forward"/>
  <member type="way" ref="866575022" role="forward"/>
  <member type="way" ref="122211813" role=""/>
  <member type="way" ref="401489855" role=""/>
  <member type="way" ref="401489854" role=""/>
  <member type="way" ref="1221980728" role=""/>
  <member type="way" ref="401075358" role=""/>
  <member type="way" ref="401075346" role=""/>
  <member type="way" ref="401075344" role=""/>
  <member type="way" ref="1364951597" role=""/>
  <member type="way" ref="401075316" role=""/>
  <member type="way" ref="401075347" role=""/>
  <member type="way" ref="652245501" role=""/>
  <member type="way" ref="401075323" role=""/>
  <member type="way" ref="401075330" role=""/>
  <member type="way" ref="401075325" role=""/>
  <member type="way" ref="401075354" role=""/>
  <member type="way" ref="1369111934" role=""/>
  <member type="way" ref="1041992455" role=""/>
  <member type="way" ref="401075345" role=""/>
  <member type="way" ref="1369111935" role=""/>
  <member type="way" ref="401075311" role=""/>
  <member type="way" ref="401075320" role=""/>
  <member type="way" ref="401075313" role=""/>
  <member type="way" ref="401075326" role=""/>
  <member type="way" ref="401075319" role=""/>
  <member type="way" ref="401075340" role=""/>
  <member type="way" ref="401075336" role=""/>
  <member type="way" ref="401075322" role=""/>
  <member type="way" ref="401075334" role=""/>
  <member type="way" ref="401075318" role=""/>
  <member type="way" ref="401075324" role=""/>
  <member type="way" ref="401075337" role=""/>
  <member type="way" ref="401075332" role=""/>
  <member type="way" ref="401075342" role=""/>
  <member type="way" ref="401075328" role=""/>
  <member type="way" ref="401075343" role=""/>
  <member type="way" ref="401075333" role=""/>
  <member type="way" ref="401075327" role=""/>
  <member type="way" ref="401075341" role=""/>
  <member type="way" ref="401075314" role=""/>
  <member type="way" ref="401075312" role=""/>
  <member type="way" ref="122211814" role="forward"/>
  <member type="way" ref="401075351" role="forward"/>
  <member type="way" ref="401075315" role=""/>
  <member type="way" ref="401075335" role=""/>
  <member type="way" ref="401075317" role=""/>
  <member type="way" ref="401075321" role=""/>
  <member type="way" ref="401075338" role=""/>
  <member type="way" ref="401075329" role=""/>
  <member type="way" ref="401075339" role=""/>
  <member type="way" ref="399315546" role=""/>
  <member type="way" ref="399315550" role=""/>
  <member type="way" ref="399315534" role=""/>
  <member type="way" ref="399315549" role=""/>
  <member type="way" ref="399315541" role=""/>
  <member type="way" ref="399315528" role=""/>
  <member type="way" ref="399315529" role=""/>
  <member type="way" ref="399315553" role=""/>
  <member type="way" ref="399315547" role=""/>
  <member type="way" ref="399315540" role=""/>
  <member type="way" ref="399315538" role=""/>
  <member type="way" ref="399315535" role=""/>
  <member type="way" ref="399315544" role=""/>
  <member type="way" ref="399315539" role=""/>
  <member type="way" ref="399315552" role=""/>
  <member type="way" ref="399315532" role=""/>
  <member type="way" ref="1087231483" role=""/>
  <member type="way" ref="32491990" role=""/>
  <member type="way" ref="1087231482" role=""/>
  <member type="way" ref="399315536" role=""/>
  <member type="way" ref="399315531" role=""/>
  <member type="way" ref="399315543" role=""/>
  <member type="way" ref="1364763120" role=""/>
  <member type="way" ref="399315537" role=""/>
  <member type="way" ref="399315551" role=""/>
  <member type="way" ref="399315545" role=""/>
  <member type="way" ref="399315548" role=""/>
  <member type="way" ref="399315533" role=""/>
  <member type="way" ref="399315542" role=""/>
  <member type="way" ref="399315530" role=""/>
  <member type="way" ref="399326929" role=""/>
  <member type="way" ref="399326927" role=""/>
  <member type="way" ref="399326933" role=""/>
  <member type="way" ref="399326924" role=""/>
  <member type="way" ref="399326931" role=""/>
  <member type="way" ref="399326930" role=""/>
  <member type="way" ref="399326920" role=""/>
  <member type="way" ref="399326926" role=""/>
  <member type="way" ref="32491993" role=""/>
  <member type="way" ref="399326925" role=""/>
  <member type="way" ref="1071976808" role=""/>
  <member type="way" ref="399326921" role=""/>
  <member type="way" ref="997149036" role=""/>
  <member type="way" ref="399326923" role=""/>
  <member type="way" ref="399326922" role=""/>
  <member type="way" ref="399326928" role=""/>
  <member type="way" ref="399326932" role=""/>
  <member type="way" ref="401419723" role=""/>
  <member type="way" ref="401419716" role=""/>
  <member type="way" ref="401419706" role=""/>
  <member type="way" ref="137062257" role=""/>
  <member type="way" ref="401419712" role=""/>
  <member type="way" ref="401419715" role=""/>
  <member type="way" ref="172300433" role=""/>
  <member type="way" ref="401419714" role=""/>
  <member type="way" ref="401419709" role=""/>
  <member type="way" ref="401419708" role=""/>
  <member type="way" ref="1364204450" role=""/>
  <member type="way" ref="401419726" role=""/>
  <member type="way" ref="401419721" role=""/>
  <member type="way" ref="401419718" role=""/>
  <member type="way" ref="401419717" role=""/>
  <member type="way" ref="401419710" role=""/>
  <member type="way" ref="713695027" role=""/>
  <member type="way" ref="132662020" role=""/>
  <member type="way" ref="401419713" role=""/>
  <member type="way" ref="401419727" role=""/>
  <member type="way" ref="401419705" role=""/>
  <member type="way" ref="401419735" role=""/>
  <member type="way" ref="401419734" role=""/>
  <member type="way" ref="401419732" role=""/>
  <member type="way" ref="401419704" role=""/>
  <member type="way" ref="401419730" role=""/>
  <member type="way" ref="401419731" role=""/>
  <member type="way" ref="401419725" role=""/>
  <member type="way" ref="398102663" role=""/>
  <member type="way" ref="401419733" role=""/>
  <member type="way" ref="401419720" role=""/>
  <member type="way" ref="401419722" role=""/>
  <member type="way" ref="401419707" role=""/>
  <member type="way" ref="401419728" role=""/>
  <member type="way" ref="401419724" role=""/>
  <member type="way" ref="132662019" role=""/>
  <member type="way" ref="401291358" role=""/>
  <member type="way" ref="13305291" role=""/>
  <member type="way" ref="401291353" role=""/>
  <member type="way" ref="401291356" role=""/>
  <member type="way" ref="137728767" role="forward"/>
  <member type="way" ref="401295017" role="forward"/>
  <member type="way" ref="137728765" role="forward"/>
  <member type="way" ref="401295016" role="forward"/>
  <member type="way" ref="401294981" role="forward"/>
  <member type="way" ref="401295028" role="forward"/>
  <member type="way" ref="1098469920" role="forward"/>
  <member type="way" ref="401295024" role="forward"/>
  <member type="way" ref="1036708836" role="forward"/>
  <member type="way" ref="401295026" role="forward"/>
  <member type="way" ref="1477385967" role="forward"/>
  <member type="way" ref="401295021" role="forward"/>
  <member type="way" ref="401295022" role="forward"/>
  <member type="way" ref="401295001" role="forward"/>
  <member type="way" ref="401295012" role="forward"/>
  <member type="way" ref="401295018" role="forward"/>
  <member type="way" ref="137728761" role="forward"/>
  <member type="way" ref="137728762" role="forward"/>
  <member type="way" ref="401295007" role="forward"/>
  <member type="way" ref="401295020" role="forward"/>
  <member type="way" ref="401295004" role="forward"/>
  <member type="way" ref="401295011" role="forward"/>
  <member type="way" ref="401295027" role="forward"/>
  <member type="way" ref="1036708833" role="forward"/>
  <member type="way" ref="1036708835" role="forward"/>
  <member type="way" ref="401294984" role="forward"/>
  <member type="way" ref="401295014" role="forward"/>
  <member type="way" ref="401295019" role="forward"/>
  <member type="way" ref="137728764" role="forward"/>
  <member type="way" ref="401294997" role="forward"/>
  <member type="way" ref="1028986719" role="forward"/>
  <member type="way" ref="398102871" role="forward"/>
  <member type="way" ref="137728768" role="forward"/>
  <member type="way" ref="401294993" role="forward"/>
  <member type="way" ref="401425193" role=""/>
  <member type="way" ref="401425141" role=""/>
  <member type="way" ref="401425190" role=""/>
  <member type="way" ref="401425135" role=""/>
  <member type="way" ref="401425132" role=""/>
  <member type="way" ref="1200785879" role=""/>
  <member type="way" ref="1067081434" role=""/>
  <member type="way" ref="1200785885" role=""/>
  <member type="way" ref="401423375" role=""/>
  <member type="way" ref="401423374" role=""/>
  <member type="way" ref="401423358" role=""/>
  <member type="way" ref="401423360" role=""/>
  <member type="way" ref="1200785880" role=""/>
  <member type="way" ref="1200785881" role=""/>
  <member type="way" ref="1200785882" role=""/>
  <member type="way" ref="1200785878" role=""/>
  <member type="way" ref="1200785884" role=""/>
  <member type="way" ref="1200785886" role=""/>
  <member type="node" ref="12819048933" role="platform"/>
  <member type="node" ref="12824735588" role="platform"/>
  <member type="node" ref="12824735587" role="platform"/>
  <member type="node" ref="12852497836" role=""/>
  <member type="node" ref="12852497837" role=""/>
  <member type="node" ref="12852505918" role=""/>
  <member type="node" ref="12852505917" role=""/>
  <member type="node" ref="12852480394" role=""/>
  <member type="node" ref="12852480395" role=""/>
  <member type="node" ref="12852505970" role=""/>
  <member type="node" ref="12852505969" role=""/>
  <member type="node" ref="10760427157" role=""/>
  <member type="node" ref="12852542235" role=""/>
  <member type="node" ref="10760427156" role=""/>
  <member type="node" ref="10760427155" role=""/>
  <member type="node" ref="10760427154" role=""/>
  <member type="node" ref="12852564809" role=""/>
  <member type="node" ref="11170846455" role=""/>
  <member type="node" ref="11170846459" role=""/>
  <tag k="name" v="SCT 796"/>
  <tag k="network" v="Santa Clarita Transit"/>
  <tag k="network:wikidata" v="Q5123908"/>
  <tag k="network:wikipedia" v="en:City of Santa Clarita Transit"/>
  <tag k="operator" v="City of Santa Clarita"/>
  <tag k="ref" v="796"/>
  <tag k="route" v="bus"/>
  <tag k="type" v="route"/>
 </relation>
 <relation id="17251044" visible="true" version="12" changeset="180212026" timestamp="2026-03-21T15:03:45Z" user="stst415" uid="15080366">
  <member type="way" ref="1226131248" role="outer"/>
  <member type="way" ref="1253509680" role="outer"/>
  <member type="way" ref="1253509679" role="outer"/>
  <member type="way" ref="1335205570" role="outer"/>
  <member type="way" ref="1226131247" role="outer"/>
  <member type="way" ref="1335205567" role="outer"/>
  <member type="way" ref="1253509677" role="outer"/>
  <member type="way" ref="1133597844" role="outer"/>
  <member type="way" ref="1320163523" role="outer"/>
  <member type="way" ref="1133597843" role="outer"/>
  <member type="way" ref="1133597839" role="outer"/>
  <member type="way" ref="1253509674" role="outer"/>
  <member type="way" ref="1253509675" role="outer"/>
  <member type="way" ref="1133597838" role="outer"/>
  <member type="way" ref="1253509667" role="outer"/>
  <member type="way" ref="1124893731" role="outer"/>
  <member type="way" ref="1133597852" role="outer"/>
  <member type="way" ref="1125578143" role="outer"/>
  <member type="way" ref="1125580890" role="outer"/>
  <member type="way" ref="1188406516" role="outer"/>
  <member type="way" ref="1125580891" role="outer"/>
  <member type="way" ref="1182465795" role="outer"/>
  <member type="way" ref="475526374" role="outer"/>
  <member type="way" ref="475526375" role="outer"/>
  <member type="way" ref="547776263" role="outer"/>
  <member type="way" ref="1333601632" role="outer"/>
  <member type="way" ref="475526358" role="outer"/>
  <member type="way" ref="1123255173" role="outer"/>
  <member type="way" ref="475526355" role="outer"/>
  <member type="way" ref="474947193" role="outer"/>
  <member type="way" ref="845421497" role="outer"/>
  <member type="way" ref="845421498" role="outer"/>
  <member type="way" ref="38974727" role="outer"/>
  <member type="way" ref="33127198" role="outer"/>
  <member type="way" ref="475759288" role="outer"/>
  <member type="way" ref="475759291" role="outer"/>
  <member type="way" ref="475759322" role="outer"/>
  <member type="way" ref="1174199016" role="outer"/>
  <member type="way" ref="1171880767" role="outer"/>
  <member type="way" ref="1076231669" role="outer"/>
  <member type="way" ref="1076231670" role="outer"/>
  <member type="way" ref="475946525" role="outer"/>
  <member type="way" ref="1174199018" role="outer"/>
  <member type="way" ref="475946526" role="outer"/>
  <member type="way" ref="475531724" role="outer"/>
  <member type="way" ref="475553493" role="outer"/>
  <member type="way" ref="504504564" role="outer"/>
  <member type="way" ref="475553498" role="outer"/>
  <member type="way" ref="475553460" role="outer"/>
  <member type="way" ref="504593428" role="outer"/>
  <member type="way" ref="829194701" role="outer"/>
  <member type="way" ref="505188299" role="outer"/>
  <member type="way" ref="475531732" role="outer"/>
  <member type="way" ref="504410595" role="outer"/>
  <member type="way" ref="829194658" role="outer"/>
  <member type="way" ref="692094814" role="outer"/>
  <member type="way" ref="1491246250" role="outer"/>
  <member type="way" ref="475559126" role="outer"/>
  <member type="way" ref="833105164" role="outer"/>
  <member type="way" ref="829436255" role="outer"/>
  <member type="way" ref="260241167" role="outer"/>
  <member type="way" ref="260241166" role="outer"/>
  <member type="way" ref="593182425" role="outer"/>
  <member type="way" ref="785437730" role="outer"/>
  <member type="way" ref="1077618543" role="outer"/>
  <member type="way" ref="1077618542" role="outer"/>
  <member type="way" ref="1304604483" role="outer"/>
  <tag k="boundary" v="political"/>
  <tag k="name" v="Los Angeles City Council District 12"/>
  <tag k="political_division" v="city_council_district"/>
  <tag k="population" v="262032"/>
  <tag k="population:date" v="2020"/>
  <tag k="source:url" v="https://geohub.lacity.org/datasets/lahub::la-city-council-districts-adopted-2021/about"/>
  <tag k="type" v="boundary"/>
  <tag k="wikidata" v="Q6682016"/>
  <tag k="wikipedia" v="en:Los Angeles's 12th City Council district"/>
 </relation>
 <relation id="18114279" visible="true" version="5" changeset="173687345" timestamp="2025-10-23T18:20:00Z" user="stst415" uid="15080366">
  <member type="way" ref="785437732" role="outer"/>
  <member type="way" ref="33103343" role="outer"/>
  <member type="way" ref="249336872" role="outer"/>
  <member type="way" ref="818687122" role="outer"/>
  <member type="way" ref="1444323676" role="outer"/>
  <member type="way" ref="828997532" role="outer"/>
  <member type="way" ref="1018719435" role="outer"/>
  <member type="way" ref="790181302" role="outer"/>
  <member type="way" ref="1335205573" role="outer"/>
  <member type="way" ref="1333599281" role="outer"/>
  <member type="way" ref="1320163694" role="outer"/>
  <member type="way" ref="1333599276" role="outer"/>
  <member type="way" ref="1320163695" role="outer"/>
  <member type="way" ref="1320163696" role="outer"/>
  <member type="way" ref="1320163718" role="outer"/>
  <member type="way" ref="1333599274" role="outer"/>
  <member type="way" ref="1320163697" role="outer"/>
  <member type="way" ref="1320163698" role="outer"/>
  <member type="way" ref="1320163699" role="outer"/>
  <member type="way" ref="1320163700" role="outer"/>
  <member type="way" ref="1320163701" role="outer"/>
  <member type="way" ref="1320163702" role="outer"/>
  <member type="way" ref="1320163616" role="outer"/>
  <member type="way" ref="1320163615" role="outer"/>
  <member type="way" ref="1320163704" role="outer"/>
  <member type="way" ref="1320163703" role="outer"/>
  <member type="way" ref="1320163706" role="outer"/>
  <member type="way" ref="1320163705" role="outer"/>
  <member type="way" ref="1320163708" role="outer"/>
  <member type="way" ref="1320163707" role="outer"/>
  <member type="way" ref="1320163710" role="outer"/>
  <member type="way" ref="1320163709" role="outer"/>
  <member type="way" ref="1320163523" role="outer"/>
  <member type="way" ref="1133597844" role="outer"/>
  <member type="way" ref="1253509677" role="outer"/>
  <member type="way" ref="1335205567" role="outer"/>
  <member type="way" ref="1226131247" role="outer"/>
  <member type="way" ref="1335205570" role="outer"/>
  <member type="way" ref="1253509679" role="outer"/>
  <member type="way" ref="1253509680" role="outer"/>
  <tag k="boundary" v="political"/>
  <tag k="name" v="Los Angeles City Council District 3"/>
  <tag k="political_division" v="city_council_district"/>
  <tag k="population" v="256822"/>
  <tag k="population:date" v="2020"/>
  <tag k="source:url" v="https://geohub.lacity.org/datasets/lahub::la-city-council-districts-adopted-2021/about"/>
  <tag k="type" v="boundary"/>
  <tag k="wikidata" v="Q17077323"/>
  <tag k="wikipedia" v="en:Los Angeles's 3rd City Council district"/>
 </relation>
 <relation id="18284570" visible="true" version="3" changeset="169321178" timestamp="2025-07-23T03:36:29Z" user="idkwhatname2use" uid="16305471">
  <member type="way" ref="1133597854" role="outer"/>
  <member type="way" ref="1253509676" role="outer"/>
  <member type="way" ref="1253509677" role="outer"/>
  <member type="way" ref="1335205567" role="outer"/>
  <member type="way" ref="1253509678" role="outer"/>
  <member type="way" ref="692094814" role="outer"/>
  <member type="way" ref="829194658" role="outer"/>
  <member type="way" ref="504410595" role="outer"/>
  <member type="way" ref="475531732" role="outer"/>
  <member type="way" ref="505188299" role="outer"/>
  <member type="way" ref="829194701" role="outer"/>
  <member type="way" ref="504593428" role="outer"/>
  <member type="way" ref="475553460" role="outer"/>
  <member type="way" ref="475553498" role="outer"/>
  <member type="way" ref="504504564" role="outer"/>
  <member type="way" ref="475553493" role="outer"/>
  <member type="way" ref="475531724" role="outer"/>
  <member type="way" ref="475946526" role="outer"/>
  <member type="way" ref="1174199018" role="outer"/>
  <member type="way" ref="475946525" role="outer"/>
  <member type="way" ref="1076231670" role="outer"/>
  <member type="way" ref="1076231669" role="outer"/>
  <member type="way" ref="1171880767" role="outer"/>
  <member type="way" ref="1174199016" role="outer"/>
  <member type="way" ref="475759322" role="outer"/>
  <member type="way" ref="475759291" role="outer"/>
  <member type="way" ref="475759288" role="outer"/>
  <member type="way" ref="33127198" role="outer"/>
  <member type="way" ref="38974727" role="outer"/>
  <member type="way" ref="845421498" role="outer"/>
  <member type="way" ref="845421497" role="outer"/>
  <member type="way" ref="474947193" role="outer"/>
  <member type="way" ref="475526355" role="outer"/>
  <member type="way" ref="1123255173" role="outer"/>
  <member type="way" ref="475526358" role="outer"/>
  <member type="way" ref="1333601634" role="outer"/>
  <member type="node" ref="150979023" role="label"/>
  <tag k="admin_level" v="10"/>
  <tag k="boundary" v="administrative"/>
  <tag k="name" v="Chatsworth Neighborhood Council District"/>
  <tag k="source:url" v="https://empowerla.org/city-map/"/>
  <tag k="type" v="boundary"/>
  <tag k="wikidata" v="Q1020942"/>
  <tag k="wikipedia" v="en:Chatsworth, Los Angeles"/>
 </relation>
 <relation id="18302562" visible="true" version="1" changeset="159304434" timestamp="2024-11-18T23:30:35Z" user="AragonChristopherR17Z" uid="3031704">
  <member type="way" ref="1133597842" role="outer"/>
  <member type="way" ref="1335205568" role="outer"/>
  <member type="way" ref="1335205566" role="outer"/>
  <member type="way" ref="1253509677" role="outer"/>
  <member type="way" ref="1133597844" role="outer"/>
  <member type="node" ref="150953869" role="label"/>
  <tag k="admin_level" v="10"/>
  <tag k="boundary" v="administrative"/>
  <tag k="name" v="Winnetka Neighborhood Council District"/>
  <tag k="source:url" v="https://empowerla.org/city-map/"/>
  <tag k="type" v="boundary"/>
 </relation>
 <relation id="18302563" visible="true" version="2" changeset="159304447" timestamp="2024-11-18T23:31:50Z" user="AragonChristopherR17Z" uid="3031704">
  <member type="way" ref="1335205569" role="outer"/>
  <member type="way" ref="1226131247" role="outer"/>
  <member type="way" ref="1335205567" role="outer"/>
  <member type="way" ref="1335205566" role="outer"/>
  <member type="node" ref="150965864" role="label"/>
  <tag k="admin_level" v="10"/>
  <tag k="boundary" v="administrative"/>
  <tag k="name" v="Canoga Park Neighborhood Council District"/>
  <tag k="source:url" v="https://empowerla.org/city-map/"/>
  <tag k="type" v="boundary"/>
 </relation>
</osm>
