filename,folder,category,description,location,date
20160812_151151.jpg,Electric Work,rewiring,Circuit extension for home office,"Torrance, CA 90501",2016-08-12
20170619_072827.jpg,Electric Work,lighting,Pendant light installation over island,"Beverly Hills, CA 90210",2017-06-19
20170619_072835.jpg,Electric Work,rewiring,Romex wire installation through walls,"Van Nuys, CA 91405",2017-06-19
20170619_073206.jpg,Electric Work,rewiring,Aluminum to copper wire replacement,"Inglewood, CA 90301",2017-06-19
20170619_083316.jpg,Electric Work,panel-upgrade,Main electrical panel upgrade with new 200-amp service,"Covina, CA 91722",2017-06-19
20170619_083323.jpg,Electric Work,panel-upgrade,Main electrical panel upgrade with new 200-amp service,"Burbank, CA 91502",2017-06-19
20170619_083333.jpg,Electric Work,panel-upgrade,Main electrical panel upgrade with new 200-amp service,"Costa Mesa, CA 92626",2017-06-19
20170619_122029.jpg,Electric Work,panel-upgrade,Main electrical panel upgrade with new 200-amp service,"North Hollywood, CA 91601",2017-06-19
20170619_122037.jpg,Electric Work,lighting,Pendant light installation over island,"Laguna Beach, CA 92651",2017-06-19
20170619_122046.jpg,Electric Work,panel-upgrade,Main electrical panel upgrade with new 200-amp service,"Malibu, CA 90265",2017-06-19
20170619_122051.jpg,Electric Work,panel-upgrade,New breaker installation for dedicated circuits,"Whittier, CA 90601",2017-06-19
20170619_131126.jpg,Electric Work,outlet,Floor outlet installation in living room,"Granada Hills, CA 91344",2017-06-19
20170619_131130.jpg,Electric Work,outlet,Outdoor outlet with weatherproof cover,"Canoga Park, CA 91303",2017-06-19
20170619_131131.jpg,Electric Work,switch,Fan speed control switch installation,"Downey, CA 90241",2017-06-19
20170619_131134.jpg,Electric Work,panel-upgrade,New breaker installation for dedicated circuits,"Manhattan Beach, CA 90266",2017-06-19
20170619_131149.jpg,Electric Work,panel-upgrade,New breaker installation for dedicated circuits,"Encino, CA 91436",2017-06-19
20170619_131151.jpg,Electric Work,panel-upgrade,Main electrical panel upgrade with new 200-amp service,"Downey, CA 90241",2017-06-19
20170619_131153.jpg,Electric Work,panel-upgrade,Main electrical panel upgrade with new 200-amp service,"West Covina, CA 91790",2017-06-19
20170619_131918.jpg,Electric Work,panel-upgrade,New breaker installation for dedicated circuits,"Studio City, CA 91604",2017-06-19
20170619_131921.jpg,Electric Work,lighting,Pendant light installation over island,"Santa Monica, CA 90401",2017-06-19
20170619_131923.jpg,Electric Work,outlet,Outdoor outlet with weatherproof cover,"Anaheim, CA 92801",2017-06-19
20170619_131925.jpg,Electric Work,rewiring,Romex wire installation through walls,"Carson, CA 90745",2017-06-19
20170619_131934.jpg,Electric Work,panel-upgrade,New breaker installation for dedicated circuits,"Sherman Oaks, CA 91423",2017-06-19
20170619_131936.jpg,Electric Work,outlet,Outdoor outlet with weatherproof cover,"Tujunga, CA 91042",2017-06-19
20170619_131938.jpg,Electric Work,lighting,Outdoor security light installation,"Granada Hills, CA 91344",2017-06-19
20170619_131942-EFFECTS.jpg,Electric Work,switch,Fan speed control switch installation,"Downey, CA 90241",2017-06-19
20170619_131942.jpg,Electric Work,rewiring,Romex wire installation through walls,"Santa Monica, CA 90401",2017-06-19
20170619_132837.jpg,Electric Work,panel-upgrade,Main electrical panel upgrade with new 200-amp service,"Long Beach, CA 90802",2017-06-19
20170619_132838.jpg,Electric Work,outlet,Floor outlet installation in living room,"Hawthorne, CA 90250",2017-06-19
20170619_132840.jpg,Electric Work,rewiring,Aluminum to copper wire replacement,"Santa Monica, CA 90401",2017-06-19
20170619_132843.jpg,Electric Work,switch,Low-voltage switch installation,"North Hollywood, CA 91601",2017-06-19
20170619_132857.jpg,Electric Work,switch,Fan speed control switch installation,"Whittier, CA 90601",2017-06-19
20170619_132901.jpg,Electric Work,panel-upgrade,New breaker installation for dedicated circuits,"Torrance, CA 90501",2017-06-19
20170619_132903.jpg,Electric Work,outlet,Floor outlet installation in living room,"Monrovia, CA 91016",2017-06-19
20170619_132916.jpg,Electric Work,rewiring,Romex wire installation through walls,"Redondo Beach, CA 90277",2017-06-19
20170619_132917.jpg,Electric Work,outlet,Outdoor outlet with weatherproof cover,"Inglewood, CA 90301",2017-06-19
20170619_132919.jpg,Electric Work,switch,Fan speed control switch installation,"Tarzana, CA 91356",2017-06-19
20170619_132922.jpg,Electric Work,switch,Low-voltage switch installation,"Sun Valley, CA 91352",2017-06-19
20170619_132925.jpg,Electric Work,outlet,Outdoor outlet with weatherproof cover,"Woodland Hills, CA 91367",2017-06-19
20170619_132929.jpg,Electric Work,lighting,Pendant light installation over island,"Santa Ana, CA 92701",2017-06-19
20170619_132940.jpg,Electric Work,rewiring,Romex wire installation through walls,"La Canada Flintridge, CA 91011",2017-06-19
20170619_132941.jpg,Electric Work,outlet,Outdoor outlet with weatherproof cover,"Inglewood, CA 90301",2017-06-19
20170619_133036.jpg,Electric Work,panel-upgrade,New breaker installation for dedicated circuits,"Irvine, CA 92618",2017-06-19
20170619_133037.jpg,Electric Work,rewiring,Aluminum to copper wire replacement,"Whittier, CA 90601",2017-06-19
20170619_133039.jpg,Electric Work,panel-upgrade,Main electrical panel upgrade with new 200-amp service,"Chatsworth, CA 91311",2017-06-19
20170619_133042.jpg,Electric Work,lighting,Outdoor security light installation,"West Hollywood, CA 90069",2017-06-19
20170619_133044.jpg,Electric Work,panel-upgrade,Main electrical panel upgrade with new 200-amp service,"Santa Monica, CA 90401",2017-06-19
20170619_133046.jpg,Electric Work,switch,Low-voltage switch installation,"Manhattan Beach, CA 90266",2017-06-19
20170619_133049.jpg,Electric Work,rewiring,Aluminum to copper wire replacement,"Inglewood, CA 90301",2017-06-19
20170619_133051.jpg,Electric Work,panel-upgrade,New breaker installation for dedicated circuits,"Altadena, CA 91001",2017-06-19
20170619_133053.jpg,Electric Work,switch,Fan speed control switch installation,"Anaheim, CA 92801",2017-06-19
20170619_133054.jpg,Electric Work,switch,Low-voltage switch installation,"Tarzana, CA 91356",2017-06-19
20170619_133057.jpg,Electric Work,outlet,Outdoor outlet with weatherproof cover,"Reseda, CA 91335",2017-06-19
20170619_133535.jpg,Electric Work,rewiring,Aluminum to copper wire replacement,"Studio City, CA 91604",2017-06-19
20170619_133536.jpg,Electric Work,switch,Fan speed control switch installation,"West Hollywood, CA 90069",2017-06-19
20170619_133538.jpg,Electric Work,switch,Fan speed control switch installation,"Studio City, CA 91604",2017-06-19
20170619_133539.jpg,Electric Work,rewiring,Romex wire installation through walls,"Sylmar, CA 91342",2017-06-19
20170619_133541.jpg,Electric Work,panel-upgrade,New breaker installation for dedicated circuits,"Van Nuys, CA 91405",2017-06-19
20170619_133543.jpg,Electric Work,lighting,Pendant light installation over island,"Downey, CA 90241",2017-06-19
20170619_133545.jpg,Electric Work,switch,Fan speed control switch installation,"Rancho Cucamonga, CA 91730",2017-06-19
20170619_133546.jpg,Electric Work,lighting,Pendant light installation over island,"Laguna Beach, CA 92651",2017-06-19
20170619_133548.jpg,Electric Work,switch,Low-voltage switch installation,"Van Nuys, CA 91405",2017-06-19
20170619_133549.jpg,Electric Work,panel-upgrade,New breaker installation for dedicated circuits,"Gardena, CA 90247",2017-06-19
20170619_133551.jpg,Electric Work,outlet,Outdoor outlet with weatherproof cover,"Mission Viejo, CA 92691",2017-06-19
20170619_133554.jpg,Electric Work,rewiring,Romex wire installation through walls,"Chatsworth, CA 91311",2017-06-19
20170619_133556.jpg,Electric Work,rewiring,Aluminum to copper wire replacement,"Canoga Park, CA 91303",2017-06-19
20170619_133557.jpg,Electric Work,rewiring,Aluminum to copper wire replacement,"Sun Valley, CA 91352",2017-06-19
20170619_133559.jpg,Electric Work,lighting,Pendant light installation over island,"Chatsworth, CA 91311",2017-06-19
20170619_133730.jpg,Electric Work,rewiring,Aluminum to copper wire replacement,"Costa Mesa, CA 92626",2017-06-19
20170619_133733.jpg,Electric Work,lighting,Outdoor security light installation,"Whittier, CA 90601",2017-06-19
20170619_133735.jpg,Electric Work,rewiring,Aluminum to copper wire replacement,"West Covina, CA 91790",2017-06-19
20170619_133737.jpg,Electric Work,panel-upgrade,New breaker installation for dedicated circuits,"Upland, CA 91786",2017-06-19
20170619_133801.jpg,Electric Work,panel-upgrade,Main electrical panel upgrade with new 200-amp service,"Canoga Park, CA 91303",2017-06-19
20170619_133807.jpg,Electric Work,outlet,Outdoor outlet with weatherproof cover,"Norwalk, CA 90650",2017-06-19
20170619_133809.jpg,Electric Work,rewiring,Aluminum to copper wire replacement,"Northridge, CA 91324",2017-06-19
20170619_133812.jpg,Electric Work,lighting,Pendant light installation over island,"Santa Ana, CA 92701",2017-06-19
20170619_133827.jpg,Electric Work,outlet,Floor outlet installation in living room,"Altadena, CA 91001",2017-06-19
20170619_133828.jpg,Electric Work,outlet,Floor outlet installation in living room,"Rancho Cucamonga, CA 91730",2017-06-19
20170619_133830.jpg,Electric Work,lighting,Pendant light installation over island,"Canoga Park, CA 91303",2017-06-19
20170619_133831.jpg,Electric Work,rewiring,Aluminum to copper wire replacement,"Northridge, CA 91324",2017-06-19
20170619_133832.jpg,Electric Work,switch,Fan speed control switch installation,"Torrance, CA 90501",2017-06-19
20170619_133833.jpg,Electric Work,switch,Low-voltage switch installation,"Altadena, CA 91001",2017-06-19
20170619_133835.jpg,Electric Work,panel-upgrade,Main electrical panel upgrade with new 200-amp service,"Downey, CA 90241",2017-06-19
20170619_133837.jpg,Electric Work,rewiring,Romex wire installation through walls,"Newport Beach, CA 92660",2017-06-19
20170619_133838.jpg,Electric Work,panel-upgrade,Main electrical panel upgrade with new 200-amp service,"Woodland Hills, CA 91367",2017-06-19
20170619_133840.jpg,Electric Work,switch,Low-voltage switch installation,"La Crescenta, CA 91214",2017-06-19
20170619_133841.jpg,Electric Work,outlet,Outdoor outlet with weatherproof cover,"Carson, CA 90745",2017-06-19
20170619_133843.jpg,Electric Work,outlet,Outdoor outlet with weatherproof cover,"Irvine, CA 92618",2017-06-19
20170619_133844.jpg,Electric Work,panel-upgrade,New breaker installation for dedicated circuits,"Mission Viejo, CA 92691",2017-06-19
20170619_134442.jpg,Electric Work,rewiring,Romex wire installation through walls,"Torrance, CA 90501",2017-06-19
20170619_134444.jpg,Electric Work,switch,Fan speed control switch installation,"Van Nuys, CA 91405",2017-06-19
20170622_142921.jpg,Electric Work,panel-upgrade,Main electrical panel upgrade with new 200-amp service,"Santa Ana, CA 92701",2017-06-22
20170919_123815.jpg,Electric Work,switch,Low-voltage switch installation,"Gardena, CA 90247",2017-09-19
20170919_123825.jpg,Electric Work,panel-upgrade,Main electrical panel upgrade with new 200-amp service,"Manhattan Beach, CA 90266",2017-09-19
20170919_123830.jpg,Electric Work,rewiring,Aluminum to copper wire replacement,"Santa Ana, CA 92701",2017-09-19
20170919_123836.jpg,Electric Work,panel-upgrade,Main electrical panel upgrade with new 200-amp service,"Anaheim, CA 92801",2017-09-19
20170919_123843.jpg,Electric Work,outlet,Floor outlet installation in living room,"Burbank, CA 91502",2017-09-19
20170919_123849.jpg,Electric Work,rewiring,Romex wire installation through walls,"Granada Hills, CA 91344",2017-09-19
20170919_143630.jpg,Electric Work,switch,Low-voltage switch installation,"Altadena, CA 91001",2017-09-19
20170919_143633.jpg,Electric Work,switch,Fan speed control switch installation,"Fullerton, CA 92831",2017-09-19
20170919_143636.jpg,Electric Work,panel-upgrade,New breaker installation for dedicated circuits,"Burbank, CA 91502",2017-09-19
20170919_143659.jpg,Electric Work,rewiring,Aluminum to copper wire replacement,"Hawthorne, CA 90250",2017-09-19
20170919_143701.jpg,Electric Work,switch,Low-voltage switch installation,"West Covina, CA 91790",2017-09-19
20170919_143711.jpg,Electric Work,rewiring,Aluminum to copper wire replacement,"Chatsworth, CA 91311",2017-09-19
20170919_143716.jpg,Electric Work,switch,Fan speed control switch installation,"Van Nuys, CA 91405",2017-09-19
20170919_143726.jpg,Electric Work,panel-upgrade,New breaker installation for dedicated circuits,"Irvine, CA 92618",2017-09-19
20170919_143733.jpg,Electric Work,rewiring,Aluminum to copper wire replacement,"Pacoima, CA 91331",2017-09-19
20170919_143740.jpg,Electric Work,rewiring,Aluminum to copper wire replacement,"Rancho Cucamonga, CA 91730",2017-09-19
20170919_143743.jpg,Electric Work,rewiring,Aluminum to copper wire replacement,"Hermosa Beach, CA 90254",2017-09-19
20171019_125741.jpg,Electric Work,rewiring,Aluminum to copper wire replacement,"La Canada Flintridge, CA 91011",2017-10-19
20171019_125743.jpg,Electric Work,rewiring,Aluminum to copper wire replacement,"Sun Valley, CA 91352",2017-10-19
20171019_125750.jpg,Electric Work,lighting,Outdoor security light installation,"San Clemente, CA 92672",2017-10-19
20171019_131417.jpg,Electric Work,outlet,Floor outlet installation in living room,"Chatsworth, CA 91311",2017-10-19
20171019_134524.jpg,Electric Work,outlet,Outdoor outlet with weatherproof cover,"Newport Beach, CA 92660",2017-10-19
20171019_134728-PANO.jpg,Electric Work,lighting,Pendant light installation over island,"Covina, CA 91722",2017-10-19
20171019_134728.jpg,Electric Work,panel-upgrade,Main electrical panel upgrade with new 200-amp service,"Long Beach, CA 90802",2017-10-19
20171019_134731.jpg,Electric Work,switch,Low-voltage switch installation,"Hermosa Beach, CA 90254",2017-10-19
20171019_134734.jpg,Electric Work,switch,Low-voltage switch installation,"Covina, CA 91722",2017-10-19
20171019_134737.jpg,Electric Work,lighting,Pendant light installation over island,"Burbank, CA 91502",2017-10-19
20171020_162604.jpg,Electric Work,rewiring,Aluminum to copper wire replacement,"Pacoima, CA 91331",2017-10-20
20171020_162608.jpg,Electric Work,rewiring,Romex wire installation through walls,"Sherman Oaks, CA 91423",2017-10-20
20171020_162612.jpg,Electric Work,panel-upgrade,New breaker installation for dedicated circuits,"Orange, CA 92866",2017-10-20
20171020_162615.jpg,Electric Work,rewiring,Aluminum to copper wire replacement,"Carson, CA 90745",2017-10-20
20171020_162619.jpg,Electric Work,switch,Low-voltage switch installation,"Mission Hills, CA 91345",2017-10-20
20171020_162636.jpg,Electric Work,outlet,Outdoor outlet with weatherproof cover,"Lake Forest, CA 92630",2017-10-20
20171108_140923.jpg,Electric Work,lighting,Pendant light installation over island,"Tarzana, CA 91356",2017-11-08
20171108_140928.jpg,Electric Work,panel-upgrade,Main electrical panel upgrade with new 200-amp service,"Sun Valley, CA 91352",2017-11-08
20171108_140931.jpg,Electric Work,switch,Fan speed control switch installation,"La Canada Flintridge, CA 91011",2017-11-08
20171108_140935.jpg,Electric Work,panel-upgrade,New breaker installation for dedicated circuits,"Sylmar, CA 91342",2017-11-08
20171108_141117.jpg,Electric Work,panel-upgrade,Main electrical panel upgrade with new 200-amp service,"Fullerton, CA 92831",2017-11-08
20171108_141120.jpg,Electric Work,panel-upgrade,New breaker installation for dedicated circuits,"Rancho Cucamonga, CA 91730",2017-11-08
20171108_141123.jpg,Electric Work,switch,Low-voltage switch installation,"Norwalk, CA 90650",2017-11-08
20171109_093502.jpg,Electric Work,lighting,Outdoor security light installation,"Tarzana, CA 91356",2017-11-09
20171109_093507.jpg,Electric Work,switch,Fan speed control switch installation,"Tarzana, CA 91356",2017-11-09
20171110_070110.jpg,Electric Work,switch,Low-voltage switch installation,"Glendale, CA 91201",2017-11-10
20171110_070116.jpg,Electric Work,rewiring,Romex wire installation through walls,"Santa Ana, CA 92701",2017-11-10
20171110_070128.jpg,Electric Work,switch,Low-voltage switch installation,"Mission Viejo, CA 92691",2017-11-10
20171110_070137.jpg,Electric Work,lighting,Outdoor security light installation,"Hawthorne, CA 90250",2017-11-10
20171110_070142.jpg,Electric Work,switch,Low-voltage switch installation,"Santa Ana, CA 92701",2017-11-10
20171110_085935.jpg,Electric Work,rewiring,Aluminum to copper wire replacement,"Encino, CA 91436",2017-11-10
20171110_085940.jpg,Electric Work,rewiring,Aluminum to copper wire replacement,"Azusa, CA 91702",2017-11-10
20171117_071840.jpg,Electric Work,rewiring,Romex wire installation through walls,"Gardena, CA 90247",2017-11-17
20171117_071844.jpg,Electric Work,panel-upgrade,New breaker installation for dedicated circuits,"Hollywood, CA 90028",2017-11-17
20171117_071853.jpg,Electric Work,lighting,Pendant light installation over island,"Norwalk, CA 90650",2017-11-17
20171117_071900.jpg,Electric Work,outlet,Floor outlet installation in living room,"Burbank, CA 91502",2017-11-17
20171117_071908.jpg,Electric Work,panel-upgrade,Main electrical panel upgrade with new 200-amp service,"Anaheim, CA 92801",2017-11-17
20171117_071943.jpg,Electric Work,rewiring,Romex wire installation through walls,"Pasadena, CA 91101",2017-11-17
20171117_072038.jpg,Electric Work,lighting,Pendant light installation over island,"Chatsworth, CA 91311",2017-11-17
20171117_072046.jpg,Electric Work,switch,Low-voltage switch installation,"Encino, CA 91436",2017-11-17
20171117_072120.jpg,Electric Work,panel-upgrade,New breaker installation for dedicated circuits,"Studio City, CA 91604",2017-11-17
20171117_072127.jpg,Electric Work,rewiring,Aluminum to copper wire replacement,"Redondo Beach, CA 90277",2017-11-17
20171117_072146.jpg,Electric Work,switch,Low-voltage switch installation,"Sun Valley, CA 91352",2017-11-17
20171117_072150.jpg,Electric Work,panel-upgrade,Main electrical panel upgrade with new 200-amp service,"Irvine, CA 92618",2017-11-17
20171117_072222.jpg,Electric Work,rewiring,Aluminum to copper wire replacement,"Carson, CA 90745",2017-11-17
20171117_072229.jpg,Electric Work,rewiring,Romex wire installation through walls,"Altadena, CA 91001",2017-11-17
20171117_072254.jpg,Electric Work,panel-upgrade,Main electrical panel upgrade with new 200-amp service,"Winnetka, CA 91306",2017-11-17
20171117_072301.jpg,Electric Work,rewiring,Aluminum to copper wire replacement,"Santa Ana, CA 92701",2017-11-17
20171117_072312.jpg,Electric Work,lighting,Pendant light installation over island,"Santa Monica, CA 90401",2017-11-17
20171117_072328.jpg,Electric Work,switch,Low-voltage switch installation,"Winnetka, CA 91306",2017-11-17
20171117_072421.jpg,Electric Work,outlet,Outdoor outlet with weatherproof cover,"Norwalk, CA 90650",2017-11-17
20171117_073029.jpg,Electric Work,switch,Low-voltage switch installation,"San Clemente, CA 92672",2017-11-17
20171117_073034.jpg,Electric Work,lighting,Outdoor security light installation,"Laguna Beach, CA 92651",2017-11-17
20171117_073042.jpg,Electric Work,outlet,Outdoor outlet with weatherproof cover,"West Hollywood, CA 90069",2017-11-17
20171117_073049.jpg,Electric Work,outlet,Floor outlet installation in living room,"Culver City, CA 90232",2017-11-17
20171117_073101.jpg,Electric Work,rewiring,Romex wire installation through walls,"Tarzana, CA 91356",2017-11-17
20171117_073104.jpg,Electric Work,switch,Low-voltage switch installation,"Long Beach, CA 90802",2017-11-17
20171117_073109.jpg,Electric Work,lighting,Outdoor security light installation,"Sylmar, CA 91342",2017-11-17
20171117_073115.jpg,Electric Work,outlet,Floor outlet installation in living room,"Beverly Hills, CA 90210",2017-11-17
20171117_091243.jpg,Electric Work,panel-upgrade,Main electrical panel upgrade with new 200-amp service,"Monrovia, CA 91016",2017-11-17
20171207_074534.jpg,Electric Work,switch,Low-voltage switch installation,"Sherman Oaks, CA 91423",2017-12-07
20171207_074538.jpg,Electric Work,outlet,Outdoor outlet with weatherproof cover,"Hollywood, CA 90028",2017-12-07
20171207_074541.jpg,Electric Work,panel-upgrade,Main electrical panel upgrade with new 200-amp service,"Downey, CA 90241",2017-12-07
20171208_092758.jpg,Electric Work,lighting,Outdoor security light installation,"La Canada Flintridge, CA 91011",2017-12-08
20171208_131844.jpg,Electric Work,rewiring,Aluminum to copper wire replacement,"Sherman Oaks, CA 91423",2017-12-08
20171208_131853.jpg,Electric Work,panel-upgrade,Main electrical panel upgrade with new 200-amp service,"Downey, CA 90241",2017-12-08
20171208_131857.jpg,Electric Work,outlet,Outdoor outlet with weatherproof cover,"Tarzana, CA 91356",2017-12-08
20180103_103527.jpg,Electric Work,ev-charger,Level 2 EV charger installation,"Upland, CA 91786",2018-01-03
20180103_103531.jpg,Electric Work,lighting,Landscape lighting installation,"Sierra Madre, CA 91024",2018-01-03
20180103_120730.jpg,Electric Work,lighting,Track lighting installation in workshop,"Newport Beach, CA 92660",2018-01-03
20180103_120732.jpg,Electric Work,ev-charger,EV charging infrastructure for home,"Arcadia, CA 91006",2018-01-03
20200414_112628.jpg,Electric Work,lighting,Recessed lighting installation in kitchen,"Torrance, CA 90501",2020-04-14
EFFECTS.jpg,Electric Work,residential,Home renovation electrical work,"Altadena, CA 91001",
IMG-20180917-WA0005.jpg,Electric Work,residential,Home electrical system upgrade,"Laguna Beach, CA 92651",
IMG-20220401-WA0000.jpg,Electric Work,residential,Residential wiring for additions,"Canoga Park, CA 91303",
IMG-20220804-WA0001.jpeg,Electric Work,residential,Home renovation electrical work,"Sierra Madre, CA 91024",
IMG-20230607-WA0001.jpg,Electric Work,residential,Home office electrical installation,"Hollywood, CA 90028",
IMG-20250316-WA0004.jpeg,Electric Work,residential,Residential wiring for additions,"Irvine, CA 92618",
IMG-20260423-WA0002.jpg,Electric Work,residential,Home office electrical installation,"Anaheim, CA 92801",
IMG-20260708-WA0000.jpg,Electric Work,residential,Home theater electrical setup,"Upland, CA 91786",
IMG-20260708-WA0002.jpg,Electric Work,residential,Home theater electrical setup,"Gardena, CA 90247",
IMG-20260709-WA0001.png,Electric Work,residential,Home office electrical installation,"Upland, CA 91786",
IMG-20260819-WA0002.jpg,Electric Work,residential,Home renovation electrical work,"Burbank, CA 91502",
IMG-20260819-WA0003.jpg,Electric Work,residential,Residential electrical service installation,"Anaheim, CA 92801",
IMG-20260819-WA0004.jpg,Electric Work,residential,New home electrical construction,"Carson, CA 90745",
IMG-20260819-WA0005.jpg,Electric Work,residential,New home electrical construction,"Sylmar, CA 91342",
IMG-20260819-WA0006.jpg,Electric Work,residential,Electrical maintenance and inspection,"Mission Viejo, CA 92691",
IMG-20260819-WA0007.jpg,Electric Work,residential,Electrical maintenance and inspection,"Fullerton, CA 92831",
IMG-20260819-WA0008.jpg,Electric Work,residential,General residential electrical work,"Northridge, CA 91324",
IMG-20260819-WA0009.jpg,Electric Work,residential,Home renovation electrical work,"Hermosa Beach, CA 90254",
IMG-20260819-WA0010.jpg,Electric Work,residential,General residential electrical work,"Pasadena, CA 91101",
IMG-20260819-WA0011.jpg,Electric Work,residential,Home electrical system upgrade,"Northridge, CA 91324",
IMG-20260819-WA0012.jpg,Electric Work,residential,New home electrical construction,"Mission Viejo, CA 92691",
IMG-20260819-WA0013.jpg,Electric Work,residential,Home theater electrical setup,"Redondo Beach, CA 90277",
IMG-20260819-WA0014.jpg,Electric Work,residential,Home renovation electrical work,"West Hollywood, CA 90069",
IMG-20260819-WA0015.jpg,Electric Work,residential,Home theater electrical setup,"Downey, CA 90241",
IMG-20260825-WA0000.png,Electric Work,residential,Home renovation electrical work,"Pacoima, CA 91331",
IMG_20180131_093944423.jpg,Electric Work,safety,Lightning protection system,"Beverly Hills, CA 90210",2018-01-31
IMG_20180131_094000126.jpg,Electric Work,lighting,Chandelier installation in dining room,"Torrance, CA 90501",2018-01-31
IMG_20180131_094001587.jpg,Electric Work,safety,Lightning protection system,"Sherman Oaks, CA 91423",2018-01-31
IMG_20180131_094011851.jpg,Electric Work,lighting,Landscape lighting installation,"Covina, CA 91722",2018-01-31
IMG_20180131_094015559.jpg,Electric Work,ev-charger,EV charging infrastructure for home,"West Covina, CA 91790",2018-01-31
IMG_20180131_094018235.jpg,Electric Work,lighting,Track lighting installation in workshop,"Burbank, CA 91502",2018-01-31
IMG_20180209_133028682_HDR.jpg,Electric Work,safety,Whole-house surge protector installation,"Sylmar, CA 91342",2018-02-09
IMG_20180209_133031550_HDR.jpg,Electric Work,safety,Code compliance upgrade,"Tarzana, CA 91356",2018-02-09
IMG_20180209_133036299_HDR-PANO(1).jpg,Electric Work,lighting,Outdoor security light installation,"Glendale, CA 91201",2018-02-09
IMG_20180209_133036299_HDR-PANO.jpg,Electric Work,outlet,Double outlet installation in garage,"Sylmar, CA 91342",2018-02-09
IMG_20180209_133036299_HDR.jpg,Electric Work,ev-charger,Tesla Wall Connector installation,"Torrance, CA 90501",2018-02-09
IMG_20180209_133039066_HDR.jpg,Electric Work,safety,Lightning protection system,"La Canada Flintridge, CA 91011",2018-02-09
IMG_20180209_133041598_HDR.jpg,Electric Work,ev-charger,EV charging infrastructure for home,"Arcadia, CA 91006",2018-02-09
IMG_20180209_133044245_HDR.jpg,Electric Work,ev-charger,Hardwired EV charging station installation,"Malibu, CA 90265",2018-02-09
IMG_20180209_133048694_HDR.jpg,Electric Work,ev-charger,Hardwired EV charging station installation,"Rancho Cucamonga, CA 91730",2018-02-09
IMG_20180209_133059309_HDR.jpg,Electric Work,safety,Lightning protection system,"Hollywood, CA 90028",2018-02-09
IMG_20180209_133102246_HDR.jpg,Electric Work,safety,Arc fault breaker installation for bedrooms,"Hawthorne, CA 90250",2018-02-09
IMG_20180209_133105086_HDR.jpg,Electric Work,lighting,Chandelier installation in dining room,"Culver City, CA 90232",2018-02-09
IMG_20180209_133107972_HDR.jpg,Electric Work,lighting,Track lighting installation in workshop,"Santa Ana, CA 92701",2018-02-09
IMG_20180209_133110382_HDR.jpg,Electric Work,safety,Code compliance upgrade,"Redondo Beach, CA 90277",2018-02-09
IMG_20180209_133113342_HDR.jpg,Electric Work,outlet,Under-cabinet outlet installation,"Sierra Madre, CA 91024",2018-02-09
IMG_20180209_133118285_HDR.jpg,Electric Work,ev-charger,EV charging infrastructure for home,"San Clemente, CA 92672",2018-02-09
IMG_20180209_133120693_HDR.jpg,Electric Work,safety,Whole-house surge protector installation,"San Clemente, CA 92672",2018-02-09
IMG_20180209_133123379_HDR.jpg,Electric Work,lighting,Outdoor security light installation,"Winnetka, CA 91306",2018-02-09
IMG_20180209_133126263_HDR.jpg,Electric Work,outlet,Tamper-resistant outlet installation,"Whittier, CA 90601",2018-02-09
IMG_20180209_133129705_HDR.jpg,Electric Work,lighting,Landscape lighting installation,"Sierra Madre, CA 91024",2018-02-09
IMG_20180209_133133142_HDR.jpg,Electric Work,outlet,GFCI outlet installation in kitchen,"Sun Valley, CA 91352",2018-02-09
IMG_20180209_133136553_HDR.jpg,Electric Work,outlet,Double outlet installation in garage,"Upland, CA 91786",2018-02-09
IMG_20180213_101449830_LL.jpg,Electric Work,lighting,Track lighting installation in workshop,"Whittier, CA 90601",2018-02-13
IMG_20180213_101459191.jpg,Electric Work,outlet,Double outlet installation in garage,"Burbank, CA 91502",2018-02-13
IMG_20180213_101556565.jpg,Electric Work,outlet,Tamper-resistant outlet installation,"Azusa, CA 91702",2018-02-13
IMG_20180213_101600073.jpg,Electric Work,lighting,Chandelier installation in dining room,"Irvine, CA 92618",2018-02-13
IMG_20180213_142038258.jpg,Electric Work,ev-charger,EV charging infrastructure for home,"Gardena, CA 90247",2018-02-13
IMG_20180213_142045476.jpg,Electric Work,ev-charger,Level 2 EV charger installation,"Hawthorne, CA 90250",2018-02-13
IMG_20180213_142051259.jpg,Electric Work,lighting,Landscape lighting installation,"Long Beach, CA 90802",2018-02-13
IMG_20180213_142103492.jpg,Electric Work,lighting,Chandelier installation in dining room,"La Crescenta, CA 91214",2018-02-13
IMG_20180214_072701302.jpg,Electric Work,lighting,Chandelier installation in dining room,"Reseda, CA 91335",2018-02-14
IMG_20180214_072705760.jpg,Electric Work,outlet,Under-cabinet outlet installation,"Long Beach, CA 90802",2018-02-14
IMG_20180214_072708409.jpg,Electric Work,lighting,Track lighting installation in workshop,"La Crescenta, CA 91214",2018-02-14
IMG_20180214_072710997.jpg,Electric Work,outlet,Under-cabinet outlet installation,"Covina, CA 91722",2018-02-14
IMG_20180214_072712970_HDR.jpg,Electric Work,outlet,Double outlet installation in garage,"Culver City, CA 90232",2018-02-14
IMG_20180214_072716280_HDR.jpg,Electric Work,ev-charger,EV charging infrastructure for home,"Covina, CA 91722",2018-02-14
IMG_20180214_072720384_HDR.jpg,Electric Work,lighting,Ceiling fan with light installation,"Inglewood, CA 90301",2018-02-14
IMG_20180214_072723886_HDR.jpg,Electric Work,safety,Lightning protection system,"Long Beach, CA 90802",2018-02-14
IMG_20180214_072726163_HDR.jpg,Electric Work,lighting,Outdoor security light installation,"Beverly Hills, CA 90210",2018-02-14
IMG_20180214_072731441_HDR.jpg,Electric Work,ev-charger,Hardwired EV charging station installation,"Hermosa Beach, CA 90254",2018-02-14
IMG_20180214_072733778_HDR.jpg,Electric Work,safety,Lightning protection system,"Pasadena, CA 91101",2018-02-14
IMG_20180214_072736143_HDR.jpg,Electric Work,ev-charger,EV charging infrastructure for home,"Burbank, CA 91502",2018-02-14
IMG_20180214_072738360_HDR.jpg,Electric Work,safety,Code compliance upgrade,"Granada Hills, CA 91344",2018-02-14
IMG_20180214_072740985_HDR.jpg,Electric Work,lighting,Chandelier installation in dining room,"Orange, CA 92866",2018-02-14
IMG_20180214_072757095_HDR.jpg,Electric Work,lighting,Chandelier installation in dining room,"Long Beach, CA 90802",2018-02-14
IMG_20180214_072759559_HDR.jpg,Electric Work,ev-charger,Tesla Wall Connector installation,"Tujunga, CA 91042",2018-02-14
IMG_20180214_072802170_HDR.jpg,Electric Work,safety,Whole-house surge protector installation,"Fullerton, CA 92831",2018-02-14
IMG_20180214_072804881_HDR.jpg,Electric Work,ev-charger,Level 2 EV charger installation,"Redondo Beach, CA 90277",2018-02-14
IMG_20180214_072807018_HDR.jpg,Electric Work,outlet,Tamper-resistant outlet installation,"Granada Hills, CA 91344",2018-02-14
IMG_20180214_072809428_HDR.jpg,Electric Work,lighting,Landscape lighting installation,"Gardena, CA 90247",2018-02-14
IMG_20180214_072812598_HDR.jpg,Electric Work,lighting,Ceiling fan with light installation,"Irvine, CA 92618",2018-02-14
IMG_20180214_072815235_HDR.jpg,Electric Work,outlet,Double outlet installation in garage,"Covina, CA 91722",2018-02-14
IMG_20180214_073134360.jpg,Electric Work,lighting,Ceiling fan with light installation,"Studio City, CA 91604",2018-02-14
IMG_20180214_073136755_HDR.jpg,Electric Work,outlet,Double outlet installation in garage,"Sherman Oaks, CA 91423",2018-02-14
IMG_20180214_073138860.jpg,Electric Work,lighting,Chandelier installation in dining room,"Laguna Beach, CA 92651",2018-02-14
IMG_20180214_084723396_HDR.jpg,Electric Work,ev-charger,Hardwired EV charging station installation,"Woodland Hills, CA 91367",2018-02-14
IMG_20180214_084735703_HDR.jpg,Electric Work,safety,Whole-house surge protector installation,"Torrance, CA 90501",2018-02-14
IMG_20180214_084742486_HDR.jpg,Electric Work,outlet,Outdoor outlet with weatherproof cover,"West Covina, CA 91790",2018-02-14
IMG_20180214_084750870_HDR.jpg,Electric Work,ev-charger,Hardwired EV charging station installation,"Hermosa Beach, CA 90254",2018-02-14
IMG_20180306_102724954_HDR.jpg,Electric Work,outlet,Outdoor outlet with weatherproof cover,"La Crescenta, CA 91214",2018-03-06
IMG_20180307_132122179_HDR.jpg,Electric Work,lighting,Landscape lighting installation,"Beverly Hills, CA 90210",2018-03-07
IMG_20180307_132140845_HDR.jpg,Electric Work,safety,Arc fault breaker installation for bedrooms,"Orange, CA 92866",2018-03-07
IMG_20180307_132142952_HDR.jpg,Electric Work,safety,Arc fault breaker installation for bedrooms,"Irvine, CA 92618",2018-03-07
IMG_20180307_132241944_HDR.jpg,Electric Work,outlet,Double outlet installation in garage,"Sylmar, CA 91342",2018-03-07
IMG_20180307_132246039_HDR.jpg,Electric Work,safety,Lightning protection system,"Costa Mesa, CA 92626",2018-03-07
IMG_20180307_132248745_HDR.jpg,Electric Work,outlet,Double outlet installation in garage,"Northridge, CA 91324",2018-03-07
IMG_20180307_132251989_HDR.jpg,Electric Work,outlet,Under-cabinet outlet installation,"Fullerton, CA 92831",2018-03-07
IMG_20180307_132259703_HDR.jpg,Electric Work,outlet,Outdoor outlet with weatherproof cover,"Hollywood, CA 90028",2018-03-07
IMG_20180307_132306777_HDR.jpg,Electric Work,safety,Whole-house surge protector installation,"West Hollywood, CA 90069",2018-03-07
IMG_20180307_132311620_HDR.jpg,Electric Work,ev-charger,Tesla Wall Connector installation,"Hawthorne, CA 90250",2018-03-07
IMG_20180307_132316802_HDR.jpg,Electric Work,lighting,Chandelier installation in dining room,"Norwalk, CA 90650",2018-03-07
IMG_20180307_133954164.jpg,Electric Work,ev-charger,EV charging infrastructure for home,"Irvine, CA 92618",2018-03-07
IMG_20180307_135806987_HDR.jpg,Electric Work,ev-charger,Hardwired EV charging station installation,"Redondo Beach, CA 90277",2018-03-07
IMG_20180307_135825128_HDR.jpg,Electric Work,outlet,Double outlet installation in garage,"Pacoima, CA 91331",2018-03-07
IMG_20180307_135840158_HDR.jpg,Electric Work,lighting,Outdoor security light installation,"Monrovia, CA 91016",2018-03-07
IMG_20180307_135847218.jpg,Electric Work,lighting,Landscape lighting installation,"Encino, CA 91436",2018-03-07
IMG_20180307_135857357.jpg,Electric Work,lighting,Ceiling fan with light installation,"Long Beach, CA 90802",2018-03-07
IMG_20180307_135914484.jpg,Electric Work,ev-charger,Tesla Wall Connector installation,"Van Nuys, CA 91405",2018-03-07
IMG_20180307_135918132.jpg,Electric Work,lighting,Landscape lighting installation,"Encino, CA 91436",2018-03-07
IMG_20180307_135931500_HDR.jpg,Electric Work,lighting,Landscape lighting installation,"Mission Hills, CA 91345",2018-03-07
IMG_20180313_103804628_HDR.jpg,Electric Work,ev-charger,Outdoor-rated EV charger installation,"Lake Forest, CA 92630",2018-03-13
IMG_20180313_103824127_HDR.jpg,Electric Work,outlet,Outdoor outlet with weatherproof cover,"North Hollywood, CA 91601",2018-03-13
IMG_20180313_143217953.jpg,Electric Work,safety,Emergency lighting installation,"Glendale, CA 91201",2018-03-13
IMG_20180313_143221064_HDR.jpg,Electric Work,ev-charger,EV charging infrastructure for home,"Hawthorne, CA 90250",2018-03-13
IMG_20180313_143226700_HDR.jpg,Electric Work,safety,Emergency lighting installation,"Downey, CA 90241",2018-03-13
IMG_20180509_114152831.jpg,Electric Work,safety,Emergency lighting installation,"Long Beach, CA 90802",2018-05-09
IMG_20180509_114202300.jpg,Electric Work,outlet,Tamper-resistant outlet installation,"Irvine, CA 92618",2018-05-09
IMG_20180509_114208330.jpg,Electric Work,outlet,Outdoor outlet with weatherproof cover,"West Hollywood, CA 90069",2018-05-09
IMG_20180614_110741383.jpg,Electric Work,safety,Lightning protection system,"Carson, CA 90745",2018-06-14
IMG_20180614_110749432.jpg,Electric Work,safety,Code compliance upgrade,"Rancho Cucamonga, CA 91730",2018-06-14
IMG_20180614_110820622.jpg,Electric Work,safety,Whole-house surge protector installation,"Malibu, CA 90265",2018-06-14
IMG_20180614_125612634.jpg,Electric Work,lighting,Landscape lighting installation,"Downey, CA 90241",2018-06-14
IMG_20180614_125616293.jpg,Electric Work,safety,Code compliance upgrade,"Mission Viejo, CA 92691",2018-06-14
IMG_20180614_131355066.jpg,Electric Work,safety,Whole-house surge protector installation,"Rancho Cucamonga, CA 91730",2018-06-14
IMG_20180614_131358333.jpg,Electric Work,outlet,GFCI outlet installation in kitchen,"Arcadia, CA 91006",2018-06-14
IMG_20180614_131409165.jpg,Electric Work,lighting,Outdoor security light installation,"Ontario, CA 91764",2018-06-14
IMG_20180821_101626746_HDR.jpg,Electric Work,ev-charger,EV charging infrastructure for home,"Inglewood, CA 90301",2018-08-21
IMG_20190110_100604112.jpg,Electric Work,panel-upgrade,New breaker installation for dedicated circuits,"Woodland Hills, CA 91367",2019-01-10
IMG_20190110_100609461.jpg,Electric Work,inspection,Panel inspection and testing,"Inglewood, CA 90301",2019-01-10
IMG_20190110_100620712.jpg,Electric Work,panel-upgrade,New breaker installation for dedicated circuits,"Newport Beach, CA 92660",2019-01-10
IMG_20190326_084249600.jpg,Electric Work,inspection,Safety compliance verification,"Northridge, CA 91324",2019-03-26
IMG_20190326_084253538.jpg,Electric Work,generator,Whole-house generator installation,"Rancho Cucamonga, CA 91730",2019-03-26
IMG_20190326_084258851.jpg,Electric Work,inspection,Panel inspection and testing,"Glendale, CA 91201",2019-03-26
IMG_20190326_084305497.jpg,Electric Work,inspection,Load calculation and panel assessment,"West Covina, CA 91790",2019-03-26
IMG_20190326_084316381.jpg,Electric Work,generator,Manual transfer switch installation,"Newport Beach, CA 92660",2019-03-26
IMG_20190326_084320723.jpg,Electric Work,rewiring,Complete home rewiring from panel to outlets,"Ontario, CA 91764",2019-03-26
IMG_20190326_084325241.jpg,Electric Work,panel-upgrade,Old fuse box to modern breaker panel conversion,"Hawthorne, CA 90250",2019-03-26
IMG_20190326_084328777.jpg,Electric Work,generator,Generator maintenance and testing,"Carson, CA 90745",2019-03-26
IMG_20190326_084332588.jpg,Electric Work,panel-upgrade,Old fuse box to modern breaker panel conversion,"Anaheim, CA 92801",2019-03-26
IMG_20190326_084335932.jpg,Electric Work,panel-upgrade,Circuit breaker panel replacement,"Downey, CA 90241",2019-03-26
IMG_20190326_084338465.jpg,Electric Work,panel-upgrade,Old fuse box to modern breaker panel conversion,"Glendale, CA 91201",2019-03-26
IMG_20190326_084341071.jpg,Electric Work,generator,Whole-house generator installation,"Torrance, CA 90501",2019-03-26
IMG_20190326_084343942.jpg,Electric Work,generator,Whole-house generator installation,"Van Nuys, CA 91405",2019-03-26
IMG_20190326_084346548.jpg,Electric Work,rewiring,New circuit installation for kitchen remodel,"Fullerton, CA 92831",2019-03-26
IMG_20190326_111713801.jpg,Electric Work,inspection,Load calculation and panel assessment,"Winnetka, CA 91306",2019-03-26
IMG_20190327_081359028.jpg,Electric Work,generator,Outdoor generator connection box,"Whittier, CA 90601",2019-03-27
IMG_20190327_081402058.jpg,Electric Work,panel-upgrade,Circuit breaker panel replacement,"Downey, CA 90241",2019-03-27
IMG_20190327_131213017.jpg,Electric Work,rewiring,New circuit installation for kitchen remodel,"Downey, CA 90241",2019-03-27
IMG_20190327_131220303.jpg,Electric Work,generator,Portable generator hookup setup,"Monrovia, CA 91016",2019-03-27
IMG_20190327_151202990.jpg,Electric Work,generator,Manual transfer switch installation,"Arcadia, CA 91006",2019-03-27
IMG_20190327_151214560.jpg,Electric Work,inspection,Permit inspection preparation,"Irvine, CA 92618",2019-03-27
IMG_20190327_151218632.jpg,Electric Work,rewiring,Complete home rewiring from panel to outlets,"Malibu, CA 90265",2019-03-27
IMG_20190422_081857581.jpg,Electric Work,generator,Manual transfer switch installation,"Winnetka, CA 91306",2019-04-22
IMG_20190422_081906399.jpg,Electric Work,generator,Generator maintenance and testing,"Hermosa Beach, CA 90254",2019-04-22
IMG_20190422_081923630.jpg,Electric Work,inspection,Permit inspection preparation,"Norwalk, CA 90650",2019-04-22
IMG_20190422_081925839.jpg,Electric Work,generator,Portable generator hookup setup,"Studio City, CA 91604",2019-04-22
IMG_20190430_081037559.jpg,Electric Work,rewiring,Electrical rough-in for new construction,"Van Nuys, CA 91405",2019-04-30
IMG_20190430_081040774.jpg,Electric Work,generator,Outdoor generator connection box,"Tarzana, CA 91356",2019-04-30
IMG_20190430_081042879.jpg,Electric Work,generator,Whole-house generator installation,"North Hollywood, CA 91601",2019-04-30
IMG_20190512_135135719.jpg,Electric Work,generator,Manual transfer switch installation,"Hawthorne, CA 90250",2019-05-12
IMG_20190512_135141183.jpg,Electric Work,inspection,Panel inspection and testing,"Long Beach, CA 90802",2019-05-12
IMG_20190512_135146945.jpg,Electric Work,panel-upgrade,Old fuse box to modern breaker panel conversion,"Beverly Hills, CA 90210",2019-05-12
IMG_20190512_135630078.jpg,Electric Work,generator,Manual transfer switch installation,"West Covina, CA 91790",2019-05-12
IMG_20190512_135635044.jpg,Electric Work,generator,Generator maintenance and testing,"Inglewood, CA 90301",2019-05-12
IMG_20190513_112802903.jpg,Electric Work,generator,Portable generator hookup setup,"Long Beach, CA 90802",2019-05-13
IMG_20190513_112809958.jpg,Electric Work,inspection,Safety compliance verification,"Van Nuys, CA 91405",2019-05-13
IMG_20190513_112820886.jpg,Electric Work,inspection,Panel inspection and testing,"Culver City, CA 90232",2019-05-13
IMG_20190520_124912109.jpg,Electric Work,inspection,Load calculation and panel assessment,"Encino, CA 91436",2019-05-20
IMG_20190520_124922830.jpg,Electric Work,panel-upgrade,New breaker installation for dedicated circuits,"Glendale, CA 91201",2019-05-20
IMG_20190520_124926388.jpg,Electric Work,generator,Manual transfer switch installation,"Northridge, CA 91324",2019-05-20
IMG_20190520_124928992.jpg,Electric Work,rewiring,Complete home rewiring from panel to outlets,"West Hollywood, CA 90069",2019-05-20
IMG_20190528_130342996.jpg,Electric Work,panel-upgrade,New breaker installation for dedicated circuits,"Altadena, CA 91001",2019-05-28
IMG_20190528_130350961.jpg,Electric Work,generator,Generator maintenance and testing,"Anaheim, CA 92801",2019-05-28
IMG_20190607_102932672.jpg,Electric Work,generator,Portable generator hookup setup,"Woodland Hills, CA 91367",2019-06-07
IMG_20190607_102935929.jpg,Electric Work,rewiring,Wire management and organization,"Reseda, CA 91335",2019-06-07
IMG_20190607_102942140.jpg,Electric Work,inspection,Permit inspection preparation,"Winnetka, CA 91306",2019-06-07
IMG_20190610_135351231.jpg,Electric Work,rewiring,Electrical rough-in for new construction,"Hollywood, CA 90028",2019-06-10
IMG_20190610_135355920.jpg,Electric Work,inspection,Circuit labeling and documentation,"North Hollywood, CA 91601",2019-06-10
IMG_20190610_135402430.jpg,Electric Work,panel-upgrade,New breaker installation for dedicated circuits,"Chatsworth, CA 91311",2019-06-10
IMG_20190610_135415911.jpg,Electric Work,panel-upgrade,Circuit breaker panel replacement,"Pasadena, CA 91101",2019-06-10
IMG_20190610_135420167.jpg,Electric Work,inspection,Circuit labeling and documentation,"Orange, CA 92866",2019-06-10
IMG_20190610_135428887.jpg,Electric Work,panel-upgrade,200-amp panel upgrade for home addition,"Woodland Hills, CA 91367",2019-06-10
IMG_20190610_135432390.jpg,Electric Work,rewiring,Complete home rewiring from panel to outlets,"Long Beach, CA 90802",2019-06-10
IMG_20190823_085456737.jpg,Electric Work,inspection,Permit inspection preparation,"Long Beach, CA 90802",2019-08-23
IMG_20190823_085506040_HDR.jpg,Electric Work,rewiring,Romex wire installation through walls,"Azusa, CA 91702",2019-08-23
IMG_20190823_085516920_HDR.jpg,Electric Work,generator,Portable generator hookup setup,"Mission Viejo, CA 92691",2019-08-23
IMG_20190823_085525265_HDR.jpg,Electric Work,generator,Generator maintenance and testing,"Van Nuys, CA 91405",2019-08-23
IMG_20190823_085526966_HDR.jpg,Electric Work,rewiring,Romex wire installation through walls,"Hollywood, CA 90028",2019-08-23
IMG_20190823_090202157_HDR.jpg,Electric Work,rewiring,Complete home rewiring from panel to outlets,"Rancho Cucamonga, CA 91730",2019-08-23
IMG_20190823_090206366_HDR.jpg,Electric Work,inspection,Circuit labeling and documentation,"Hermosa Beach, CA 90254",2019-08-23
IMG_20190823_090214928_HDR.jpg,Electric Work,rewiring,Complete home rewiring from panel to outlets,"Whittier, CA 90601",2019-08-23
IMG_20190823_090219015_HDR.jpg,Electric Work,panel-upgrade,Old fuse box to modern breaker panel conversion,"West Covina, CA 91790",2019-08-23
IMG_20190823_090232412_HDR.jpg,Electric Work,generator,Portable generator hookup setup,"Irvine, CA 92618",2019-08-23
IMG_20190823_090239482_HDR.jpg,Electric Work,inspection,Safety compliance verification,"Gardena, CA 90247",2019-08-23
IMG_20190823_090241359_HDR.jpg,Electric Work,generator,Generator maintenance and testing,"Sun Valley, CA 91352",2019-08-23
IMG_20190823_090802168_HDR.jpg,Electric Work,panel-upgrade,Circuit breaker panel replacement,"Studio City, CA 91604",2019-08-23
IMG_20190823_090804018_HDR.jpg,Electric Work,panel-upgrade,Old fuse box to modern breaker panel conversion,"Sherman Oaks, CA 91423",2019-08-23
IMG_20190823_100934805_HDR.jpg,Electric Work,inspection,Circuit labeling and documentation,"Ontario, CA 91764",2019-08-23
IMG_20190823_100936549_HDR.jpg,Electric Work,rewiring,Romex wire installation through walls,"Inglewood, CA 90301",2019-08-23
IMG_20190823_101635809.jpg,Electric Work,rewiring,Romex wire installation through walls,"Manhattan Beach, CA 90266",2019-08-23
IMG_20190823_101637292.jpg,Electric Work,panel-upgrade,Panel cover installation with labeled breakers,"Canoga Park, CA 91303",2019-08-23
IMG_20190823_101641473_HDR.jpg,Electric Work,panel-upgrade,200-amp panel upgrade for home addition,"Orange, CA 92866",2019-08-23
IMG_20190823_101643067_HDR.jpg,Electric Work,panel-upgrade,Circuit breaker panel replacement,"Azusa, CA 91702",2019-08-23
IMG_20190823_101646982_HDR.jpg,Electric Work,panel-upgrade,New breaker installation for dedicated circuits,"Inglewood, CA 90301",2019-08-23
IMG_20190823_102041724.jpg,Electric Work,rewiring,Wire management and organization,"Hollywood, CA 90028",2019-08-23
IMG_20190823_102046134_HDR.jpg,Electric Work,inspection,Load calculation and panel assessment,"Redondo Beach, CA 90277",2019-08-23
IMG_20190823_114232668_HDR.jpg,Electric Work,generator,Outdoor generator connection box,"Inglewood, CA 90301",2019-08-23
IMG_20190823_114235802_HDR.jpg,Electric Work,inspection,Panel inspection and testing,"Covina, CA 91722",2019-08-23
IMG_20190823_114245328_HDR.jpg,Electric Work,rewiring,Complete home rewiring from panel to outlets,"La Canada Flintridge, CA 91011",2019-08-23
IMG_20190823_114254272_HDR.jpg,Electric Work,rewiring,Electrical rough-in for new construction,"Redondo Beach, CA 90277",2019-08-23
IMG_20190828_135417807_HDR.jpg,Electric Work,rewiring,New circuit installation for kitchen remodel,"Altadena, CA 91001",2019-08-28
IMG_20190828_135426703_HDR.jpg,Electric Work,generator,Portable generator hookup setup,"Granada Hills, CA 91344",2019-08-28
IMG_20190828_135430525.jpg,Electric Work,rewiring,Complete home rewiring from panel to outlets,"Chatsworth, CA 91311",2019-08-28
IMG_20190904_101714955_HDR.jpg,Electric Work,generator,Portable generator hookup setup,"Winnetka, CA 91306",2019-09-04
IMG_20190904_101719568_HDR.jpg,Electric Work,generator,Whole-house generator installation,"Sylmar, CA 91342",2019-09-04
IMG_20190904_101728208_HDR.jpg,Electric Work,inspection,Panel inspection and testing,"Hollywood, CA 90028",2019-09-04
IMG_20190904_105250072_HDR.jpg,Electric Work,rewiring,New circuit installation for kitchen remodel,"West Hollywood, CA 90069",2019-09-04
IMG_20190904_105253645_HDR.jpg,Electric Work,inspection,Circuit labeling and documentation,"Beverly Hills, CA 90210",2019-09-04
IMG_20190904_105256666_HDR.jpg,Electric Work,panel-upgrade,Circuit breaker panel replacement,"West Covina, CA 91790",2019-09-04
IMG_20190904_105259767_HDR.jpg,Electric Work,inspection,Panel inspection and testing,"Long Beach, CA 90802",2019-09-04
IMG_20190904_125909649.jpg,Electric Work,inspection,Circuit labeling and documentation,"Reseda, CA 91335",2019-09-04
IMG_20190906_084421823.jpg,Electric Work,inspection,Load calculation and panel assessment,"Rancho Cucamonga, CA 91730",2019-09-06
IMG_20190906_084432620.jpg,Electric Work,generator,Generator maintenance and testing,"Studio City, CA 91604",2019-09-06
IMG_20190906_084503310.jpg,Electric Work,inspection,Panel inspection and testing,"Rancho Cucamonga, CA 91730",2019-09-06
IMG_20190906_084524654.jpg,Electric Work,generator,Manual transfer switch installation,"Tujunga, CA 91042",2019-09-06
IMG_20190906_084528827.jpg,Electric Work,generator,Generator maintenance and testing,"San Clemente, CA 92672",2019-09-06
IMG_20190906_084532403.jpg,Electric Work,inspection,Load calculation and panel assessment,"Glendale, CA 91201",2019-09-06
IMG_20190906_084732070.jpg,Electric Work,inspection,Load calculation and panel assessment,"Sherman Oaks, CA 91423",2019-09-06
IMG_20190906_084735484.jpg,Electric Work,panel-upgrade,Old fuse box to modern breaker panel conversion,"Lake Forest, CA 92630",2019-09-06
IMG_20190906_084739691.jpg,Electric Work,inspection,Permit inspection preparation,"Pasadena, CA 91101",2019-09-06
IMG_20190906_084743624.jpg,Electric Work,inspection,Circuit labeling and documentation,"Encino, CA 91436",2019-09-06
IMG_20190906_084844821.jpg,Electric Work,panel-upgrade,Circuit breaker panel replacement,"La Crescenta, CA 91214",2019-09-06
IMG_20190906_084848822.jpg,Electric Work,rewiring,Electrical rough-in for new construction,"Carson, CA 90745",2019-09-06
IMG_20190906_084855224.jpg,Electric Work,inspection,Circuit labeling and documentation,"Encino, CA 91436",2019-09-06
IMG_20190906_084904742.jpg,Electric Work,generator,Manual transfer switch installation,"Winnetka, CA 91306",2019-09-06
IMG_20190906_090036915.jpg,Electric Work,inspection,Permit inspection preparation,"Azusa, CA 91702",2019-09-06
IMG_20190906_090042515.jpg,Electric Work,inspection,Safety compliance verification,"Azusa, CA 91702",2019-09-06
IMG_20190906_090043077.jpg,Electric Work,rewiring,New circuit installation for kitchen remodel,"Pasadena, CA 91101",2019-09-06
IMG_20190906_090044501.jpg,Electric Work,inspection,Safety compliance verification,"Santa Monica, CA 90401",2019-09-06
IMG_20190910_070316440.jpg,Electric Work,inspection,Safety compliance verification,"Hawthorne, CA 90250",2019-09-10
IMG_20190910_070320720.jpg,Electric Work,generator,Generator maintenance and testing,"Downey, CA 90241",2019-09-10
IMG_20190910_070325376.jpg,Electric Work,generator,Portable generator hookup setup,"Costa Mesa, CA 92626",2019-09-10
IMG_20190910_070330190.jpg,Electric Work,panel-upgrade,200-amp panel upgrade for home addition,"Upland, CA 91786",2019-09-10
IMG_20190910_070336798.jpg,Electric Work,inspection,Permit inspection preparation,"Covina, CA 91722",2019-09-10
IMG_20190910_070340141.jpg,Electric Work,panel-upgrade,Panel cover installation with labeled breakers,"Studio City, CA 91604",2019-09-10
IMG_20190910_070344376.jpg,Electric Work,panel-upgrade,Panel cover installation with labeled breakers,"Upland, CA 91786",2019-09-10
IMG_20190910_071217231.jpg,Electric Work,generator,Outdoor generator connection box,"Tujunga, CA 91042",2019-09-10
IMG_20190910_071225078.jpg,Electric Work,panel-upgrade,Old fuse box to modern breaker panel conversion,"Culver City, CA 90232",2019-09-10
IMG_20190910_071229973.jpg,Electric Work,inspection,Panel inspection and testing,"Sherman Oaks, CA 91423",2019-09-10
IMG_20190910_071249774.jpg,Electric Work,generator,Manual transfer switch installation,"Arcadia, CA 91006",2019-09-10
IMG_20190910_071252881.jpg,Electric Work,inspection,Safety compliance verification,"La Crescenta, CA 91214",2019-09-10
IMG_20190912_114110526_HDR.jpg,Electric Work,generator,Outdoor generator connection box,"Anaheim, CA 92801",2019-09-12
IMG_20190912_114114804_HDR.jpg,Electric Work,rewiring,Complete home rewiring from panel to outlets,"Sierra Madre, CA 91024",2019-09-12
IMG_20190912_114118152.jpg,Electric Work,panel-upgrade,New breaker installation for dedicated circuits,"Encino, CA 91436",2019-09-12
IMG_20190913_094011916_HDR.jpg,Electric Work,rewiring,Electrical rough-in for new construction,"Pacoima, CA 91331",2019-09-13
IMG_20190913_094338574_HDR.jpg,Electric Work,rewiring,Electrical rough-in for new construction,"Irvine, CA 92618",2019-09-13
IMG_20190913_094341817_HDR.jpg,Electric Work,generator,Portable generator hookup setup,"Reseda, CA 91335",2019-09-13
IMG_20190913_103034832_HDR.jpg,Electric Work,rewiring,Electrical rough-in for new construction,"Ontario, CA 91764",2019-09-13
IMG_20190913_103036722_HDR.jpg,Electric Work,inspection,Load calculation and panel assessment,"Burbank, CA 91502",2019-09-13
IMG_20190913_103041183.jpg,Electric Work,inspection,Circuit labeling and documentation,"Upland, CA 91786",2019-09-13
IMG_20190916_091506797_HDR.jpg,Electric Work,generator,Whole-house generator installation,"Azusa, CA 91702",2019-09-16
IMG_20190916_091509101_HDR.jpg,Electric Work,inspection,Load calculation and panel assessment,"Santa Ana, CA 92701",2019-09-16
IMG_20190916_114042751_HDR.jpg,Electric Work,generator,Portable generator hookup setup,"Downey, CA 90241",2019-09-16
IMG_20190917_071651250_HDR-PANO.jpg,Electric Work,panel-upgrade,Circuit breaker panel replacement,"Santa Monica, CA 90401",2019-09-17
IMG_20190917_071651250_HDR.jpg,Electric Work,rewiring,Wire management and organization,"Pasadena, CA 91101",2019-09-17
IMG_20190917_071654454_HDR.jpg,Electric Work,panel-upgrade,200-amp panel upgrade for home addition,"Torrance, CA 90501",2019-09-17
IMG_20190917_071657528.jpg,Electric Work,rewiring,Wire management and organization,"Chatsworth, CA 91311",2019-09-17
IMG_20190917_125204268_HDR.jpg,Electric Work,inspection,Panel inspection and testing,"Irvine, CA 92618",2019-09-17
IMG_20190917_125213873_HDR.jpg,Electric Work,panel-upgrade,Circuit breaker panel replacement,"Hawthorne, CA 90250",2019-09-17
IMG_20190917_125216738_HDR.jpg,Electric Work,panel-upgrade,Old fuse box to modern breaker panel conversion,"Culver City, CA 90232",2019-09-17
IMG_20190917_125219103_HDR.jpg,Electric Work,generator,Generator maintenance and testing,"Inglewood, CA 90301",2019-09-17
IMG_20191014_092101231.jpg,Electric Work,panel-upgrade,Circuit breaker panel replacement,"Malibu, CA 90265",2019-10-14
IMG_20191014_092219234_HDR.jpg,Electric Work,rewiring,Romex wire installation through walls,"Long Beach, CA 90802",2019-10-14
IMG_20191023_081643029.jpg,Electric Work,inspection,Permit inspection preparation,"Carson, CA 90745",2019-10-23
IMG_20191023_081656280.jpg,Electric Work,rewiring,New circuit installation for kitchen remodel,"Pacoima, CA 91331",2019-10-23
IMG_20191023_081702167.jpg,Electric Work,generator,Whole-house generator installation,"Van Nuys, CA 91405",2019-10-23
IMG_20191023_084024576.jpg,Electric Work,inspection,Permit inspection preparation,"Lake Forest, CA 92630",2019-10-23
IMG_20191023_084032295.jpg,Electric Work,inspection,Permit inspection preparation,"Canoga Park, CA 91303",2019-10-23
IMG_20191023_084036805.jpg,Electric Work,panel-upgrade,New breaker installation for dedicated circuits,"North Hollywood, CA 91601",2019-10-23
IMG_20191024_105546387-PANO.jpg,Electric Work,inspection,Permit inspection preparation,"Pasadena, CA 91101",2019-10-24
IMG_20191024_105546387.jpg,Electric Work,panel-upgrade,200-amp panel upgrade for home addition,"Anaheim, CA 92801",2019-10-24
IMG_20191024_105553755_HDR.jpg,Electric Work,rewiring,Complete home rewiring from panel to outlets,"Woodland Hills, CA 91367",2019-10-24
IMG_20191024_105557446_HDR.jpg,Electric Work,inspection,Safety compliance verification,"Anaheim, CA 92801",2019-10-24
IMG_20191024_105607132_HDR.jpg,Electric Work,generator,Manual transfer switch installation,"Upland, CA 91786",2019-10-24
IMG_20191024_105611188_HDR.jpg,Electric Work,panel-upgrade,New breaker installation for dedicated circuits,"Inglewood, CA 90301",2019-10-24
IMG_20191024_105614284_HDR.jpg,Electric Work,inspection,Safety compliance verification,"Sherman Oaks, CA 91423",2019-10-24
IMG_20191024_105617205.jpg,Electric Work,generator,Whole-house generator installation,"Sherman Oaks, CA 91423",2019-10-24
IMG_20191024_105619882_HDR.jpg,Electric Work,rewiring,Complete home rewiring from panel to outlets,"Beverly Hills, CA 90210",2019-10-24
IMG_20191024_105621985_HDR.jpg,Electric Work,generator,Generator maintenance and testing,"Sylmar, CA 91342",2019-10-24
IMG_20200106_084436.jpg,Electric Work,ev-charger,EV charging infrastructure for home,"Whittier, CA 90601",2020-01-06
IMG_20200106_084440.jpg,Electric Work,ev-charger,Outdoor-rated EV charger installation,"Azusa, CA 91702",2020-01-06
IMG_20200106_084451.jpg,Electric Work,ev-charger,Tesla Wall Connector installation,"Sherman Oaks, CA 91423",2020-01-06
IMG_20200106_084456.jpg,Electric Work,ev-charger,Outdoor-rated EV charger installation,"Sylmar, CA 91342",2020-01-06
IMG_20200106_084458.jpg,Electric Work,panel-upgrade,200-amp panel upgrade for home addition,"Long Beach, CA 90802",2020-01-06
IMG_20200106_084507.jpg,Electric Work,lighting,Under-cabinet LED lighting setup,"Azusa, CA 91702",2020-01-06
IMG_20200106_102914.jpg,Electric Work,lighting,Recessed lighting installation in kitchen,"Encino, CA 91436",2020-01-06
IMG_20200106_102918.jpg,Electric Work,lighting,Pendant light installation over island,"West Covina, CA 91790",2020-01-06
IMG_20200106_102922.jpg,Electric Work,repair,Wire damage repair in wall,"San Clemente, CA 92672",2020-01-06
IMG_20200109_091024.jpg,Electric Work,repair,Flickering light repair,"Monrovia, CA 91016",2020-01-09
IMG_20200109_091032.jpg,Electric Work,panel-upgrade,200-amp panel upgrade for home addition,"Canoga Park, CA 91303",2020-01-09
IMG_20200109_091041.jpg,Electric Work,ev-charger,Level 2 EV charger installation,"Sun Valley, CA 91352",2020-01-09
IMG_20200109_091101.jpg,Electric Work,panel-upgrade,Circuit breaker panel replacement,"Carson, CA 90745",2020-01-09
IMG_20200109_091104.jpg,Electric Work,lighting,Under-cabinet LED lighting setup,"Pasadena, CA 91101",2020-01-09
IMG_20200109_091237.jpg,Electric Work,lighting,LED strip lighting under stairs,"Covina, CA 91722",2020-01-09
IMG_20200109_091242.jpg,Electric Work,lighting,Recessed lighting installation in kitchen,"Torrance, CA 90501",2020-01-09
IMG_20200109_091244.jpg,Electric Work,ev-charger,Hardwired EV charging station installation,"Van Nuys, CA 91405",2020-01-09
IMG_20200109_091722.jpg,Electric Work,lighting,Under-cabinet LED lighting setup,"Sun Valley, CA 91352",2020-01-09
IMG_20200109_091937.jpg,Electric Work,lighting,Pendant light installation over island,"Sun Valley, CA 91352",2020-01-09
IMG_20200109_091943.jpg,Electric Work,ev-charger,EV charging infrastructure for home,"La Canada Flintridge, CA 91011",2020-01-09
IMG_20200109_204306.jpg,Electric Work,panel-upgrade,Circuit breaker panel replacement,"Arcadia, CA 91006",2020-01-09
IMG_20200109_204313.jpg,Electric Work,lighting,LED strip lighting under stairs,"Torrance, CA 90501",2020-01-09
IMG_20200110_091138.jpg,Electric Work,panel-upgrade,Circuit breaker panel replacement,"Fullerton, CA 92831",2020-01-10
IMG_20200110_091140.jpg,Electric Work,repair,Circuit breaker repair,"Tarzana, CA 91356",2020-01-10
IMG_20200110_091203.jpg,Electric Work,ev-charger,EV charging infrastructure for home,"Laguna Beach, CA 92651",2020-01-10
IMG_20200124_114722.jpg,Electric Work,ev-charger,Hardwired EV charging station installation,"Winnetka, CA 91306",2020-01-24
IMG_20200124_114725.jpg,Electric Work,lighting,Wall sconce installation in hallway,"Torrance, CA 90501",2020-01-24
IMG_20200124_114732.jpg,Electric Work,panel-upgrade,New breaker installation for dedicated circuits,"Norwalk, CA 90650",2020-01-24
IMG_20200124_121925.jpg,Electric Work,ev-charger,Level 2 EV charger installation,"Ontario, CA 91764",2020-01-24
IMG_20200124_121930.jpg,Electric Work,ev-charger,EV charging infrastructure for home,"Arcadia, CA 91006",2020-01-24
IMG_20200124_121933.jpg,Electric Work,panel-upgrade,New breaker installation for dedicated circuits,"Ontario, CA 91764",2020-01-24
IMG_20200124_123615.jpg,Electric Work,ev-charger,Hardwired EV charging station installation,"Inglewood, CA 90301",2020-01-24
IMG_20200124_123622.jpg,Electric Work,lighting,Recessed lighting installation in kitchen,"Long Beach, CA 90802",2020-01-24
IMG_20200124_123623.jpg,Electric Work,panel-upgrade,Circuit breaker panel replacement,"Winnetka, CA 91306",2020-01-24
IMG_20200124_125057.jpg,Electric Work,lighting,Recessed lighting installation in kitchen,"Newport Beach, CA 92660",2020-01-24
IMG_20200124_125101.jpg,Electric Work,panel-upgrade,Panel cover installation with labeled breakers,"Culver City, CA 90232",2020-01-24
IMG_20200124_125105.jpg,Electric Work,lighting,Pendant light installation over island,"La Canada Flintridge, CA 91011",2020-01-24
IMG_20200124_125156.jpg,Electric Work,panel-upgrade,200-amp panel upgrade for home addition,"Torrance, CA 90501",2020-01-24
IMG_20200124_125157.jpg,Electric Work,ev-charger,Outdoor-rated EV charger installation,"Mission Hills, CA 91345",2020-01-24
IMG_20200206_080213.jpg,Electric Work,ev-charger,Tesla Wall Connector installation,"Downey, CA 90241",2020-02-06
IMG_20200206_080215.jpg,Electric Work,ev-charger,Tesla Wall Connector installation,"La Canada Flintridge, CA 91011",2020-02-06
IMG_20200206_080551_MP.jpg,Electric Work,panel-upgrade,New breaker installation for dedicated circuits,"Redondo Beach, CA 90277",2020-02-06
IMG_20200206_080553.jpg,Electric Work,lighting,Recessed lighting installation in kitchen,"West Hollywood, CA 90069",2020-02-06
IMG_20200206_083344.jpg,Electric Work,ev-charger,Outdoor-rated EV charger installation,"Long Beach, CA 90802",2020-02-06
IMG_20200206_083346.jpg,Electric Work,ev-charger,EV charging infrastructure for home,"Granada Hills, CA 91344",2020-02-06
IMG_20200206_084325.jpg,Electric Work,repair,Flickering light repair,"San Clemente, CA 92672",2020-02-06
IMG_20200206_084327.jpg,Electric Work,ev-charger,Level 2 EV charger installation,"Newport Beach, CA 92660",2020-02-06
IMG_20200206_084425.jpg,Electric Work,ev-charger,EV charging infrastructure for home,"Northridge, CA 91324",2020-02-06
IMG_20200206_084426.jpg,Electric Work,lighting,Pendant light installation over island,"Sherman Oaks, CA 91423",2020-02-06
IMG_20200225_103958.jpg,Electric Work,panel-upgrade,Old fuse box to modern breaker panel conversion,"Hawthorne, CA 90250",2020-02-25
IMG_20200225_103959.jpg,Electric Work,repair,Wire damage repair in wall,"Pasadena, CA 91101",2020-02-25
IMG_20200225_104002.jpg,Electric Work,ev-charger,Hardwired EV charging station installation,"Gardena, CA 90247",2020-02-25
IMG_20200225_104003.jpg,Electric Work,panel-upgrade,New breaker installation for dedicated circuits,"Covina, CA 91722",2020-02-25
IMG_20200225_104005.jpg,Electric Work,lighting,Under-cabinet LED lighting setup,"Chatsworth, CA 91311",2020-02-25
IMG_20200225_104007.jpg,Electric Work,lighting,Under-cabinet LED lighting setup,"Azusa, CA 91702",2020-02-25
IMG_20200225_104010.jpg,Electric Work,panel-upgrade,Panel cover installation with labeled breakers,"Reseda, CA 91335",2020-02-25
IMG_20200225_104011.jpg,Electric Work,lighting,Under-cabinet LED lighting setup,"Fullerton, CA 92831",2020-02-25
IMG_20200225_104102.jpg,Electric Work,repair,Circuit breaker repair,"Laguna Beach, CA 92651",2020-02-25
IMG_20200225_104108.jpg,Electric Work,panel-upgrade,Circuit breaker panel replacement,"Irvine, CA 92618",2020-02-25
IMG_20200225_104110.jpg,Electric Work,ev-charger,EV charging infrastructure for home,"North Hollywood, CA 91601",2020-02-25
IMG_20200225_104111.jpg,Electric Work,repair,Electrical outlet repair,"Glendale, CA 91201",2020-02-25
IMG_20200225_104916.jpg,Electric Work,panel-upgrade,Circuit breaker panel replacement,"Winnetka, CA 91306",2020-02-25
IMG_20200225_104917.jpg,Electric Work,panel-upgrade,200-amp panel upgrade for home addition,"Long Beach, CA 90802",2020-02-25
IMG_20200225_104919.jpg,Electric Work,repair,Electrical outlet repair,"Irvine, CA 92618",2020-02-25
IMG_20200225_104920.jpg,Electric Work,repair,Circuit breaker repair,"Inglewood, CA 90301",2020-02-25
IMG_20200225_104921.jpg,Electric Work,ev-charger,EV charging infrastructure for home,"Beverly Hills, CA 90210",2020-02-25
IMG_20200225_105652.jpg,Electric Work,panel-upgrade,Old fuse box to modern breaker panel conversion,"Reseda, CA 91335",2020-02-25
IMG_20200225_105657.jpg,Electric Work,ev-charger,Level 2 EV charger installation,"Studio City, CA 91604",2020-02-25
IMG_20200225_105700_MP.jpg,Electric Work,repair,Flickering light repair,"Altadena, CA 91001",2020-02-25
IMG_20200225_105702.jpg,Electric Work,repair,Wire damage repair in wall,"Norwalk, CA 90650",2020-02-25
IMG_20200318_120808.jpg,Electric Work,repair,Flickering light repair,"Gardena, CA 90247",2020-03-18
IMG_20200403_091944_01.jpg,Electric Work,repair,Wire damage repair in wall,"Encino, CA 91436",2020-04-03
IMG_20200403_114555.jpg,Electric Work,ev-charger,Hardwired EV charging station installation,"Santa Monica, CA 90401",2020-04-03
IMG_20200403_114558.jpg,Electric Work,repair,Electrical outlet repair,"Hermosa Beach, CA 90254",2020-04-03
IMG_20200403_114621.jpg,Electric Work,lighting,Pendant light installation over island,"Sherman Oaks, CA 91423",2020-04-03
IMG_20200403_114629.jpg,Electric Work,ev-charger,Hardwired EV charging station installation,"Sylmar, CA 91342",2020-04-03
IMG_20200403_114631.jpg,Electric Work,lighting,Wall sconce installation in hallway,"Hawthorne, CA 90250",2020-04-03
IMG_20200404_083554.jpg,Electric Work,repair,Flickering light repair,"Tujunga, CA 91042",2020-04-04
IMG_20200404_083556.jpg,Electric Work,lighting,Under-cabinet LED lighting setup,"Sun Valley, CA 91352",2020-04-04
IMG_20200404_083557.jpg,Electric Work,panel-upgrade,Old fuse box to modern breaker panel conversion,"Norwalk, CA 90650",2020-04-04
IMG_20200404_083559.jpg,Electric Work,repair,Wire damage repair in wall,"Culver City, CA 90232",2020-04-04
IMG_20200404_083605.jpg,Electric Work,ev-charger,Level 2 EV charger installation,"Burbank, CA 91502",2020-04-04
IMG_20200407_101021.jpg,Electric Work,panel-upgrade,Old fuse box to modern breaker panel conversion,"Covina, CA 91722",2020-04-07
IMG_20200407_101026.jpg,Electric Work,ev-charger,Level 2 EV charger installation,"Altadena, CA 91001",2020-04-07
IMG_20200407_101034_MP.jpg,Electric Work,ev-charger,Hardwired EV charging station installation,"Sierra Madre, CA 91024",2020-04-07
IMG_20200414_110814.jpg,Electric Work,ev-charger,Hardwired EV charging station installation,"Hawthorne, CA 90250",2020-04-14
IMG_20200414_110819.jpg,Electric Work,ev-charger,Hardwired EV charging station installation,"Mission Viejo, CA 92691",2020-04-14
IMG_20200414_110913.jpg,Electric Work,repair,Flickering light repair,"Santa Monica, CA 90401",2020-04-14
IMG_20200414_110917.jpg,Electric Work,lighting,Recessed lighting installation in kitchen,"Santa Ana, CA 92701",2020-04-14
IMG_20200414_111135.jpg,Electric Work,lighting,Wall sconce installation in hallway,"Tujunga, CA 91042",2020-04-14
IMG_20200414_111138_MP.jpg,Electric Work,repair,Flickering light repair,"Fullerton, CA 92831",2020-04-14
IMG_20200414_111150.jpg,Electric Work,ev-charger,Hardwired EV charging station installation,"Laguna Beach, CA 92651",2020-04-14
IMG_20200414_112033.jpg,Electric Work,panel-upgrade,Circuit breaker panel replacement,"West Covina, CA 91790",2020-04-14
IMG_20200416_112033.jpg,Electric Work,ev-charger,EV charging infrastructure for home,"Sun Valley, CA 91352",2020-04-16
IMG_20200416_112056.jpg,Electric Work,lighting,Under-cabinet LED lighting setup,"Upland, CA 91786",2020-04-16
IMG_20200416_112102.jpg,Electric Work,lighting,Pendant light installation over island,"Gardena, CA 90247",2020-04-16
IMG_20200416_112115.jpg,Electric Work,ev-charger,EV charging infrastructure for home,"Covina, CA 91722",2020-04-16
IMG_20200416_112121.jpg,Electric Work,lighting,Recessed lighting installation in kitchen,"Santa Ana, CA 92701",2020-04-16
IMG_20200416_112152.jpg,Electric Work,lighting,Recessed lighting installation in kitchen,"Tarzana, CA 91356",2020-04-16
IMG_20200416_112154.jpg,Electric Work,ev-charger,Outdoor-rated EV charger installation,"Canoga Park, CA 91303",2020-04-16
IMG_20200416_112158.jpg,Electric Work,ev-charger,Tesla Wall Connector installation,"Granada Hills, CA 91344",2020-04-16
IMG_20200416_112205.jpg,Electric Work,lighting,Wall sconce installation in hallway,"Woodland Hills, CA 91367",2020-04-16
IMG_20200416_112210.jpg,Electric Work,panel-upgrade,Panel cover installation with labeled breakers,"Hermosa Beach, CA 90254",2020-04-16
IMG_20200416_112339.jpg,Electric Work,panel-upgrade,Panel cover installation with labeled breakers,"Manhattan Beach, CA 90266",2020-04-16
IMG_20200416_112352.jpg,Electric Work,repair,Ground fault repair,"Santa Monica, CA 90401",2020-04-16
IMG_20200416_112358.jpg,Electric Work,lighting,Under-cabinet LED lighting setup,"Covina, CA 91722",2020-04-16
IMG_20200416_112402.jpg,Electric Work,lighting,Under-cabinet LED lighting setup,"Sylmar, CA 91342",2020-04-16
IMG_20200416_112410.jpg,Electric Work,repair,Ground fault repair,"Inglewood, CA 90301",2020-04-16
IMG_20200416_112414.jpg,Electric Work,ev-charger,Tesla Wall Connector installation,"Mission Viejo, CA 92691",2020-04-16
IMG_20200416_112417.jpg,Electric Work,repair,Wire damage repair in wall,"Sierra Madre, CA 91024",2020-04-16
IMG_20200416_112421.jpg,Electric Work,ev-charger,Tesla Wall Connector installation,"Sherman Oaks, CA 91423",2020-04-16
IMG_20200416_112427.jpg,Electric Work,panel-upgrade,Circuit breaker panel replacement,"Studio City, CA 91604",2020-04-16
IMG_20200416_112430.jpg,Electric Work,lighting,LED strip lighting under stairs,"Reseda, CA 91335",2020-04-16
IMG_20200416_112435.jpg,Electric Work,lighting,LED strip lighting under stairs,"Fullerton, CA 92831",2020-04-16
IMG_20200416_112444.jpg,Electric Work,panel-upgrade,Panel cover installation with labeled breakers,"Lake Forest, CA 92630",2020-04-16
IMG_20200416_112449.jpg,Electric Work,lighting,Under-cabinet LED lighting setup,"Whittier, CA 90601",2020-04-16
IMG_20200416_113116-PANO.jpg,Electric Work,lighting,Under-cabinet LED lighting setup,"Monrovia, CA 91016",2020-04-16
IMG_20200416_113116.jpg,Electric Work,ev-charger,Level 2 EV charger installation,"Reseda, CA 91335",2020-04-16
IMG_20200416_113118.jpg,Electric Work,repair,Circuit breaker repair,"Sun Valley, CA 91352",2020-04-16
IMG_20200416_113119.jpg,Electric Work,ev-charger,Level 2 EV charger installation,"Sierra Madre, CA 91024",2020-04-16
IMG_20200416_113121.jpg,Electric Work,repair,Ground fault repair,"Torrance, CA 90501",2020-04-16
IMG_20200416_113122.jpg,Electric Work,repair,Electrical outlet repair,"Culver City, CA 90232",2020-04-16
IMG_20200416_113124_MP.jpg,Electric Work,lighting,Pendant light installation over island,"Pacoima, CA 91331",2020-04-16
IMG_20200416_113125_MP.jpg,Electric Work,lighting,Wall sconce installation in hallway,"Pasadena, CA 91101",2020-04-16
IMG_20200416_113126_MP.jpg,Electric Work,lighting,Under-cabinet LED lighting setup,"San Clemente, CA 92672",2020-04-16
IMG_20200416_113129.jpg,Electric Work,panel-upgrade,200-amp panel upgrade for home addition,"Encino, CA 91436",2020-04-16
IMG_20200515_142335.jpg,Electric Work,ev-charger,Level 2 EV charger installation,"Upland, CA 91786",2020-05-15
IMG_20200515_142340.jpg,Electric Work,panel-upgrade,Old fuse box to modern breaker panel conversion,"Pasadena, CA 91101",2020-05-15
IMG_20200515_142347.jpg,Electric Work,panel-upgrade,200-amp panel upgrade for home addition,"Northridge, CA 91324",2020-05-15
IMG_20200521_085942.jpg,Electric Work,panel-upgrade,New breaker installation for dedicated circuits,"Hawthorne, CA 90250",2020-05-21
IMG_20200521_085949.jpg,Electric Work,repair,Wire damage repair in wall,"Upland, CA 91786",2020-05-21
IMG_20200521_085952.jpg,Electric Work,lighting,Pendant light installation over island,"West Covina, CA 91790",2020-05-21
IMG_20200521_101055.jpg,Electric Work,lighting,Under-cabinet LED lighting setup,"Malibu, CA 90265",2020-05-21
IMG_20200521_101056.jpg,Electric Work,repair,Circuit breaker repair,"Glendale, CA 91201",2020-05-21
IMG_20200521_111344.jpg,Electric Work,lighting,Recessed lighting installation in kitchen,"Beverly Hills, CA 90210",2020-05-21
IMG_20200521_111346.jpg,Electric Work,repair,Electrical outlet repair,"Altadena, CA 91001",2020-05-21
IMG_20200521_111350.jpg,Electric Work,lighting,Recessed lighting installation in kitchen,"Torrance, CA 90501",2020-05-21
IMG_20200521_111353.jpg,Electric Work,ev-charger,Outdoor-rated EV charger installation,"Inglewood, CA 90301",2020-05-21
IMG_20200521_111355.jpg,Electric Work,repair,Flickering light repair,"Azusa, CA 91702",2020-05-21
IMG_20200521_111411.jpg,Electric Work,panel-upgrade,New breaker installation for dedicated circuits,"Tarzana, CA 91356",2020-05-21
IMG_20200526_100424.jpg,Electric Work,repair,Ground fault repair,"Upland, CA 91786",2020-05-26
IMG_20200526_100431.jpg,Electric Work,lighting,Under-cabinet LED lighting setup,"Redondo Beach, CA 90277",2020-05-26
IMG_20200526_100433.jpg,Electric Work,ev-charger,Outdoor-rated EV charger installation,"Orange, CA 92866",2020-05-26
IMG_20200526_100435.jpg,Electric Work,lighting,LED strip lighting under stairs,"Pasadena, CA 91101",2020-05-26
IMG_20200616_100544.jpg,Electric Work,lighting,LED strip lighting under stairs,"Encino, CA 91436",2020-06-16
IMG_20200616_100546.jpg,Electric Work,ev-charger,Outdoor-rated EV charger installation,"Burbank, CA 91502",2020-06-16
IMG_20200616_100549.jpg,Electric Work,repair,Circuit breaker repair,"Beverly Hills, CA 90210",2020-06-16
IMG_20200616_100554.jpg,Electric Work,repair,Wire damage repair in wall,"Hawthorne, CA 90250",2020-06-16
IMG_20200616_100558.jpg,Electric Work,ev-charger,Outdoor-rated EV charger installation,"Upland, CA 91786",2020-06-16
IMG_20200616_100604.jpg,Electric Work,repair,Wire damage repair in wall,"Whittier, CA 90601",2020-06-16
IMG_20200617_103237.jpg,Electric Work,repair,Circuit breaker repair,"Winnetka, CA 91306",2020-06-17
IMG_20200617_103239.jpg,Electric Work,lighting,Pendant light installation over island,"Glendale, CA 91201",2020-06-17
IMG_20200617_103241.jpg,Electric Work,repair,Circuit breaker repair,"Santa Monica, CA 90401",2020-06-17
IMG_20200617_103244.jpg,Electric Work,lighting,Pendant light installation over island,"Woodland Hills, CA 91367",2020-06-17
IMG_20200617_103250.jpg,Electric Work,ev-charger,Hardwired EV charging station installation,"Culver City, CA 90232",2020-06-17
IMG_20200617_103253.jpg,Electric Work,lighting,LED strip lighting under stairs,"Glendale, CA 91201",2020-06-17
IMG_20200617_103255.jpg,Electric Work,lighting,Wall sconce installation in hallway,"Mission Hills, CA 91345",2020-06-17
IMG_20200617_103257.jpg,Electric Work,panel-upgrade,200-amp panel upgrade for home addition,"Gardena, CA 90247",2020-06-17
IMG_20200617_103300.jpg,Electric Work,panel-upgrade,New breaker installation for dedicated circuits,"Studio City, CA 91604",2020-06-17
IMG_20200618_102939.jpg,Electric Work,panel-upgrade,New breaker installation for dedicated circuits,"Sherman Oaks, CA 91423",2020-06-18
IMG_20200618_102942.jpg,Electric Work,panel-upgrade,Circuit breaker panel replacement,"Redondo Beach, CA 90277",2020-06-18
IMG_20200618_111124.jpg,Electric Work,lighting,Wall sconce installation in hallway,"Rancho Cucamonga, CA 91730",2020-06-18
IMG_20200618_111127.jpg,Electric Work,repair,Circuit breaker repair,"Hawthorne, CA 90250",2020-06-18
IMG_20200618_111130.jpg,Electric Work,repair,Ground fault repair,"Chatsworth, CA 91311",2020-06-18
IMG_20200618_111141.jpg,Electric Work,panel-upgrade,200-amp panel upgrade for home addition,"Pasadena, CA 91101",2020-06-18
IMG_20200618_111145.jpg,Electric Work,ev-charger,Outdoor-rated EV charger installation,"Orange, CA 92866",2020-06-18
IMG_20200619_142731.jpg,Electric Work,ev-charger,Hardwired EV charging station installation,"Laguna Beach, CA 92651",2020-06-19
IMG_20200619_142746.jpg,Electric Work,repair,Electrical outlet repair,"Tujunga, CA 91042",2020-06-19
IMG_20200622_094745.jpg,Electric Work,panel-upgrade,200-amp panel upgrade for home addition,"Altadena, CA 91001",2020-06-22
IMG_20200622_094747.jpg,Electric Work,panel-upgrade,Old fuse box to modern breaker panel conversion,"Rancho Cucamonga, CA 91730",2020-06-22
IMG_20200622_094750.jpg,Electric Work,ev-charger,Outdoor-rated EV charger installation,"Downey, CA 90241",2020-06-22
IMG_20200622_094753.jpg,Electric Work,ev-charger,EV charging infrastructure for home,"Northridge, CA 91324",2020-06-22
IMG_20200622_095601.jpg,Electric Work,ev-charger,Level 2 EV charger installation,"Fullerton, CA 92831",2020-06-22
IMG_20200622_095604.jpg,Electric Work,ev-charger,Level 2 EV charger installation,"Long Beach, CA 90802",2020-06-22
IMG_20200622_095610.jpg,Electric Work,panel-upgrade,Panel cover installation with labeled breakers,"San Clemente, CA 92672",2020-06-22
IMG_20200622_095613.jpg,Electric Work,lighting,Under-cabinet LED lighting setup,"Irvine, CA 92618",2020-06-22
IMG_20200622_095623.jpg,Electric Work,repair,Ground fault repair,"Malibu, CA 90265",2020-06-22
IMG_20200622_095626.jpg,Electric Work,ev-charger,Outdoor-rated EV charger installation,"La Crescenta, CA 91214",2020-06-22
IMG_20200622_095629.jpg,Electric Work,ev-charger,Level 2 EV charger installation,"Ontario, CA 91764",2020-06-22
IMG_20200629_105717-PANO.jpg,Electric Work,repair,Ground fault repair,"Chatsworth, CA 91311",2020-06-29
IMG_20200629_105717.jpg,Electric Work,repair,Wire damage repair in wall,"Torrance, CA 90501",2020-06-29
IMG_20200629_105719.jpg,Electric Work,repair,Electrical outlet repair,"Sun Valley, CA 91352",2020-06-29
IMG_20200629_105723.jpg,Electric Work,repair,Wire damage repair in wall,"Pacoima, CA 91331",2020-06-29
IMG_20200717_124053.jpg,Electric Work,panel-upgrade,Circuit breaker panel replacement,"Redondo Beach, CA 90277",2020-07-17
IMG_20200717_124055.jpg,Electric Work,panel-upgrade,Old fuse box to modern breaker panel conversion,"Arcadia, CA 91006",2020-07-17
IMG_20200717_125625.jpg,Electric Work,panel-upgrade,Old fuse box to modern breaker panel conversion,"Encino, CA 91436",2020-07-17
IMG_20200717_125638.jpg,Electric Work,repair,Circuit breaker repair,"Sherman Oaks, CA 91423",2020-07-17
IMG_20200717_125701.jpg,Electric Work,lighting,Under-cabinet LED lighting setup,"San Clemente, CA 92672",2020-07-17
IMG_20200717_125730.jpg,Electric Work,lighting,Under-cabinet LED lighting setup,"Mission Hills, CA 91345",2020-07-17
IMG_20200717_125732.jpg,Electric Work,panel-upgrade,200-amp panel upgrade for home addition,"Laguna Beach, CA 92651",2020-07-17
IMG_20200717_125811.jpg,Electric Work,repair,Circuit breaker repair,"Azusa, CA 91702",2020-07-17
IMG_20200717_130144.jpg,Electric Work,panel-upgrade,Circuit breaker panel replacement,"North Hollywood, CA 91601",2020-07-17
IMG_20200717_130156.jpg,Electric Work,lighting,LED strip lighting under stairs,"Granada Hills, CA 91344",2020-07-17
IMG_20200717_130245.jpg,Electric Work,ev-charger,Outdoor-rated EV charger installation,"Carson, CA 90745",2020-07-17
IMG_20200717_130247.jpg,Electric Work,ev-charger,Hardwired EV charging station installation,"Santa Monica, CA 90401",2020-07-17
IMG_20200717_130259.jpg,Electric Work,ev-charger,Hardwired EV charging station installation,"North Hollywood, CA 91601",2020-07-17
IMG_20200717_130303.jpg,Electric Work,panel-upgrade,New breaker installation for dedicated circuits,"Hollywood, CA 90028",2020-07-17
IMG_20200717_135255.jpg,Electric Work,panel-upgrade,200-amp panel upgrade for home addition,"Glendale, CA 91201",2020-07-17
IMG_20200721_093100.jpg,Electric Work,repair,Wire damage repair in wall,"Pacoima, CA 91331",2020-07-21
IMG_20200721_093102.jpg,Electric Work,repair,Electrical outlet repair,"Ontario, CA 91764",2020-07-21
IMG_20200721_093104.jpg,Electric Work,panel-upgrade,Panel cover installation with labeled breakers,"Norwalk, CA 90650",2020-07-21
IMG_20200721_093106.jpg,Electric Work,ev-charger,Hardwired EV charging station installation,"Santa Monica, CA 90401",2020-07-21
IMG_20200721_093107.jpg,Electric Work,ev-charger,EV charging infrastructure for home,"Torrance, CA 90501",2020-07-21
IMG_20200721_093109.jpg,Electric Work,ev-charger,Outdoor-rated EV charger installation,"Ontario, CA 91764",2020-07-21
IMG_20200721_093111.jpg,Electric Work,ev-charger,Hardwired EV charging station installation,"Laguna Beach, CA 92651",2020-07-21
IMG_20200721_093113.jpg,Electric Work,repair,Circuit breaker repair,"Pasadena, CA 91101",2020-07-21
IMG_20200724_134117.jpg,Electric Work,repair,Ground fault repair,"Chatsworth, CA 91311",2020-07-24
IMG_20200724_134146.jpg,Electric Work,lighting,LED strip lighting under stairs,"North Hollywood, CA 91601",2020-07-24
IMG_20200724_134149.jpg,Electric Work,repair,Circuit breaker repair,"Costa Mesa, CA 92626",2020-07-24
IMG_20200724_134152.jpg,Electric Work,lighting,Recessed lighting installation in kitchen,"Costa Mesa, CA 92626",2020-07-24
IMG_20200724_134155.jpg,Electric Work,panel-upgrade,Old fuse box to modern breaker panel conversion,"Sherman Oaks, CA 91423",2020-07-24
IMG_20200730_111314.jpg,Electric Work,ev-charger,Tesla Wall Connector installation,"Hermosa Beach, CA 90254",2020-07-30
IMG_20200730_111316.jpg,Electric Work,lighting,Under-cabinet LED lighting setup,"Santa Ana, CA 92701",2020-07-30
IMG_20200804_090844.jpg,Electric Work,panel-upgrade,Circuit breaker panel replacement,"North Hollywood, CA 91601",2020-08-04
IMG_20200804_090847.jpg,Electric Work,lighting,LED strip lighting under stairs,"Newport Beach, CA 92660",2020-08-04
IMG_20200804_090849.jpg,Electric Work,repair,Circuit breaker repair,"Manhattan Beach, CA 90266",2020-08-04
IMG_20200804_090852.jpg,Electric Work,panel-upgrade,200-amp panel upgrade for home addition,"West Hollywood, CA 90069",2020-08-04
IMG_20200804_090854.jpg,Electric Work,panel-upgrade,New breaker installation for dedicated circuits,"Sun Valley, CA 91352",2020-08-04
IMG_20200804_090856.jpg,Electric Work,panel-upgrade,Old fuse box to modern breaker panel conversion,"Burbank, CA 91502",2020-08-04
IMG_20200804_090857.jpg,Electric Work,lighting,LED strip lighting under stairs,"Covina, CA 91722",2020-08-04
IMG_20200804_090903.jpg,Electric Work,repair,Circuit breaker repair,"Altadena, CA 91001",2020-08-04
IMG_20200804_090905.jpg,Electric Work,repair,Ground fault repair,"Tujunga, CA 91042",2020-08-04
IMG_20200804_095550.jpg,Electric Work,lighting,Recessed lighting installation in kitchen,"Winnetka, CA 91306",2020-08-04
IMG_20200804_095557.jpg,Electric Work,ev-charger,Outdoor-rated EV charger installation,"Santa Ana, CA 92701",2020-08-04
IMG_20200804_095559.jpg,Electric Work,lighting,Under-cabinet LED lighting setup,"Chatsworth, CA 91311",2020-08-04
IMG_20200814_111124.jpg,Electric Work,lighting,LED strip lighting under stairs,"Glendale, CA 91201",2020-08-14
IMG_20200814_111130.jpg,Electric Work,ev-charger,Tesla Wall Connector installation,"Laguna Beach, CA 92651",2020-08-14
IMG_20200814_111142.jpg,Electric Work,lighting,LED strip lighting under stairs,"Redondo Beach, CA 90277",2020-08-14
IMG_20200814_111146.jpg,Electric Work,panel-upgrade,Old fuse box to modern breaker panel conversion,"La Canada Flintridge, CA 91011",2020-08-14
IMG_20200814_111149.jpg,Electric Work,lighting,Recessed lighting installation in kitchen,"Irvine, CA 92618",2020-08-14
IMG_20200923_112152.jpg,Electric Work,ev-charger,Level 2 EV charger installation,"La Crescenta, CA 91214",2020-09-23
IMG_20200923_112154.jpg,Electric Work,ev-charger,Outdoor-rated EV charger installation,"Anaheim, CA 92801",2020-09-23
IMG_20220929_111601_01.jpg,Electric Work,generator,Standby generator wiring,"Studio City, CA 91604",2022-09-29
IMG_20230926_081139529.jpg,Electric Work,rewiring,Romex wire installation through walls,"Pasadena, CA 91101",2023-09-26
IMG_20230926_083839481.jpg,Electric Work,safety,Emergency lighting installation,"Beverly Hills, CA 90210",2023-09-26
IMG_20230926_083840868.jpg,Electric Work,safety,Whole-house surge protector installation,"Granada Hills, CA 91344",2023-09-26
IMG_20230926_084034103.jpg,Electric Work,repair,Switch malfunction repair,"Redondo Beach, CA 90277",2023-09-26
IMG_20230926_084054042.jpg,Electric Work,safety,Emergency lighting installation,"Encino, CA 91436",2023-09-26
IMG_20230926_084604591.jpg,Electric Work,repair,Loose connection repair in panel,"Lake Forest, CA 92630",2023-09-26
IMG_20230926_084611503.jpg,Electric Work,repair,Switch malfunction repair,"Gardena, CA 90247",2023-09-26
IMG_20230926_091615365.jpg,Electric Work,repair,Electrical troubleshooting and diagnosis,"Costa Mesa, CA 92626",2023-09-26
IMG_20230926_091617957.jpg,Electric Work,safety,Lightning protection system,"La Canada Flintridge, CA 91011",2023-09-26
IMG_20230926_122702938_HDR.jpg,Electric Work,repair,Tripped breaker investigation,"Manhattan Beach, CA 90266",2023-09-26
IMG_20230926_122705891_HDR.jpg,Electric Work,safety,Code compliance upgrade,"Hollywood, CA 90028",2023-09-26
IMG_20230926_122711089_HDR.jpg,Electric Work,inspection,Panel inspection and testing,"Mission Viejo, CA 92691",2023-09-26
IMG_20230926_144700678.jpg,Electric Work,inspection,Circuit labeling and documentation,"Hermosa Beach, CA 90254",2023-09-26
IMG_20230926_144702247.jpg,Electric Work,repair,Electrical troubleshooting and diagnosis,"Pasadena, CA 91101",2023-09-26
IMG_20230927_141231562.jpg,Electric Work,repair,Switch malfunction repair,"Inglewood, CA 90301",2023-09-27
IMG_20230927_141236837.jpg,Electric Work,inspection,Permit inspection preparation,"Sierra Madre, CA 91024",2023-09-27
IMG_20230928_090809028_HDR.jpg,Electric Work,inspection,Circuit labeling and documentation,"Sierra Madre, CA 91024",2023-09-28
IMG_20230928_090815683.jpg,Electric Work,inspection,Permit inspection preparation,"Canoga Park, CA 91303",2023-09-28
IMG_20230928_090820361_HDR.jpg,Electric Work,safety,Emergency lighting installation,"San Clemente, CA 92672",2023-09-28
IMG_20230929_103359936_HDR.jpg,Electric Work,inspection,Circuit labeling and documentation,"San Clemente, CA 92672",2023-09-29
IMG_20230929_103413075_HDR.jpg,Electric Work,inspection,Circuit labeling and documentation,"Sylmar, CA 91342",2023-09-29
IMG_20230929_112126167.jpg,Electric Work,rewiring,Complete home rewiring from panel to outlets,"Hermosa Beach, CA 90254",2023-09-29
IMG_20230929_112130560.jpg,Electric Work,inspection,Safety compliance verification,"West Covina, CA 91790",2023-09-29
IMG_20230929_112139766_HDR.jpg,Electric Work,rewiring,Romex wire installation through walls,"Arcadia, CA 91006",2023-09-29
IMG_20231003_114437968.jpg,Electric Work,repair,Panel bus bar repair,"Pasadena, CA 91101",2023-10-03
IMG_20231003_114441446.jpg,Electric Work,inspection,Circuit labeling and documentation,"Upland, CA 91786",2023-10-03
IMG_20231004_143005845.jpg,Electric Work,inspection,Panel inspection and testing,"Ontario, CA 91764",2023-10-04
IMG_20231004_143011173.jpg,Electric Work,rewiring,Complete home rewiring from panel to outlets,"Manhattan Beach, CA 90266",2023-10-04
IMG_20231004_143016216.jpg,Electric Work,repair,Electrical troubleshooting and diagnosis,"Sherman Oaks, CA 91423",2023-10-04
IMG_20231010_081517386_HDR.jpg,Electric Work,safety,Arc fault breaker installation for bedrooms,"Beverly Hills, CA 90210",2023-10-10
IMG_20231010_081530892_HDR.jpg,Electric Work,inspection,Panel inspection and testing,"Costa Mesa, CA 92626",2023-10-10
IMG_20231010_081545745_HDR.jpg,Electric Work,repair,Loose connection repair in panel,"Lake Forest, CA 92630",2023-10-10
IMG_20231010_083636345_HDR.jpg,Electric Work,inspection,Permit inspection preparation,"North Hollywood, CA 91601",2023-10-10
IMG_20231010_084317463_HDR.jpg,Electric Work,rewiring,New circuit installation for kitchen remodel,"Sylmar, CA 91342",2023-10-10
IMG_20231012_092724159_HDR.jpg,Electric Work,safety,Whole-house surge protector installation,"West Hollywood, CA 90069",2023-10-12
IMG_20231017_083250805.jpg,Electric Work,rewiring,Romex wire installation through walls,"Orange, CA 92866",2023-10-17
IMG_20231019_075222763.jpg,Electric Work,repair,Switch malfunction repair,"Winnetka, CA 91306",2023-10-19
IMG_20231019_075227346.jpg,Electric Work,repair,Loose connection repair in panel,"Hawthorne, CA 90250",2023-10-19
IMG_20231019_075234444.jpg,Electric Work,rewiring,Wire management and organization,"Arcadia, CA 91006",2023-10-19
IMG_20231019_094603324.jpg,Electric Work,safety,Lightning protection system,"Santa Monica, CA 90401",2023-10-19
IMG_20231019_094606946.jpg,Electric Work,safety,Lightning protection system,"Altadena, CA 91001",2023-10-19
IMG_20231019_094614100.jpg,Electric Work,rewiring,Wire management and organization,"Anaheim, CA 92801",2023-10-19
IMG_20231102_141922507.jpg,Electric Work,repair,Tripped breaker investigation,"Inglewood, CA 90301",2023-11-02
IMG_20231110_074049761.jpg,Electric Work,safety,Lightning protection system,"Santa Monica, CA 90401",2023-11-10
IMG_20231110_074053981.jpg,Electric Work,repair,Electrical troubleshooting and diagnosis,"Redondo Beach, CA 90277",2023-11-10
IMG_20231110_074101681.jpg,Electric Work,repair,Switch malfunction repair,"Northridge, CA 91324",2023-11-10
IMG_20231110_074106077.jpg,Electric Work,rewiring,New circuit installation for kitchen remodel,"West Covina, CA 91790",2023-11-10
IMG_20231110_075744344_HDR.jpg,Electric Work,rewiring,New circuit installation for kitchen remodel,"Downey, CA 90241",2023-11-10
IMG_20231130_085037324.jpg,Electric Work,inspection,Permit inspection preparation,"Laguna Beach, CA 92651",2023-11-30
IMG_20231130_085046276.jpg,Electric Work,inspection,Safety compliance verification,"Northridge, CA 91324",2023-11-30
IMG_20240205_082919263.jpg,Electric Work,panel-upgrade,Panel cover installation with labeled breakers,"Arcadia, CA 91006",2024-02-05
IMG_20240205_082922408_HDR.jpg,Electric Work,outlet,Outlet with integrated night light,"Redondo Beach, CA 90277",2024-02-05
IMG_20240205_082927243.jpg,Electric Work,lighting,Wall sconce installation in hallway,"Glendale, CA 91201",2024-02-05
IMG_20240205_082930280.jpg,Electric Work,outlet,Outlet relocation during renovation,"Long Beach, CA 90802",2024-02-05
IMG_20240205_082938280_HDR.jpg,Electric Work,panel-upgrade,200-amp panel upgrade for home addition,"La Canada Flintridge, CA 91011",2024-02-05
IMG_20240305_103048282.jpg,Electric Work,panel-upgrade,Old fuse box to modern breaker panel conversion,"Norwalk, CA 90650",2024-03-05
IMG_20240322_083630917.jpg,Electric Work,lighting,Under-cabinet LED lighting setup,"Fullerton, CA 92831",2024-03-22
IMG_20240322_083636652_HDR.jpg,Electric Work,lighting,Wall sconce installation in hallway,"Woodland Hills, CA 91367",2024-03-22
IMG_20240322_083642966.jpg,Electric Work,ev-charger,Hardwired EV charging station installation,"North Hollywood, CA 91601",2024-03-22
IMG_20240322_083648662.jpg,Electric Work,outlet,Outlet relocation during renovation,"Long Beach, CA 90802",2024-03-22
IMG_20240322_083655198.jpg,Electric Work,lighting,Under-cabinet LED lighting setup,"La Crescenta, CA 91214",2024-03-22
IMG_20240322_084113828.jpg,Electric Work,outlet,Floor outlet installation in living room,"Altadena, CA 91001",2024-03-22
IMG_20240322_084116835_HDR.jpg,Electric Work,outlet,Outlet relocation during renovation,"Sylmar, CA 91342",2024-03-22
IMG_20240322_084119760.jpg,Electric Work,panel-upgrade,200-amp panel upgrade for home addition,"Santa Monica, CA 90401",2024-03-22
IMG_20240325_084408495.jpg,Electric Work,outlet,Floor outlet installation in living room,"Fullerton, CA 92831",2024-03-25
IMG_20240325_160037409.jpg,Electric Work,panel-upgrade,200-amp panel upgrade for home addition,"Sierra Madre, CA 91024",2024-03-25
IMG_20240325_160050522.jpg,Electric Work,lighting,LED strip lighting under stairs,"Hawthorne, CA 90250",2024-03-25
IMG_20240325_160058242.jpg,Electric Work,ev-charger,Hardwired EV charging station installation,"Tarzana, CA 91356",2024-03-25
IMG_20240325_160104592.jpg,Electric Work,panel-upgrade,200-amp panel upgrade for home addition,"Burbank, CA 91502",2024-03-25
IMG_20240325_160113368.jpg,Electric Work,panel-upgrade,Old fuse box to modern breaker panel conversion,"Winnetka, CA 91306",2024-03-25
IMG_20240325_160122284.jpg,Electric Work,lighting,Pendant light installation over island,"Tujunga, CA 91042",2024-03-25
IMG_20240325_160135709.jpg,Electric Work,panel-upgrade,Old fuse box to modern breaker panel conversion,"Encino, CA 91436",2024-03-25
IMG_20240325_160147134.jpg,Electric Work,outlet,Dedicated outlet for major appliance,"North Hollywood, CA 91601",2024-03-25
IMG_20240325_160200448.jpg,Electric Work,lighting,LED strip lighting under stairs,"Redondo Beach, CA 90277",2024-03-25
IMG_20240325_160206740.jpg,Electric Work,outlet,USB outlet installation in bedroom,"Beverly Hills, CA 90210",2024-03-25
IMG_20240325_160221773.jpg,Electric Work,outlet,Outlet relocation during renovation,"San Clemente, CA 92672",2024-03-25
IMG_20240325_161624065.jpg,Electric Work,ev-charger,EV charging infrastructure for home,"Culver City, CA 90232",2024-03-25
IMG_20240325_161632626.jpg,Electric Work,ev-charger,Level 2 EV charger installation,"La Canada Flintridge, CA 91011",2024-03-25
IMG_20240416_084346064.jpg,Electric Work,ev-charger,EV charging infrastructure for home,"Inglewood, CA 90301",2024-04-16
IMG_20240425_134757482_HDR.jpg,Electric Work,outlet,USB outlet installation in bedroom,"Inglewood, CA 90301",2024-04-25
IMG_20240425_134800775.jpg,Electric Work,lighting,Under-cabinet LED lighting setup,"Laguna Beach, CA 92651",2024-04-25
IMG_20240504_124505697.jpg,Electric Work,outlet,USB outlet installation in bedroom,"Chatsworth, CA 91311",2024-05-04
IMG_20240504_124510812_HDR.jpg,Electric Work,panel-upgrade,New breaker installation for dedicated circuits,"Manhattan Beach, CA 90266",2024-05-04
IMG_20240504_124513646.jpg,Electric Work,outlet,USB outlet installation in bedroom,"La Crescenta, CA 91214",2024-05-04
IMG_20240504_124525946.jpg,Electric Work,panel-upgrade,Panel cover installation with labeled breakers,"Carson, CA 90745",2024-05-04
IMG_20240504_124529184.jpg,Electric Work,ev-charger,EV charging infrastructure for home,"Azusa, CA 91702",2024-05-04
IMG_20240506_100541940_HDR.jpg,Electric Work,lighting,Wall sconce installation in hallway,"Lake Forest, CA 92630",2024-05-06
IMG_20240618_100241442_HDR.jpg,Electric Work,ev-charger,Tesla Wall Connector installation,"Newport Beach, CA 92660",2024-06-18
IMG_20240618_100255962_HDR.jpg,Electric Work,outlet,Dedicated outlet for major appliance,"Carson, CA 90745",2024-06-18
IMG_20240619_102940968_HDR.jpg,Electric Work,panel-upgrade,Circuit breaker panel replacement,"Culver City, CA 90232",2024-06-19
IMG_20240619_102949710_HDR.jpg,Electric Work,outlet,USB outlet installation in bedroom,"Chatsworth, CA 91311",2024-06-19
IMG_20240625_091021264.jpg,Electric Work,panel-upgrade,New breaker installation for dedicated circuits,"La Crescenta, CA 91214",2024-06-25
IMG_20240625_091025500_HDR.jpg,Electric Work,ev-charger,Hardwired EV charging station installation,"Glendale, CA 91201",2024-06-25
IMG_20240630_090846452_HDR.jpg,Electric Work,lighting,Recessed lighting installation in kitchen,"Tujunga, CA 91042",2024-06-30
IMG_20240630_090903129_HDR.jpg,Electric Work,lighting,Recessed lighting installation in kitchen,"Fullerton, CA 92831",2024-06-30
IMG_20240630_090915794_HDR.jpg,Electric Work,lighting,Pendant light installation over island,"Sun Valley, CA 91352",2024-06-30
IMG_20240630_091000072_HDR.jpg,Electric Work,lighting,LED strip lighting under stairs,"Anaheim, CA 92801",2024-06-30
IMG_20240630_100020892_HDR.jpg,Electric Work,lighting,Wall sconce installation in hallway,"Anaheim, CA 92801",2024-06-30
IMG_20240630_100030951_HDR.jpg,Electric Work,lighting,Under-cabinet LED lighting setup,"Hawthorne, CA 90250",2024-06-30
IMG_20240630_100040865_HDR.jpg,Electric Work,lighting,Pendant light installation over island,"Studio City, CA 91604",2024-06-30
IMG_20240709_130601173.jpg,Electric Work,panel-upgrade,Circuit breaker panel replacement,"Winnetka, CA 91306",2024-07-09
IMG_20240709_131746688_HDR.jpg,Electric Work,panel-upgrade,New breaker installation for dedicated circuits,"Woodland Hills, CA 91367",2024-07-09
IMG_20240709_131759724.jpg,Electric Work,panel-upgrade,200-amp panel upgrade for home addition,"Tujunga, CA 91042",2024-07-09
IMG_20240709_131843507_HDR.jpg,Electric Work,outlet,USB outlet installation in bedroom,"North Hollywood, CA 91601",2024-07-09
IMG_20240710_104307160.jpg,Electric Work,ev-charger,Level 2 EV charger installation,"Manhattan Beach, CA 90266",2024-07-10
IMG_20240710_104312810.jpg,Electric Work,lighting,Pendant light installation over island,"La Crescenta, CA 91214",2024-07-10
IMG_20240710_112003861.jpg,Electric Work,panel-upgrade,200-amp panel upgrade for home addition,"Chatsworth, CA 91311",2024-07-10
IMG_20240710_112011058.jpg,Electric Work,outlet,USB outlet installation in bedroom,"Long Beach, CA 90802",2024-07-10
IMG_20240710_112020694.jpg,Electric Work,panel-upgrade,200-amp panel upgrade for home addition,"Hawthorne, CA 90250",2024-07-10
IMG_20240710_112027399_HDR.jpg,Electric Work,ev-charger,Tesla Wall Connector installation,"Whittier, CA 90601",2024-07-10
IMG_20240710_112038246_HDR.jpg,Electric Work,lighting,Under-cabinet LED lighting setup,"Van Nuys, CA 91405",2024-07-10
IMG_20240723_103540100_HDR.jpg,Electric Work,ev-charger,Outdoor-rated EV charger installation,"Sun Valley, CA 91352",2024-07-23
IMG_20240726_114644272.jpg,Electric Work,outlet,USB outlet installation in bedroom,"Pasadena, CA 91101",2024-07-26
IMG_20240726_114654822_HDR.jpg,Electric Work,ev-charger,Tesla Wall Connector installation,"Whittier, CA 90601",2024-07-26
IMG_20240726_115844074.jpg,Electric Work,panel-upgrade,Circuit breaker panel replacement,"Norwalk, CA 90650",2024-07-26
IMG_20240726_115846231.jpg,Electric Work,lighting,LED strip lighting under stairs,"Glendale, CA 91201",2024-07-26
IMG_20240805_094903897_HDR.jpg,Electric Work,outlet,Floor outlet installation in living room,"Ontario, CA 91764",2024-08-05
IMG_20240805_094907546_HDR.jpg,Electric Work,panel-upgrade,Panel cover installation with labeled breakers,"Long Beach, CA 90802",2024-08-05
IMG_20240903_102357000.jpg,Electric Work,panel-upgrade,Panel cover installation with labeled breakers,"Lake Forest, CA 92630",2024-09-03
IMG_20240903_102359686.jpg,Electric Work,lighting,Recessed lighting installation in kitchen,"Redondo Beach, CA 90277",2024-09-03
IMG_20240906_105728393.jpg,Electric Work,lighting,Pendant light installation over island,"Gardena, CA 90247",2024-09-06
IMG_20240906_105737881.jpg,Electric Work,lighting,LED strip lighting under stairs,"Beverly Hills, CA 90210",2024-09-06
IMG_20240919_083119277_HDR.jpg,Electric Work,lighting,Pendant light installation over island,"Torrance, CA 90501",2024-09-19
IMG_20240919_083124744_HDR.jpg,Electric Work,outlet,Floor outlet installation in living room,"Hawthorne, CA 90250",2024-09-19
IMG_20240919_083135902.jpg,Electric Work,lighting,Wall sconce installation in hallway,"Hollywood, CA 90028",2024-09-19
IMG_20240919_144907960.jpg,Electric Work,lighting,Under-cabinet LED lighting setup,"Santa Ana, CA 92701",2024-09-19
IMG_20240919_144911766.jpg,Electric Work,lighting,Wall sconce installation in hallway,"Beverly Hills, CA 90210",2024-09-19
IMG_20240919_145345281.jpg,Electric Work,lighting,Recessed lighting installation in kitchen,"Lake Forest, CA 92630",2024-09-19
IMG_20241210_101719908.jpg,Electric Work,ev-charger,Hardwired EV charging station installation,"Anaheim, CA 92801",2024-12-10
IMG_20241210_101729076.jpg,Electric Work,ev-charger,Level 2 EV charger installation,"Northridge, CA 91324",2024-12-10
IMG_20241210_101734816.jpg,Electric Work,lighting,Under-cabinet LED lighting setup,"La Crescenta, CA 91214",2024-12-10
IMG_20241210_101739849.jpg,Electric Work,lighting,Under-cabinet LED lighting setup,"Pasadena, CA 91101",2024-12-10
IMG_20241210_101846224.jpg,Electric Work,lighting,Pendant light installation over island,"Sherman Oaks, CA 91423",2024-12-10
IMG_20241211_092345623_HDR.jpg,Electric Work,outlet,USB outlet installation in bedroom,"Malibu, CA 90265",2024-12-11
IMG_20241211_092345623_HDR~2.jpg,Electric Work,panel-upgrade,200-amp panel upgrade for home addition,"Costa Mesa, CA 92626",2024-12-11
IMG_20241211_101555826.jpg,Electric Work,ev-charger,Level 2 EV charger installation,"Carson, CA 90745",2024-12-11
IMG_20241211_101601584.jpg,Electric Work,lighting,Recessed lighting installation in kitchen,"Norwalk, CA 90650",2024-12-11
IMG_20241213_102510174.jpg,Electric Work,lighting,Recessed lighting installation in kitchen,"Redondo Beach, CA 90277",2024-12-13
IMG_20241213_102604203_HDR.jpg,Electric Work,outlet,Outlet with integrated night light,"Reseda, CA 91335",2024-12-13
IMG_20241216_181749278_HDR.jpg,Electric Work,lighting,Under-cabinet LED lighting setup,"Northridge, CA 91324",2024-12-16
IMG_20241216_181759367_HDR.jpg,Electric Work,panel-upgrade,Circuit breaker panel replacement,"Lake Forest, CA 92630",2024-12-16
IMG_20250207_121034956.jpg,Electric Work,rewiring,New circuit installation for kitchen remodel,"Ontario, CA 91764",2025-02-07
IMG_20250207_121040869.jpg,Electric Work,rewiring,Romex wire installation through walls,"Pacoima, CA 91331",2025-02-07
IMG_20250316_103137701_HDR.jpg,Electric Work,switch,Motion sensor switch installation,"Anaheim, CA 92801",2025-03-16
IMG_20250430_093230146_HDR.jpg,Electric Work,rewiring,Romex wire installation through walls,"Costa Mesa, CA 92626",2025-04-30
IMG_20250430_093238009.jpg,Electric Work,switch,Switch with indicator light,"West Hollywood, CA 90069",2025-04-30
IMG_20250430_093240134.jpg,Electric Work,rewiring,Wire management and organization,"Santa Monica, CA 90401",2025-04-30
IMG_20250430_093242745_HDR.jpg,Electric Work,switch,Switch with indicator light,"Santa Ana, CA 92701",2025-04-30
IMG_20250508_093012086_HDR.jpg,Electric Work,rewiring,New circuit installation for kitchen remodel,"Anaheim, CA 92801",2025-05-08
IMG_20250508_093017543_HDR.jpg,Electric Work,rewiring,Romex wire installation through walls,"Torrance, CA 90501",2025-05-08
IMG_20250508_093251665_HDR.jpg,Electric Work,switch,Three-way switch setup for hallway,"Studio City, CA 91604",2025-05-08
IMG_20250508_112019063.jpg,Electric Work,inspection,Code violation correction and reinspection,"Van Nuys, CA 91405",2025-05-08
IMG_20250508_112025043_HDR.jpg,Electric Work,generator,Transfer switch installation for generator,"Sun Valley, CA 91352",2025-05-08
IMG_20250508_114848979_HDR.jpg,Electric Work,generator,Generator circuit breaker installation,"Inglewood, CA 90301",2025-05-08
IMG_20250508_114854054.jpg,Electric Work,inspection,Electrical inspection for home sale,"Gardena, CA 90247",2025-05-08
IMG_20250527_111617364.jpg,Electric Work,generator,Emergency power system installation,"Beverly Hills, CA 90210",2025-05-27
IMG_20250527_111623806_BURST000_COVER.jpg,Electric Work,rewiring,Electrical rough-in for new construction,"Monrovia, CA 91016",2025-05-27
IMG_20250527_111638137.jpg,Electric Work,inspection,Electrical system assessment,"Mission Hills, CA 91345",2025-05-27
IMG_20250527_111653783.jpg,Electric Work,rewiring,Romex wire installation through walls,"Long Beach, CA 90802",2025-05-27
IMG_20250527_111656650_BURST000_COVER.jpg,Electric Work,rewiring,Electrical rough-in for new construction,"Laguna Beach, CA 92651",2025-05-27
IMG_20250527_115929447.jpg,Electric Work,rewiring,New circuit installation for kitchen remodel,"Woodland Hills, CA 91367",2025-05-27
IMG_20250528_080701079.jpg,Electric Work,rewiring,Wire management and organization,"Tarzana, CA 91356",2025-05-28
IMG_20250528_080704386.jpg,Electric Work,generator,Standby generator wiring,"North Hollywood, CA 91601",2025-05-28
IMG_20250528_080712624.jpg,Electric Work,switch,Motion sensor switch installation,"Burbank, CA 91502",2025-05-28
IMG_20250822_105745547.jpg,Electric Work,generator,Emergency power system installation,"Downey, CA 90241",2025-08-22
IMG_20250822_105752325.jpg,Electric Work,inspection,Electrical system assessment,"Carson, CA 90745",2025-08-22
IMG_20250822_105755767.jpg,Electric Work,switch,Motion sensor switch installation,"Whittier, CA 90601",2025-08-22
IMG_20250822_105832143.jpg,Electric Work,generator,Generator fuel line installation,"Anaheim, CA 92801",2025-08-22
IMG_20250822_105850644.jpg,Electric Work,generator,Standby generator wiring,"Reseda, CA 91335",2025-08-22
IMG_20250822_105856276.jpg,Electric Work,switch,Motion sensor switch installation,"Hermosa Beach, CA 90254",2025-08-22
IMG_20250822_110605438.jpg,Electric Work,generator,Transfer switch installation for generator,"Whittier, CA 90601",2025-08-22
IMG_20250822_110610330.jpg,Electric Work,rewiring,Complete home rewiring from panel to outlets,"Sun Valley, CA 91352",2025-08-22
IMG_20250822_110616166.jpg,Electric Work,generator,Generator fuel line installation,"Newport Beach, CA 92660",2025-08-22
IMG_20250822_110622826.jpg,Electric Work,generator,Generator fuel line installation,"Sierra Madre, CA 91024",2025-08-22
IMG_20250822_110625486.jpg,Electric Work,generator,Transfer switch installation for generator,"Burbank, CA 91502",2025-08-22
IMG_20250906_121218395.jpg,Electric Work,inspection,Grounding and bonding verification,"Altadena, CA 91001",2025-09-06
IMG_20250906_121221600.jpg,Electric Work,rewiring,Electrical rough-in for new construction,"Gardena, CA 90247",2025-09-06
IMG_20250913_102751116_HDR.jpg,Electric Work,rewiring,Electrical rough-in for new construction,"Beverly Hills, CA 90210",2025-09-13
IMG_20250913_102757547_HDR.jpg,Electric Work,switch,Double switch for separate circuits,"Norwalk, CA 90650",2025-09-13
IMG_20250913_102926843_HDR.jpg,Electric Work,inspection,Insurance inspection preparation,"Sun Valley, CA 91352",2025-09-13
IMG_20250913_102932370_HDR.jpg,Electric Work,rewiring,Electrical rough-in for new construction,"Hollywood, CA 90028",2025-09-13
IMG_20251211_134142505.jpg,Electric Work,generator,Transfer switch installation for generator,"Manhattan Beach, CA 90266",2025-12-11
IMG_20251211_134152187_HDR.jpg,Electric Work,switch,Motion sensor switch installation,"Ontario, CA 91764",2025-12-11
IMG_20251211_134203178.jpg,Electric Work,inspection,Insurance inspection preparation,"Encino, CA 91436",2025-12-11
IMG_20251211_134206331.jpg,Electric Work,switch,Motion sensor switch installation,"Manhattan Beach, CA 90266",2025-12-11
IMG_20251212_091632491.jpg,Electric Work,inspection,Electrical system assessment,"Hawthorne, CA 90250",2025-12-12
IMG_20251215_133054972.jpg,Electric Work,inspection,Electrical system assessment,"Sylmar, CA 91342",2025-12-15
IMG_20251215_133059854.jpg,Electric Work,inspection,Electrical inspection for home sale,"West Hollywood, CA 90069",2025-12-15
IMG_20251217_080035401.jpg,Electric Work,generator,Generator circuit breaker installation,"Hermosa Beach, CA 90254",2025-12-17
IMG_20251217_080042210.jpg,Electric Work,generator,Transfer switch installation for generator,"Azusa, CA 91702",2025-12-17
IMG_20251217_080059365.jpg,Electric Work,switch,Three-way switch setup for hallway,"Lake Forest, CA 92630",2025-12-17
IMG_20260111_110736211_HDR.jpg,Electric Work,safety,Arc fault breaker installation for bedrooms,"Santa Monica, CA 90401",2026-01-11
IMG_20260111_110741059_HDR.jpg,Electric Work,ev-charger,Level 2 EV charger installation,"Granada Hills, CA 91344",2026-01-11
IMG_20260111_110749461_HDR.jpg,Electric Work,panel-upgrade,New breaker installation for dedicated circuits,"Downey, CA 90241",2026-01-11
IMG_20260111_110753470_HDR.jpg,Electric Work,ev-charger,Outdoor-rated EV charger installation,"Mission Viejo, CA 92691",2026-01-11
IMG_20260111_114406075_HDR.jpg,Electric Work,safety,Lightning protection system,"Monrovia, CA 91016",2026-01-11
IMG_20260111_114413577_HDR.jpg,Electric Work,ev-charger,EV charging infrastructure for home,"Burbank, CA 91502",2026-01-11
IMG_20260112_111126897_HDR.jpg,Electric Work,safety,Arc fault breaker installation for bedrooms,"Sun Valley, CA 91352",2026-01-12
IMG_20260112_111138748.jpg,Electric Work,safety,Code compliance upgrade,"Tujunga, CA 91042",2026-01-12
IMG_20260112_111146924.jpg,Electric Work,lighting,Pendant light installation over island,"Glendale, CA 91201",2026-01-12
IMG_20260113_134432554.jpg,Electric Work,ev-charger,Level 2 EV charger installation,"Whittier, CA 90601",2026-01-13
IMG_20260113_134507506.jpg,Electric Work,panel-upgrade,Panel cover installation with labeled breakers,"Burbank, CA 91502",2026-01-13
IMG_20260113_134511994.jpg,Electric Work,lighting,Wall sconce installation in hallway,"Reseda, CA 91335",2026-01-13
IMG_20260212_130725789.jpg,Electric Work,panel-upgrade,200-amp panel upgrade for home addition,"Sylmar, CA 91342",2026-02-12
IMG_20260212_130739693.jpg,Electric Work,panel-upgrade,New breaker installation for dedicated circuits,"Manhattan Beach, CA 90266",2026-02-12
IMG_20260212_130747444_HDR.jpg,Electric Work,panel-upgrade,Circuit breaker panel replacement,"Sherman Oaks, CA 91423",2026-02-12
IMG_20260306_071929896.jpg,Electric Work,ev-charger,EV charging infrastructure for home,"Northridge, CA 91324",2026-03-06
IMG_20260306_071934580.jpg,Electric Work,safety,Code compliance upgrade,"Anaheim, CA 92801",2026-03-06
IMG_20260310_090221598_HDR.jpg,Electric Work,safety,Arc fault breaker installation for bedrooms,"Encino, CA 91436",2026-03-10
IMG_20260310_090226853_HDR.jpg,Electric Work,panel-upgrade,200-amp panel upgrade for home addition,"Mission Viejo, CA 92691",2026-03-10
IMG_20260310_090231487_HDR.jpg,Electric Work,lighting,Recessed lighting installation in kitchen,"Santa Ana, CA 92701",2026-03-10
IMG_20260327_140810577_HDR.jpg,Electric Work,ev-charger,Level 2 EV charger installation,"Northridge, CA 91324",2026-03-27
IMG_20260327_140948645.jpg,Electric Work,panel-upgrade,Old fuse box to modern breaker panel conversion,"Anaheim, CA 92801",2026-03-27
IMG_20260327_141003308_HDR.jpg,Electric Work,safety,Code compliance upgrade,"Pacoima, CA 91331",2026-03-27
IMG_20260327_141015078_HDR.jpg,Electric Work,safety,Lightning protection system,"Arcadia, CA 91006",2026-03-27
IMG_20260408_135126482.jpg,Electric Work,lighting,Under-cabinet LED lighting setup,"Torrance, CA 90501",2026-04-08
IMG_20260408_135129252.jpg,Electric Work,lighting,LED strip lighting under stairs,"Hawthorne, CA 90250",2026-04-08
IMG_20260415_092942855.jpg,Electric Work,safety,Code compliance upgrade,"Pasadena, CA 91101",2026-04-15
IMG_20260415_092953899.jpg,Electric Work,ev-charger,EV charging infrastructure for home,"Beverly Hills, CA 90210",2026-04-15
IMG_20260423_080008212_HDR.jpg,Electric Work,lighting,LED strip lighting under stairs,"Whittier, CA 90601",2026-04-23
IMG_20260429_120009844.jpg,Electric Work,panel-upgrade,Old fuse box to modern breaker panel conversion,"Sherman Oaks, CA 91423",2026-04-29
IMG_20260429_120019362.jpg,Electric Work,panel-upgrade,New breaker installation for dedicated circuits,"Orange, CA 92866",2026-04-29
IMG_20260429_120035675.jpg,Electric Work,panel-upgrade,Old fuse box to modern breaker panel conversion,"Newport Beach, CA 92660",2026-04-29
IMG_20260429_122542189.jpg,Electric Work,lighting,LED strip lighting under stairs,"Anaheim, CA 92801",2026-04-29
IMG_20260611_080038565.jpg,Electric Work,lighting,Under-cabinet LED lighting setup,"Canoga Park, CA 91303",2026-06-11
IMG_20260611_080518003.jpg,Electric Work,lighting,LED strip lighting under stairs,"Burbank, CA 91502",2026-06-11
IMG_20260611_080530919.jpg,Electric Work,ev-charger,Tesla Wall Connector installation,"Arcadia, CA 91006",2026-06-11
IMG_20260611_080607047_HDR.jpg,Electric Work,safety,Lightning protection system,"Granada Hills, CA 91344",2026-06-11
IMG_20260611_080645258_HDR.jpg,Electric Work,panel-upgrade,Circuit breaker panel replacement,"Ontario, CA 91764",2026-06-11
IMG_20260611_080650521.jpg,Electric Work,panel-upgrade,Old fuse box to modern breaker panel conversion,"Costa Mesa, CA 92626",2026-06-11
IMG_20260611_080659923.jpg,Electric Work,safety,Code compliance upgrade,"Reseda, CA 91335",2026-06-11
IMG_20260611_093826300.jpg,Electric Work,lighting,Recessed lighting installation in kitchen,"Northridge, CA 91324",2026-06-11
IMG_20260611_093836361.jpg,Electric Work,panel-upgrade,Circuit breaker panel replacement,"Costa Mesa, CA 92626",2026-06-11
IMG_20260611_093847513.jpg,Electric Work,ev-charger,Tesla Wall Connector installation,"Mission Viejo, CA 92691",2026-06-11
IMG_20260708_084310812.jpg,Electric Work,lighting,Wall sconce installation in hallway,"Santa Monica, CA 90401",2026-07-08
IMG_20260708_084325965.jpg,Electric Work,ev-charger,Level 2 EV charger installation,"Granada Hills, CA 91344",2026-07-08
IMG_20260708_084359363.jpg,Electric Work,lighting,Pendant light installation over island,"North Hollywood, CA 91601",2026-07-08
IMG_20260708_084406343.jpg,Electric Work,lighting,Pendant light installation over island,"Downey, CA 90241",2026-07-08
IMG_20260708_084411097.jpg,Electric Work,panel-upgrade,Panel cover installation with labeled breakers,"Whittier, CA 90601",2026-07-08
IMG_20260708_084505159.jpg,Electric Work,panel-upgrade,Circuit breaker panel replacement,"Reseda, CA 91335",2026-07-08
IMG_20260708_084629710.jpg,Electric Work,safety,Whole-house surge protector installation,"Reseda, CA 91335",2026-07-08
IMG_20260708_084635985.jpg,Electric Work,safety,Whole-house surge protector installation,"Glendale, CA 91201",2026-07-08
IMG_20260708_084852691_HDR.jpg,Electric Work,panel-upgrade,200-amp panel upgrade for home addition,"Studio City, CA 91604",2026-07-08
IMG_20260708_084925760.jpg,Electric Work,ev-charger,Level 2 EV charger installation,"Encino, CA 91436",2026-07-08
IMG_20260708_084930128.jpg,Electric Work,ev-charger,EV charging infrastructure for home,"Glendale, CA 91201",2026-07-08
IMG_20260708_084942086_HDR.jpg,Electric Work,panel-upgrade,Old fuse box to modern breaker panel conversion,"Northridge, CA 91324",2026-07-08
IMG_20260708_085022719.jpg,Electric Work,safety,Code compliance upgrade,"Mission Hills, CA 91345",2026-07-08
IMG_20260708_085032161_HDR.jpg,Electric Work,lighting,LED strip lighting under stairs,"La Canada Flintridge, CA 91011",2026-07-08
IMG_20260708_085129482_HDR.jpg,Electric Work,lighting,LED strip lighting under stairs,"Canoga Park, CA 91303",2026-07-08
IMG_20260708_085136536_HDR.jpg,Electric Work,lighting,LED strip lighting under stairs,"Orange, CA 92866",2026-07-08
IMG_20260708_085234821.jpg,Electric Work,ev-charger,Hardwired EV charging station installation,"Inglewood, CA 90301",2026-07-08
IMG_20260708_085245537_HDR.jpg,Electric Work,ev-charger,Tesla Wall Connector installation,"Canoga Park, CA 91303",2026-07-08
IMG_20260708_085252355_HDR.jpg,Electric Work,ev-charger,Outdoor-rated EV charger installation,"San Clemente, CA 92672",2026-07-08
IMG_20260708_085302129.jpg,Electric Work,panel-upgrade,Old fuse box to modern breaker panel conversion,"Sylmar, CA 91342",2026-07-08
IMG_20260708_085307162.jpg,Electric Work,ev-charger,Hardwired EV charging station installation,"Beverly Hills, CA 90210",2026-07-08
IMG_20260708_085444785_HDR.jpg,Electric Work,panel-upgrade,Circuit breaker panel replacement,"Orange, CA 92866",2026-07-08
IMG_20260708_085853394_HDR.jpg,Electric Work,ev-charger,Tesla Wall Connector installation,"Encino, CA 91436",2026-07-08
IMG_20260708_085906106_HDR.jpg,Electric Work,panel-upgrade,Old fuse box to modern breaker panel conversion,"Hawthorne, CA 90250",2026-07-08
IMG_20260708_085922062.jpg,Electric Work,panel-upgrade,New breaker installation for dedicated circuits,"Studio City, CA 91604",2026-07-08
IMG_20260708_085928177.jpg,Electric Work,safety,Emergency lighting installation,"Encino, CA 91436",2026-07-08
IMG_20260708_085932539.jpg,Electric Work,safety,Emergency lighting installation,"Sherman Oaks, CA 91423",2026-07-08
IMG_20260708_085935714.jpg,Electric Work,safety,Emergency lighting installation,"Ontario, CA 91764",2026-07-08
IMG_20260708_093020713_HDR.jpg,Electric Work,safety,Emergency lighting installation,"West Covina, CA 91790",2026-07-08
IMG_20260708_093026441.jpg,Electric Work,ev-charger,Outdoor-rated EV charger installation,"Torrance, CA 90501",2026-07-08
IMG_20260708_093158961.jpg,Electric Work,lighting,Pendant light installation over island,"Reseda, CA 91335",2026-07-08
IMG_20260708_093222123.jpg,Electric Work,lighting,LED strip lighting under stairs,"Sierra Madre, CA 91024",2026-07-08
IMG_20260708_093242033.jpg,Electric Work,safety,Emergency lighting installation,"Irvine, CA 92618",2026-07-08
IMG_20260708_093318642.jpg,Electric Work,ev-charger,Level 2 EV charger installation,"Mission Hills, CA 91345",2026-07-08
IMG_20260708_093329451.jpg,Electric Work,lighting,Under-cabinet LED lighting setup,"Encino, CA 91436",2026-07-08
IMG_20260708_093335901.jpg,Electric Work,safety,Emergency lighting installation,"Hollywood, CA 90028",2026-07-08
IMG_20260708_093400664.jpg,Electric Work,safety,Arc fault breaker installation for bedrooms,"Mission Hills, CA 91345",2026-07-08
IMG_20260708_093407047.jpg,Electric Work,lighting,Pendant light installation over island,"Carson, CA 90745",2026-07-08
IMG_20260708_093408617.jpg,Electric Work,lighting,Pendant light installation over island,"Whittier, CA 90601",2026-07-08
IMG_20260708_093420464.jpg,Electric Work,ev-charger,EV charging infrastructure for home,"Mission Viejo, CA 92691",2026-07-08
IMG_20260708_093423603.jpg,Electric Work,lighting,Under-cabinet LED lighting setup,"Encino, CA 91436",2026-07-08
IMG_20260708_093634131.jpg,Electric Work,lighting,Under-cabinet LED lighting setup,"Whittier, CA 90601",2026-07-08
IMG_20260708_093645711.jpg,Electric Work,lighting,Recessed lighting installation in kitchen,"Monrovia, CA 91016",2026-07-08
IMG_20260708_093721158.jpg,Electric Work,lighting,Recessed lighting installation in kitchen,"Arcadia, CA 91006",2026-07-08
IMG_20260708_093728129.jpg,Electric Work,panel-upgrade,Old fuse box to modern breaker panel conversion,"Norwalk, CA 90650",2026-07-08
IMG_20260708_093730754.jpg,Electric Work,ev-charger,Level 2 EV charger installation,"Beverly Hills, CA 90210",2026-07-08
IMG_20260708_093744656.jpg,Electric Work,lighting,Pendant light installation over island,"Gardena, CA 90247",2026-07-08
IMG_20260708_093747596.jpg,Electric Work,ev-charger,Hardwired EV charging station installation,"Hermosa Beach, CA 90254",2026-07-08
IMG_20260708_100049276.jpg,Electric Work,ev-charger,EV charging infrastructure for home,"Ontario, CA 91764",2026-07-08
IMG_20260708_100051880.jpg,Electric Work,lighting,LED strip lighting under stairs,"Hermosa Beach, CA 90254",2026-07-08
IMG_20260708_100057248.jpg,Electric Work,safety,Lightning protection system,"Lake Forest, CA 92630",2026-07-08
IMG_20260708_100125120.jpg,Electric Work,ev-charger,EV charging infrastructure for home,"Lake Forest, CA 92630",2026-07-08
IMG_20260708_100131721.jpg,Electric Work,panel-upgrade,New breaker installation for dedicated circuits,"Glendale, CA 91201",2026-07-08
IMG_20260708_100144922.jpg,Electric Work,lighting,LED strip lighting under stairs,"Altadena, CA 91001",2026-07-08
IMG_20260708_100150585.jpg,Electric Work,ev-charger,Tesla Wall Connector installation,"Covina, CA 91722",2026-07-08
IMG_20260708_100158168.jpg,Electric Work,lighting,LED strip lighting under stairs,"Glendale, CA 91201",2026-07-08
IMG_20260708_100218193_HDR.jpg,Electric Work,lighting,LED strip lighting under stairs,"North Hollywood, CA 91601",2026-07-08
IMG_20260708_100241570_HDR.jpg,Electric Work,ev-charger,Tesla Wall Connector installation,"Northridge, CA 91324",2026-07-08
IMG_20260708_100313492.jpg,Electric Work,safety,Arc fault breaker installation for bedrooms,"Carson, CA 90745",2026-07-08
IMG_20260708_100321339.jpg,Electric Work,lighting,LED strip lighting under stairs,"Chatsworth, CA 91311",2026-07-08
IMG_20260708_103213775.jpg,Electric Work,safety,Emergency lighting installation,"Norwalk, CA 90650",2026-07-08
IMG_20260708_103225127.jpg,Electric Work,lighting,Pendant light installation over island,"Sierra Madre, CA 91024",2026-07-08
IMG_20260708_103327500.jpg,Electric Work,lighting,LED strip lighting under stairs,"San Clemente, CA 92672",2026-07-08
IMG_20260708_103342888_HDR.jpg,Electric Work,ev-charger,Hardwired EV charging station installation,"Mission Viejo, CA 92691",2026-07-08
IMG_20260708_103405227_HDR.jpg,Electric Work,lighting,Recessed lighting installation in kitchen,"Chatsworth, CA 91311",2026-07-08
IMG_20260708_103418011.jpg,Electric Work,lighting,Recessed lighting installation in kitchen,"Whittier, CA 90601",2026-07-08
IMG_20260708_103423206.jpg,Electric Work,panel-upgrade,Old fuse box to modern breaker panel conversion,"Reseda, CA 91335",2026-07-08
IMG_20260708_103440421.jpg,Electric Work,safety,Emergency lighting installation,"North Hollywood, CA 91601",2026-07-08
IMG_20260708_103506371.jpg,Electric Work,ev-charger,Outdoor-rated EV charger installation,"Manhattan Beach, CA 90266",2026-07-08
IMG_20260708_103510628.jpg,Electric Work,safety,Emergency lighting installation,"Culver City, CA 90232",2026-07-08
IMG_20260708_103526387.jpg,Electric Work,lighting,LED strip lighting under stairs,"Costa Mesa, CA 92626",2026-07-08
IMG_20260708_103531178.jpg,Electric Work,safety,Code compliance upgrade,"Torrance, CA 90501",2026-07-08
IMG_20260708_103533486.jpg,Electric Work,lighting,LED strip lighting under stairs,"Chatsworth, CA 91311",2026-07-08
IMG_20260708_103547596.jpg,Electric Work,panel-upgrade,200-amp panel upgrade for home addition,"Santa Ana, CA 92701",2026-07-08
IMG_20260708_104953766.jpg,Electric Work,ev-charger,Outdoor-rated EV charger installation,"Pacoima, CA 91331",2026-07-08
IMG_20260708_105001030.jpg,Electric Work,panel-upgrade,Panel cover installation with labeled breakers,"Mission Viejo, CA 92691",2026-07-08
IMG_20260708_105013890.jpg,Electric Work,lighting,Recessed lighting installation in kitchen,"Sierra Madre, CA 91024",2026-07-08
IMG_20260708_105020198.jpg,Electric Work,ev-charger,EV charging infrastructure for home,"Chatsworth, CA 91311",2026-07-08
IMG_20260708_105027252.jpg,Electric Work,lighting,Under-cabinet LED lighting setup,"Tarzana, CA 91356",2026-07-08
IMG_20260708_105036408.jpg,Electric Work,lighting,Recessed lighting installation in kitchen,"Monrovia, CA 91016",2026-07-08
IMG_20260708_105040672.jpg,Electric Work,lighting,Recessed lighting installation in kitchen,"Redondo Beach, CA 90277",2026-07-08
IMG_20260708_105116445.jpg,Electric Work,safety,Whole-house surge protector installation,"Beverly Hills, CA 90210",2026-07-08
IMG_20260708_105134637.jpg,Electric Work,lighting,Wall sconce installation in hallway,"Sierra Madre, CA 91024",2026-07-08
IMG_20260708_105140142.jpg,Electric Work,lighting,Recessed lighting installation in kitchen,"Sylmar, CA 91342",2026-07-08
IMG_20260708_105146505.jpg,Electric Work,ev-charger,Outdoor-rated EV charger installation,"Norwalk, CA 90650",2026-07-08
IMG_20260708_105219850.jpg,Electric Work,ev-charger,Tesla Wall Connector installation,"Tujunga, CA 91042",2026-07-08
IMG_20260708_105230984.jpg,Electric Work,panel-upgrade,New breaker installation for dedicated circuits,"Santa Ana, CA 92701",2026-07-08
IMG_20260708_105240260.jpg,Electric Work,ev-charger,Level 2 EV charger installation,"Canoga Park, CA 91303",2026-07-08
IMG_20260708_105325170.jpg,Electric Work,panel-upgrade,Circuit breaker panel replacement,"Sylmar, CA 91342",2026-07-08
IMG_20260708_105328718.jpg,Electric Work,lighting,Pendant light installation over island,"Arcadia, CA 91006",2026-07-08
IMG_20260708_105333495.jpg,Electric Work,lighting,Under-cabinet LED lighting setup,"Reseda, CA 91335",2026-07-08
IMG_20260708_105339006.jpg,Electric Work,safety,Code compliance upgrade,"Downey, CA 90241",2026-07-08
IMG_20260708_105342767.jpg,Electric Work,lighting,LED strip lighting under stairs,"Irvine, CA 92618",2026-07-08
IMG_20260708_105446196.jpg,Electric Work,panel-upgrade,Old fuse box to modern breaker panel conversion,"Hawthorne, CA 90250",2026-07-08
IMG_20260708_105456716.jpg,Electric Work,safety,Arc fault breaker installation for bedrooms,"San Clemente, CA 92672",2026-07-08
IMG_20260708_105507324.jpg,Electric Work,safety,Arc fault breaker installation for bedrooms,"Woodland Hills, CA 91367",2026-07-08
IMG_20260708_105522394.jpg,Electric Work,safety,Emergency lighting installation,"Norwalk, CA 90650",2026-07-08
IMG_20260708_105530665.jpg,Electric Work,panel-upgrade,Old fuse box to modern breaker panel conversion,"Downey, CA 90241",2026-07-08
IMG_20260708_105539378.jpg,Electric Work,safety,Lightning protection system,"Mission Hills, CA 91345",2026-07-08
IMG_20260708_105553720.jpg,Electric Work,lighting,Pendant light installation over island,"Norwalk, CA 90650",2026-07-08
IMG_20260708_105623051.jpg,Electric Work,ev-charger,EV charging infrastructure for home,"Carson, CA 90745",2026-07-08
IMG_20260708_105630232.jpg,Electric Work,safety,Lightning protection system,"Downey, CA 90241",2026-07-08
IMG_20260708_105642159.jpg,Electric Work,safety,Whole-house surge protector installation,"Studio City, CA 91604",2026-07-08
IMG_20260708_110923348.jpg,Electric Work,ev-charger,Outdoor-rated EV charger installation,"San Clemente, CA 92672",2026-07-08
IMG_20260708_110939730.jpg,Electric Work,safety,Arc fault breaker installation for bedrooms,"Woodland Hills, CA 91367",2026-07-08
IMG_20260708_110944240.jpg,Electric Work,ev-charger,Hardwired EV charging station installation,"Reseda, CA 91335",2026-07-08
IMG_20260708_110948876.jpg,Electric Work,panel-upgrade,Panel cover installation with labeled breakers,"Malibu, CA 90265",2026-07-08
IMG_20260708_111020838.jpg,Electric Work,safety,Emergency lighting installation,"Irvine, CA 92618",2026-07-08
IMG_20260708_111026832.jpg,Electric Work,safety,Lightning protection system,"La Canada Flintridge, CA 91011",2026-07-08
IMG_20260708_111041289.jpg,Electric Work,ev-charger,Outdoor-rated EV charger installation,"Woodland Hills, CA 91367",2026-07-08
IMG_20260708_111120180.jpg,Electric Work,safety,Code compliance upgrade,"Manhattan Beach, CA 90266",2026-07-08
IMG_20260708_111126432.jpg,Electric Work,safety,Lightning protection system,"Studio City, CA 91604",2026-07-08
IMG_20260708_111210120.jpg,Electric Work,lighting,LED strip lighting under stairs,"Malibu, CA 90265",2026-07-08
IMG_20260708_111215753.jpg,Electric Work,lighting,Pendant light installation over island,"West Covina, CA 91790",2026-07-08
IMG_20260708_111223956.jpg,Electric Work,panel-upgrade,Panel cover installation with labeled breakers,"West Hollywood, CA 90069",2026-07-08
IMG_20260708_111229437.jpg,Electric Work,safety,Code compliance upgrade,"Azusa, CA 91702",2026-07-08
IMG_20260708_111307219.jpg,Electric Work,ev-charger,Hardwired EV charging station installation,"Arcadia, CA 91006",2026-07-08
IMG_20260708_111315786.jpg,Electric Work,safety,Emergency lighting installation,"Monrovia, CA 91016",2026-07-08
IMG_20260708_111326595.jpg,Electric Work,lighting,LED strip lighting under stairs,"Altadena, CA 91001",2026-07-08
IMG_20260708_111344977.jpg,Electric Work,ev-charger,Hardwired EV charging station installation,"Tujunga, CA 91042",2026-07-08
IMG_20260708_111402952_HDR.jpg,Electric Work,lighting,Recessed lighting installation in kitchen,"Santa Monica, CA 90401",2026-07-08
IMG_20260708_111442708.jpg,Electric Work,safety,Arc fault breaker installation for bedrooms,"Whittier, CA 90601",2026-07-08
IMG_20260708_111448566.jpg,Electric Work,safety,Lightning protection system,"Pasadena, CA 91101",2026-07-08
IMG_20260708_111455242.jpg,Electric Work,safety,Code compliance upgrade,"Tujunga, CA 91042",2026-07-08
IMG_20260708_111507451.jpg,Electric Work,panel-upgrade,200-amp panel upgrade for home addition,"Pacoima, CA 91331",2026-07-08
IMG_20260708_111515486.jpg,Electric Work,lighting,Pendant light installation over island,"Upland, CA 91786",2026-07-08
IMG_20260708_115707059.jpg,Electric Work,panel-upgrade,Circuit breaker panel replacement,"Hermosa Beach, CA 90254",2026-07-08
IMG_20260708_115736817.jpg,Electric Work,safety,Whole-house surge protector installation,"Long Beach, CA 90802",2026-07-08
IMG_20260708_115744272.jpg,Electric Work,panel-upgrade,200-amp panel upgrade for home addition,"Newport Beach, CA 92660",2026-07-08
IMG_20260708_115755009.jpg,Electric Work,panel-upgrade,Circuit breaker panel replacement,"La Canada Flintridge, CA 91011",2026-07-08
IMG_20260708_115837478.jpg,Electric Work,lighting,Pendant light installation over island,"Newport Beach, CA 92660",2026-07-08
IMG_20260708_115840754.jpg,Electric Work,panel-upgrade,Old fuse box to modern breaker panel conversion,"Torrance, CA 90501",2026-07-08
IMG_20260708_115921444.jpg,Electric Work,safety,Arc fault breaker installation for bedrooms,"Sylmar, CA 91342",2026-07-08
IMG_20260708_115925586.jpg,Electric Work,ev-charger,Hardwired EV charging station installation,"Gardena, CA 90247",2026-07-08
IMG_20260708_115931583.jpg,Electric Work,lighting,Pendant light installation over island,"Inglewood, CA 90301",2026-07-08
IMG_20260708_120018986.jpg,Electric Work,ev-charger,Level 2 EV charger installation,"Winnetka, CA 91306",2026-07-08
IMG_20260708_120028291.jpg,Electric Work,panel-upgrade,Panel cover installation with labeled breakers,"Sun Valley, CA 91352",2026-07-08
IMG_20260708_120044047.jpg,Electric Work,lighting,Wall sconce installation in hallway,"Van Nuys, CA 91405",2026-07-08
IMG_20260708_120051682.jpg,Electric Work,panel-upgrade,Circuit breaker panel replacement,"Costa Mesa, CA 92626",2026-07-08
IMG_20260708_120059553.jpg,Electric Work,ev-charger,Outdoor-rated EV charger installation,"La Crescenta, CA 91214",2026-07-08
IMG_20260708_120105382.jpg,Electric Work,panel-upgrade,New breaker installation for dedicated circuits,"Canoga Park, CA 91303",2026-07-08
IMG_20260708_120116464.jpg,Electric Work,safety,Code compliance upgrade,"Encino, CA 91436",2026-07-08
IMG_20260708_120122347.jpg,Electric Work,ev-charger,Outdoor-rated EV charger installation,"West Covina, CA 91790",2026-07-08
IMG_20260708_120207503.jpg,Electric Work,ev-charger,Outdoor-rated EV charger installation,"Santa Ana, CA 92701",2026-07-08
IMG_20260708_120238582.jpg,Electric Work,ev-charger,Outdoor-rated EV charger installation,"North Hollywood, CA 91601",2026-07-08
IMG_20260708_120247705.jpg,Electric Work,lighting,LED strip lighting under stairs,"Hawthorne, CA 90250",2026-07-08
IMG_20260708_120252031.jpg,Electric Work,safety,Code compliance upgrade,"Tujunga, CA 91042",2026-07-08
IMG_20260708_120317717.jpg,Electric Work,panel-upgrade,Circuit breaker panel replacement,"Culver City, CA 90232",2026-07-08
IMG_20260708_120322998.jpg,Electric Work,ev-charger,Outdoor-rated EV charger installation,"Glendale, CA 91201",2026-07-08
IMG_20260708_120340887.jpg,Electric Work,lighting,Pendant light installation over island,"Granada Hills, CA 91344",2026-07-08
IMG_20260708_120408518.jpg,Electric Work,lighting,Pendant light installation over island,"West Covina, CA 91790",2026-07-08
IMG_20260708_120418483.jpg,Electric Work,safety,Arc fault breaker installation for bedrooms,"Hermosa Beach, CA 90254",2026-07-08
IMG_20260708_120435309.jpg,Electric Work,safety,Emergency lighting installation,"Altadena, CA 91001",2026-07-08
IMG_20260708_120438269.jpg,Electric Work,ev-charger,Hardwired EV charging station installation,"Downey, CA 90241",2026-07-08
IMG_20260708_121746588_HDR.jpg,Electric Work,ev-charger,Outdoor-rated EV charger installation,"Rancho Cucamonga, CA 91730",2026-07-08
IMG_20260708_121807046_HDR.jpg,Electric Work,ev-charger,Outdoor-rated EV charger installation,"Altadena, CA 91001",2026-07-08
IMG_20260708_121820932.jpg,Electric Work,ev-charger,Outdoor-rated EV charger installation,"Burbank, CA 91502",2026-07-08
IMG_20260708_121823628.jpg,Electric Work,panel-upgrade,Old fuse box to modern breaker panel conversion,"Burbank, CA 91502",2026-07-08
IMG_20260708_121943924.jpg,Electric Work,safety,Whole-house surge protector installation,"Ontario, CA 91764",2026-07-08
IMG_20260708_122222428_HDR.jpg,Electric Work,ev-charger,Hardwired EV charging station installation,"Mission Hills, CA 91345",2026-07-08
IMG_20260708_123727730.jpg,Electric Work,safety,Lightning protection system,"Altadena, CA 91001",2026-07-08
IMG_20260708_123731105.jpg,Electric Work,lighting,LED strip lighting under stairs,"Downey, CA 90241",2026-07-08
IMG_20260708_123752250.jpg,Electric Work,ev-charger,Tesla Wall Connector installation,"Torrance, CA 90501",2026-07-08
IMG_20260708_123802397.jpg,Electric Work,ev-charger,Hardwired EV charging station installation,"Torrance, CA 90501",2026-07-08
IMG_20260708_123814989.jpg,Electric Work,lighting,Pendant light installation over island,"Sherman Oaks, CA 91423",2026-07-08
IMG_20260708_123824574.jpg,Electric Work,panel-upgrade,Panel cover installation with labeled breakers,"Reseda, CA 91335",2026-07-08
IMG_20260708_123836249.jpg,Electric Work,panel-upgrade,New breaker installation for dedicated circuits,"Redondo Beach, CA 90277",2026-07-08
IMG_20260708_123844769.jpg,Electric Work,lighting,LED strip lighting under stairs,"Sierra Madre, CA 91024",2026-07-08
IMG_20260708_123848695_HDR.jpg,Electric Work,lighting,Wall sconce installation in hallway,"Van Nuys, CA 91405",2026-07-08
IMG_20260708_123853880.jpg,Electric Work,lighting,LED strip lighting under stairs,"Downey, CA 90241",2026-07-08
IMG_20260708_123902216.jpg,Electric Work,lighting,LED strip lighting under stairs,"Malibu, CA 90265",2026-07-08
IMG_20260708_123929994_HDR.jpg,Electric Work,panel-upgrade,Old fuse box to modern breaker panel conversion,"Altadena, CA 91001",2026-07-08
IMG_20260708_123953080.jpg,Electric Work,ev-charger,Level 2 EV charger installation,"Beverly Hills, CA 90210",2026-07-08
IMG_20260708_124009619.jpg,Electric Work,panel-upgrade,200-amp panel upgrade for home addition,"Long Beach, CA 90802",2026-07-08
IMG_20260708_124034999.jpg,Electric Work,panel-upgrade,Circuit breaker panel replacement,"Hawthorne, CA 90250",2026-07-08
IMG_20260708_124050634.jpg,Electric Work,lighting,Wall sconce installation in hallway,"Downey, CA 90241",2026-07-08
IMG_20260708_125305257.jpg,Electric Work,ev-charger,Tesla Wall Connector installation,"Rancho Cucamonga, CA 91730",2026-07-08
IMG_20260708_125312800.jpg,Electric Work,ev-charger,Level 2 EV charger installation,"Whittier, CA 90601",2026-07-08
IMG_20260708_125325563_HDR.jpg,Electric Work,lighting,Wall sconce installation in hallway,"Inglewood, CA 90301",2026-07-08
IMG_20260708_125403502.jpg,Electric Work,ev-charger,Outdoor-rated EV charger installation,"Tarzana, CA 91356",2026-07-08
IMG_20260708_125406955.jpg,Electric Work,ev-charger,Hardwired EV charging station installation,"Sierra Madre, CA 91024",2026-07-08
IMG_20260708_125412513.jpg,Electric Work,panel-upgrade,Circuit breaker panel replacement,"Laguna Beach, CA 92651",2026-07-08
IMG_20260708_125426611_HDR.jpg,Electric Work,ev-charger,Level 2 EV charger installation,"Orange, CA 92866",2026-07-08
IMG_20260708_125438325.jpg,Electric Work,safety,Code compliance upgrade,"Newport Beach, CA 92660",2026-07-08
IMG_20260708_130454092.jpg,Electric Work,lighting,Under-cabinet LED lighting setup,"Northridge, CA 91324",2026-07-08
IMG_20260708_130457512.jpg,Electric Work,panel-upgrade,New breaker installation for dedicated circuits,"Rancho Cucamonga, CA 91730",2026-07-08
IMG_20260708_130503177.jpg,Electric Work,lighting,Under-cabinet LED lighting setup,"Mission Viejo, CA 92691",2026-07-08
IMG_20260708_130505138.jpg,Electric Work,ev-charger,EV charging infrastructure for home,"Winnetka, CA 91306",2026-07-08
IMG_20260708_130530488.jpg,Electric Work,ev-charger,Outdoor-rated EV charger installation,"Altadena, CA 91001",2026-07-08
IMG_20260708_130537132.jpg,Electric Work,safety,Code compliance upgrade,"Hermosa Beach, CA 90254",2026-07-08
IMG_20260708_130540529.jpg,Electric Work,ev-charger,Outdoor-rated EV charger installation,"Santa Ana, CA 92701",2026-07-08
IMG_20260708_130601728.jpg,Electric Work,ev-charger,Tesla Wall Connector installation,"Ontario, CA 91764",2026-07-08
IMG_20260708_130625760.jpg,Electric Work,ev-charger,Hardwired EV charging station installation,"Northridge, CA 91324",2026-07-08
IMG_20260708_130636472.jpg,Electric Work,panel-upgrade,New breaker installation for dedicated circuits,"Santa Monica, CA 90401",2026-07-08
IMG_20260708_130718904.jpg,Electric Work,ev-charger,Level 2 EV charger installation,"Redondo Beach, CA 90277",2026-07-08
IMG_20260708_130724532.jpg,Electric Work,safety,Arc fault breaker installation for bedrooms,"Reseda, CA 91335",2026-07-08
IMG_20260708_130729109.jpg,Electric Work,lighting,Under-cabinet LED lighting setup,"Orange, CA 92866",2026-07-08
IMG_20260708_130742296.jpg,Electric Work,panel-upgrade,200-amp panel upgrade for home addition,"Beverly Hills, CA 90210",2026-07-08
IMG_20260708_130900738.jpg,Electric Work,safety,Lightning protection system,"Torrance, CA 90501",2026-07-08
IMG_20260708_130903204.jpg,Electric Work,panel-upgrade,200-amp panel upgrade for home addition,"Long Beach, CA 90802",2026-07-08
IMG_20260708_130911195.jpg,Electric Work,lighting,Under-cabinet LED lighting setup,"Redondo Beach, CA 90277",2026-07-08
IMG_20260708_130926755.jpg,Electric Work,ev-charger,Hardwired EV charging station installation,"Fullerton, CA 92831",2026-07-08
IMG_20260708_130932204.jpg,Electric Work,ev-charger,Hardwired EV charging station installation,"La Canada Flintridge, CA 91011",2026-07-08
IMG_20260708_130934491.jpg,Electric Work,safety,Whole-house surge protector installation,"Santa Monica, CA 90401",2026-07-08
IMG_20260708_130945019.jpg,Electric Work,safety,Code compliance upgrade,"Redondo Beach, CA 90277",2026-07-08
IMG_20260708_131038335.jpg,Electric Work,panel-upgrade,Panel cover installation with labeled breakers,"Rancho Cucamonga, CA 91730",2026-07-08
IMG_20260709_091740045.jpg,Electric Work,safety,Lightning protection system,"Pasadena, CA 91101",2026-07-09
IMG_20260709_091900817.jpg,Electric Work,lighting,LED strip lighting under stairs,"La Canada Flintridge, CA 91011",2026-07-09
IMG_20260709_091913454.jpg,Electric Work,safety,Whole-house surge protector installation,"Van Nuys, CA 91405",2026-07-09
IMG_20260709_091958134.jpg,Electric Work,panel-upgrade,200-amp panel upgrade for home addition,"Sierra Madre, CA 91024",2026-07-09
IMG_20260709_092009439_HDR.jpg,Electric Work,lighting,Pendant light installation over island,"Altadena, CA 91001",2026-07-09
IMG_20260709_092027426.jpg,Electric Work,safety,Lightning protection system,"La Canada Flintridge, CA 91011",2026-07-09
IMG_20260709_092128726.jpg,Electric Work,safety,Whole-house surge protector installation,"Manhattan Beach, CA 90266",2026-07-09
IMG_20260709_092135302.jpg,Electric Work,lighting,LED strip lighting under stairs,"Santa Ana, CA 92701",2026-07-09
IMG_20260709_092210520.jpg,Electric Work,lighting,Recessed lighting installation in kitchen,"Whittier, CA 90601",2026-07-09
IMG_20260709_092224908.jpg,Electric Work,safety,Code compliance upgrade,"Tujunga, CA 91042",2026-07-09
IMG_20260709_092256377.jpg,Electric Work,safety,Code compliance upgrade,"Woodland Hills, CA 91367",2026-07-09
IMG_20260709_092302944.jpg,Electric Work,ev-charger,Outdoor-rated EV charger installation,"Reseda, CA 91335",2026-07-09
IMG_20260709_095322249.jpg,Electric Work,ev-charger,Level 2 EV charger installation,"Inglewood, CA 90301",2026-07-09
IMG_20260709_095416058.jpg,Electric Work,lighting,Under-cabinet LED lighting setup,"Sierra Madre, CA 91024",2026-07-09
IMG_20260709_095527357.jpg,Electric Work,lighting,Pendant light installation over island,"Beverly Hills, CA 90210",2026-07-09
IMG_20260709_095545623.jpg,Electric Work,panel-upgrade,Old fuse box to modern breaker panel conversion,"Norwalk, CA 90650",2026-07-09
IMG_20260709_095602667.jpg,Electric Work,safety,Whole-house surge protector installation,"Newport Beach, CA 92660",2026-07-09
IMG_20260709_095606541.jpg,Electric Work,panel-upgrade,200-amp panel upgrade for home addition,"West Covina, CA 91790",2026-07-09
IMG_20260709_095610187.jpg,Electric Work,lighting,Wall sconce installation in hallway,"Fullerton, CA 92831",2026-07-09
IMG_20260709_095939028.jpg,Electric Work,safety,Code compliance upgrade,"Tarzana, CA 91356",2026-07-09
IMG_20260709_095951388.jpg,Electric Work,panel-upgrade,Old fuse box to modern breaker panel conversion,"Costa Mesa, CA 92626",2026-07-09
IMG_20260709_100001555.jpg,Electric Work,ev-charger,Tesla Wall Connector installation,"Encino, CA 91436",2026-07-09
IMG_20260709_100005346.jpg,Electric Work,ev-charger,Outdoor-rated EV charger installation,"Tarzana, CA 91356",2026-07-09
IMG_20260709_100052958.jpg,Electric Work,lighting,Wall sconce installation in hallway,"Redondo Beach, CA 90277",2026-07-09
IMG_20260709_100154068.jpg,Electric Work,ev-charger,Outdoor-rated EV charger installation,"Northridge, CA 91324",2026-07-09
IMG_20260709_100237967.jpg,Electric Work,safety,Emergency lighting installation,"Reseda, CA 91335",2026-07-09
IMG_20260709_101539276_HDR.jpg,Electric Work,ev-charger,Outdoor-rated EV charger installation,"Culver City, CA 90232",2026-07-09
IMG_20260709_101543870_HDR.jpg,Electric Work,safety,Emergency lighting installation,"Monrovia, CA 91016",2026-07-09
IMG_20260709_101600352.jpg,Electric Work,lighting,LED strip lighting under stairs,"Santa Ana, CA 92701",2026-07-09
IMG_20260709_101643257_HDR.jpg,Electric Work,panel-upgrade,Circuit breaker panel replacement,"Northridge, CA 91324",2026-07-09
IMG_20260709_101649081.jpg,Electric Work,ev-charger,EV charging infrastructure for home,"Hermosa Beach, CA 90254",2026-07-09
IMG_20260709_101652506.jpg,Electric Work,panel-upgrade,200-amp panel upgrade for home addition,"Sun Valley, CA 91352",2026-07-09
IMG_20260709_101707260.jpg,Electric Work,lighting,Wall sconce installation in hallway,"Tarzana, CA 91356",2026-07-09
IMG_20260709_101734717.jpg,Electric Work,ev-charger,Tesla Wall Connector installation,"San Clemente, CA 92672",2026-07-09
IMG_20260709_101737763.jpg,Electric Work,safety,Code compliance upgrade,"Upland, CA 91786",2026-07-09
IMG_20260709_101804382.jpg,Electric Work,panel-upgrade,Circuit breaker panel replacement,"Downey, CA 90241",2026-07-09
IMG_20260709_101809632.jpg,Electric Work,panel-upgrade,New breaker installation for dedicated circuits,"Norwalk, CA 90650",2026-07-09
IMG_20260709_101814775_HDR.jpg,Electric Work,safety,Emergency lighting installation,"Beverly Hills, CA 90210",2026-07-09
IMG_20260709_101859040.jpg,Electric Work,lighting,Under-cabinet LED lighting setup,"La Crescenta, CA 91214",2026-07-09
IMG_20260709_101905343.jpg,Electric Work,ev-charger,Outdoor-rated EV charger installation,"La Canada Flintridge, CA 91011",2026-07-09
IMG_20260709_101915483.jpg,Electric Work,ev-charger,Hardwired EV charging station installation,"Monrovia, CA 91016",2026-07-09
IMG_20260709_101929766_HDR.jpg,Electric Work,panel-upgrade,New breaker installation for dedicated circuits,"Laguna Beach, CA 92651",2026-07-09
IMG_20260709_102128077_HDR.jpg,Electric Work,panel-upgrade,Old fuse box to modern breaker panel conversion,"Santa Ana, CA 92701",2026-07-09
IMG_20260709_102253498.jpg,Electric Work,lighting,Under-cabinet LED lighting setup,"Arcadia, CA 91006",2026-07-09
IMG_20260709_102256253.jpg,Electric Work,panel-upgrade,Circuit breaker panel replacement,"Torrance, CA 90501",2026-07-09
IMG_20260709_102323430.jpg,Electric Work,lighting,LED strip lighting under stairs,"Whittier, CA 90601",2026-07-09
IMG_20260709_112854422_HDR.jpg,Electric Work,safety,Code compliance upgrade,"Sun Valley, CA 91352",2026-07-09
IMG_20260709_112905587.jpg,Electric Work,ev-charger,Outdoor-rated EV charger installation,"Carson, CA 90745",2026-07-09
IMG_20260709_112923026.jpg,Electric Work,ev-charger,Level 2 EV charger installation,"La Crescenta, CA 91214",2026-07-09
IMG_20260709_112938553.jpg,Electric Work,ev-charger,EV charging infrastructure for home,"La Canada Flintridge, CA 91011",2026-07-09
IMG_20260709_113007593.jpg,Electric Work,ev-charger,Tesla Wall Connector installation,"Azusa, CA 91702",2026-07-09
IMG_20260709_113119817.jpg,Electric Work,panel-upgrade,Panel cover installation with labeled breakers,"Hollywood, CA 90028",2026-07-09
IMG_20260709_113402701_HDR.jpg,Electric Work,panel-upgrade,New breaker installation for dedicated circuits,"Granada Hills, CA 91344",2026-07-09
IMG_20260709_113723863.jpg,Electric Work,safety,Code compliance upgrade,"Covina, CA 91722",2026-07-09
IMG_20260709_113734525.jpg,Electric Work,lighting,Wall sconce installation in hallway,"La Canada Flintridge, CA 91011",2026-07-09
IMG_20260709_113742514.jpg,Electric Work,panel-upgrade,Circuit breaker panel replacement,"Sherman Oaks, CA 91423",2026-07-09
IMG_20260709_113745762.jpg,Electric Work,panel-upgrade,New breaker installation for dedicated circuits,"San Clemente, CA 92672",2026-07-09
IMG_20260709_113814561.jpg,Electric Work,lighting,Recessed lighting installation in kitchen,"Pacoima, CA 91331",2026-07-09
IMG_20260709_113834618.jpg,Electric Work,ev-charger,Level 2 EV charger installation,"Mission Hills, CA 91345",2026-07-09
IMG_20260709_113851438.jpg,Electric Work,ev-charger,Outdoor-rated EV charger installation,"Downey, CA 90241",2026-07-09
IMG_20260709_113900094.jpg,Electric Work,safety,Emergency lighting installation,"Hermosa Beach, CA 90254",2026-07-09
IMG_20260709_113907846.jpg,Electric Work,lighting,LED strip lighting under stairs,"Gardena, CA 90247",2026-07-09
IMG_20260709_113921063.jpg,Electric Work,lighting,Under-cabinet LED lighting setup,"Hawthorne, CA 90250",2026-07-09
IMG_20260709_113943736.jpg,Electric Work,safety,Lightning protection system,"Upland, CA 91786",2026-07-09
IMG_20260709_113947349.jpg,Electric Work,ev-charger,Hardwired EV charging station installation,"Beverly Hills, CA 90210",2026-07-09
IMG_20260709_130014204.jpg,Electric Work,safety,Code compliance upgrade,"West Covina, CA 91790",2026-07-09
IMG_20260709_130027184.jpg,Electric Work,panel-upgrade,Panel cover installation with labeled breakers,"Santa Monica, CA 90401",2026-07-09
IMG_20260709_130114987.jpg,Electric Work,ev-charger,Outdoor-rated EV charger installation,"Manhattan Beach, CA 90266",2026-07-09
IMG_20260709_130122693.jpg,Electric Work,safety,Arc fault breaker installation for bedrooms,"Beverly Hills, CA 90210",2026-07-09
IMG_20260709_130226168.jpg,Electric Work,ev-charger,Outdoor-rated EV charger installation,"Laguna Beach, CA 92651",2026-07-09
IMG_20260709_130230446_HDR.jpg,Electric Work,lighting,Under-cabinet LED lighting setup,"Covina, CA 91722",2026-07-09
IMG_20260709_130253840.jpg,Electric Work,safety,Code compliance upgrade,"Whittier, CA 90601",2026-07-09
IMG_20260709_130303381_HDR.jpg,Electric Work,lighting,Under-cabinet LED lighting setup,"Downey, CA 90241",2026-07-09
IMG_20260709_130314780_HDR.jpg,Electric Work,ev-charger,Level 2 EV charger installation,"Altadena, CA 91001",2026-07-09
IMG_20260709_130324647.jpg,Electric Work,safety,Whole-house surge protector installation,"Woodland Hills, CA 91367",2026-07-09
IMG_20260724_134515577.jpg,Electric Work,ev-charger,Tesla Wall Connector installation,"Upland, CA 91786",2026-07-24
IMG_20260724_134535210.jpg,Electric Work,safety,Whole-house surge protector installation,"Sun Valley, CA 91352",2026-07-24
IMG_20260724_134544147.jpg,Electric Work,ev-charger,Hardwired EV charging station installation,"Sylmar, CA 91342",2026-07-24
IMG_20260724_134555212.jpg,Electric Work,ev-charger,Tesla Wall Connector installation,"Mission Viejo, CA 92691",2026-07-24
IMG_20260724_134612446.jpg,Electric Work,panel-upgrade,Old fuse box to modern breaker panel conversion,"Beverly Hills, CA 90210",2026-07-24
IMG_20260724_134621881_HDR.jpg,Electric Work,safety,Lightning protection system,"Sherman Oaks, CA 91423",2026-07-24
IMG_20260724_134625856.jpg,Electric Work,ev-charger,Outdoor-rated EV charger installation,"Santa Ana, CA 92701",2026-07-24
IMG_20260724_134630086.jpg,Electric Work,ev-charger,Hardwired EV charging station installation,"Anaheim, CA 92801",2026-07-24
IMG_20260724_134637507_HDR.jpg,Electric Work,panel-upgrade,Old fuse box to modern breaker panel conversion,"La Canada Flintridge, CA 91011",2026-07-24
IMG_20260724_134642466.jpg,Electric Work,lighting,Wall sconce installation in hallway,"Mission Viejo, CA 92691",2026-07-24
IMG_20260727_114047175.jpg,Electric Work,panel-upgrade,200-amp panel upgrade for home addition,"Long Beach, CA 90802",2026-07-27
IMG_20260727_114058051.jpg,Electric Work,ev-charger,Hardwired EV charging station installation,"Chatsworth, CA 91311",2026-07-27
IMG_20260727_114110750.jpg,Electric Work,panel-upgrade,Old fuse box to modern breaker panel conversion,"Encino, CA 91436",2026-07-27
IMG_20260727_114122883.jpg,Electric Work,safety,Arc fault breaker installation for bedrooms,"Glendale, CA 91201",2026-07-27
IMG_20260810_092236355.jpg,Electric Work,panel-upgrade,200-amp panel upgrade for home addition,"Covina, CA 91722",2026-08-10
IMG_20260810_092242011_HDR.jpg,Electric Work,safety,Emergency lighting installation,"Sun Valley, CA 91352",2026-08-10
IMG_20260810_092250316_HDR.jpg,Electric Work,ev-charger,Hardwired EV charging station installation,"Mission Viejo, CA 92691",2026-08-10
IMG_20260810_092346624.jpg,Electric Work,safety,Code compliance upgrade,"Newport Beach, CA 92660",2026-08-10
IMG_20260810_092405943.jpg,Electric Work,lighting,Wall sconce installation in hallway,"Azusa, CA 91702",2026-08-10
IMG_20260810_150220317.jpg,Electric Work,ev-charger,Level 2 EV charger installation,"Gardena, CA 90247",2026-08-10
IMG_20260810_150226427.jpg,Electric Work,ev-charger,Outdoor-rated EV charger installation,"Norwalk, CA 90650",2026-08-10
IMG_20260810_150231105.jpg,Electric Work,panel-upgrade,Panel cover installation with labeled breakers,"Chatsworth, CA 91311",2026-08-10
IMG_20260821_122721930_HDR.jpg,Electric Work,safety,Arc fault breaker installation for bedrooms,"Gardena, CA 90247",2026-08-21
IMG_20260821_122726213.jpg,Electric Work,ev-charger,EV charging infrastructure for home,"Mission Viejo, CA 92691",2026-08-21
IMG_20260821_122733133.jpg,Electric Work,panel-upgrade,Panel cover installation with labeled breakers,"Orange, CA 92866",2026-08-21
IMG_20260821_122736954.jpg,Electric Work,lighting,Wall sconce installation in hallway,"Laguna Beach, CA 92651",2026-08-21
IMG_20260821_122825684.jpg,Electric Work,safety,Emergency lighting installation,"Santa Ana, CA 92701",2026-08-21
IMG_20260821_122827863.jpg,Electric Work,panel-upgrade,Panel cover installation with labeled breakers,"Mission Hills, CA 91345",2026-08-21
IMG_20260825_080051673.jpg,Electric Work,ev-charger,EV charging infrastructure for home,"Chatsworth, CA 91311",2026-08-25
IMG_20260825_080056515.jpg,Electric Work,safety,Emergency lighting installation,"Fullerton, CA 92831",2026-08-25
IMG_20260825_080104755.jpg,Electric Work,ev-charger,Tesla Wall Connector installation,"Sierra Madre, CA 91024",2026-08-25
IMG_20260825_080153403.jpg,Electric Work,lighting,Recessed lighting installation in kitchen,"Tarzana, CA 91356",2026-08-25
IMG_20260825_080328204.jpg,Electric Work,ev-charger,Hardwired EV charging station installation,"Santa Ana, CA 92701",2026-08-25
IMG_20260825_080333552.jpg,Electric Work,panel-upgrade,Old fuse box to modern breaker panel conversion,"Beverly Hills, CA 90210",2026-08-25
IMG_20260825_080336512.jpg,Electric Work,safety,Whole-house surge protector installation,"Gardena, CA 90247",2026-08-25
IMG_20260825_080701853.jpg,Electric Work,lighting,LED strip lighting under stairs,"La Canada Flintridge, CA 91011",2026-08-25
IMG_20260825_080707081.jpg,Electric Work,ev-charger,Tesla Wall Connector installation,"Manhattan Beach, CA 90266",2026-08-25
IMG_20260825_080918494.jpg,Electric Work,lighting,Under-cabinet LED lighting setup,"Beverly Hills, CA 90210",2026-08-25
IMG_20260825_083130101.jpg,Electric Work,panel-upgrade,Panel cover installation with labeled breakers,"Pacoima, CA 91331",2026-08-25
IMG_20260825_090849330.jpg,Electric Work,safety,Lightning protection system,"Burbank, CA 91502",2026-08-25
IMG_20260825_110219780.jpg,Electric Work,safety,Whole-house surge protector installation,"Long Beach, CA 90802",2026-08-25
IMG_20260825_110224650.jpg,Electric Work,ev-charger,EV charging infrastructure for home,"Mission Viejo, CA 92691",2026-08-25
IMG_20260825_110229660.jpg,Electric Work,safety,Emergency lighting installation,"La Crescenta, CA 91214",2026-08-25
IMG_20260825_110240790.jpg,Electric Work,safety,Arc fault breaker installation for bedrooms,"Hermosa Beach, CA 90254",2026-08-25
IMG_20260825_110348971.jpg,Electric Work,panel-upgrade,Circuit breaker panel replacement,"Tujunga, CA 91042",2026-08-25
IMG_20260825_110352131.jpg,Electric Work,safety,Arc fault breaker installation for bedrooms,"Mission Viejo, CA 92691",2026-08-25
IMG_20260825_110355285.jpg,Electric Work,safety,Emergency lighting installation,"Santa Monica, CA 90401",2026-08-25
IMG_20260903_161938200_HDR.jpg,Electric Work,panel-upgrade,200-amp panel upgrade for home addition,"Ontario, CA 91764",2026-09-03
IMG_20260903_161947280_HDR.jpg,Electric Work,ev-charger,Level 2 EV charger installation,"Inglewood, CA 90301",2026-09-03
IMG_20260903_161959656_HDR.jpg,Electric Work,panel-upgrade,Circuit breaker panel replacement,"Whittier, CA 90601",2026-09-03
IMG_20260903_162014125_HDR.jpg,Electric Work,ev-charger,Tesla Wall Connector installation,"Tujunga, CA 91042",2026-09-03
IMG_20260903_162021612_HDR.jpg,Electric Work,ev-charger,Outdoor-rated EV charger installation,"Woodland Hills, CA 91367",2026-09-03
IMG_20260903_162037229_HDR.jpg,Electric Work,ev-charger,EV charging infrastructure for home,"Culver City, CA 90232",2026-09-03
IMG_20260903_162039193_HDR.jpg,Electric Work,ev-charger,Hardwired EV charging station installation,"Culver City, CA 90232",2026-09-03
IMG_20260903_162049301.jpg,Electric Work,panel-upgrade,Panel cover installation with labeled breakers,"North Hollywood, CA 91601",2026-09-03
IMG_20260903_162148368_HDR.jpg,Electric Work,safety,Arc fault breaker installation for bedrooms,"Whittier, CA 90601",2026-09-03
IMG_20260903_162200328_HDR.jpg,Electric Work,safety,Code compliance upgrade,"Torrance, CA 90501",2026-09-03
IMG_20260903_162207954_HDR.jpg,Electric Work,ev-charger,Tesla Wall Connector installation,"Culver City, CA 90232",2026-09-03
IMG_20260903_162235567_HDR.jpg,Electric Work,panel-upgrade,Old fuse box to modern breaker panel conversion,"Altadena, CA 91001",2026-09-03
IMG_20260903_162301969.jpg,Electric Work,ev-charger,Level 2 EV charger installation,"Hawthorne, CA 90250",2026-09-03
IMG_20260903_162306078.jpg,Electric Work,panel-upgrade,Panel cover installation with labeled breakers,"Arcadia, CA 91006",2026-09-03
IMG_20260903_162341907_HDR.jpg,Electric Work,lighting,Under-cabinet LED lighting setup,"North Hollywood, CA 91601",2026-09-03
IMG_20260903_162557283_HDR.jpg,Electric Work,panel-upgrade,Circuit breaker panel replacement,"Altadena, CA 91001",2026-09-03
IMG_20260904_083628260.jpg,Electric Work,ev-charger,Level 2 EV charger installation,"Rancho Cucamonga, CA 91730",2026-09-04
MVIMG_20200622_094756.jpg,Electric Work,residential,New home electrical construction,"Inglewood, CA 90301",
MVIMG_20200622_095607.jpg,Electric Work,residential,New home electrical construction,"Monrovia, CA 91016",
MVIMG_20200730_111322.jpg,Electric Work,residential,Electrical system modernization,"Mission Hills, CA 91345",
MVIMG_20200923_121528.jpg,Electric Work,residential,Residential wiring for additions,"Fullerton, CA 92831",
MVIMG_20200923_121529.jpg,Electric Work,residential,Electrical system modernization,"Malibu, CA 90265",
Message_1508527837139.jpg,Electric Work,residential,New home electrical construction,"Costa Mesa, CA 92626",
Message_1508527871375.jpg,Electric Work,residential,Residential electrical service installation,"Hermosa Beach, CA 90254",
PANO_20200629_111116.vr.jpg,Electric Work,residential,Home renovation electrical work,"Anaheim, CA 92801",
PANO_20200629_111135.vr.jpg,Electric Work,residential,Home renovation electrical work,"Beverly Hills, CA 90210",
PANO_20200629_111140.vr.jpg,Electric Work,residential,Residential wiring for additions,"Mission Hills, CA 91345",
PANO_20200629_111159.vr.jpg,Electric Work,residential,Electrical system modernization,"Lake Forest, CA 92630",
PXL_20200930_193026111.jpg,Electric Work,ev-charger,Hardwired EV charging station installation,"North Hollywood, CA 91601",2020-09-30
PXL_20200930_193029657.jpg,Electric Work,lighting,Wall sconce installation in hallway,"Winnetka, CA 91306",2020-09-30
PXL_20201009_184849517.jpg,Electric Work,panel-upgrade,Old fuse box to modern breaker panel conversion,"Hollywood, CA 90028",2020-10-09
PXL_20201009_184852975.jpg,Electric Work,panel-upgrade,200-amp panel upgrade for home addition,"Redondo Beach, CA 90277",2020-10-09
PXL_20201009_184855535.jpg,Electric Work,panel-upgrade,Old fuse box to modern breaker panel conversion,"Whittier, CA 90601",2020-10-09
PXL_20201012_153659884.jpg,Electric Work,panel-upgrade,Circuit breaker panel replacement,"West Covina, CA 91790",2020-10-12
PXL_20201012_153703447.jpg,Electric Work,lighting,Pendant light installation over island,"Manhattan Beach, CA 90266",2020-10-12
PXL_20201012_153712825.jpg,Electric Work,panel-upgrade,Panel cover installation with labeled breakers,"Hollywood, CA 90028",2020-10-12
PXL_20201019_204930229.jpg,Electric Work,panel-upgrade,200-amp panel upgrade for home addition,"La Canada Flintridge, CA 91011",2020-10-19
PXL_20201019_204932142.jpg,Electric Work,repair,Ground fault repair,"Reseda, CA 91335",2020-10-19
PXL_20201021_172954566.jpg,Electric Work,lighting,Pendant light installation over island,"Reseda, CA 91335",2020-10-21
PXL_20201021_172956879.jpg,Electric Work,ev-charger,EV charging infrastructure for home,"Inglewood, CA 90301",2020-10-21
PXL_20201021_172959517.jpg,Electric Work,panel-upgrade,Old fuse box to modern breaker panel conversion,"Studio City, CA 91604",2020-10-21
PXL_20201021_173001454.MP.jpg,Electric Work,panel-upgrade,New breaker installation for dedicated circuits,"North Hollywood, CA 91601",2020-10-21
PXL_20201021_173003551.MP.jpg,Electric Work,repair,Ground fault repair,"Canoga Park, CA 91303",2020-10-21
PXL_20201021_173007267.jpg,Electric Work,panel-upgrade,Old fuse box to modern breaker panel conversion,"Granada Hills, CA 91344",2020-10-21
PXL_20201021_184943390.jpg,Electric Work,lighting,Wall sconce installation in hallway,"Glendale, CA 91201",2020-10-21
PXL_20201021_184948299.jpg,Electric Work,panel-upgrade,Panel cover installation with labeled breakers,"Manhattan Beach, CA 90266",2020-10-21
PXL_20201021_184951104.jpg,Electric Work,repair,Flickering light repair,"North Hollywood, CA 91601",2020-10-21
PXL_20201021_185003620.jpg,Electric Work,ev-charger,Tesla Wall Connector installation,"Sierra Madre, CA 91024",2020-10-21
PXL_20201021_185013144.jpg,Electric Work,lighting,Under-cabinet LED lighting setup,"Van Nuys, CA 91405",2020-10-21
PXL_20201026_205323183.jpg,Electric Work,repair,Ground fault repair,"Covina, CA 91722",2020-10-26
PXL_20201026_205325397.jpg,Electric Work,repair,Wire damage repair in wall,"West Hollywood, CA 90069",2020-10-26
PXL_20201026_205327826.jpg,Electric Work,repair,Circuit breaker repair,"Long Beach, CA 90802",2020-10-26
PXL_20201026_205331020.jpg,Electric Work,panel-upgrade,200-amp panel upgrade for home addition,"Long Beach, CA 90802",2020-10-26
PXL_20201026_205340686.jpg,Electric Work,lighting,LED strip lighting under stairs,"Orange, CA 92866",2020-10-26
PXL_20201102_155524663.jpg,Electric Work,panel-upgrade,Circuit breaker panel replacement,"Mission Hills, CA 91345",2020-11-02
PXL_20201102_155527714.MP.jpg,Electric Work,lighting,Under-cabinet LED lighting setup,"North Hollywood, CA 91601",2020-11-02
PXL_20201102_155536982.jpg,Electric Work,panel-upgrade,New breaker installation for dedicated circuits,"Altadena, CA 91001",2020-11-02
PXL_20201102_155545979.jpg,Electric Work,repair,Wire damage repair in wall,"Mission Viejo, CA 92691",2020-11-02
PXL_20201102_155548730.jpg,Electric Work,lighting,Wall sconce installation in hallway,"Malibu, CA 90265",2020-11-02
PXL_20201102_155729013.jpg,Electric Work,ev-charger,Tesla Wall Connector installation,"Beverly Hills, CA 90210",2020-11-02
PXL_20201102_155732746.jpg,Electric Work,ev-charger,EV charging infrastructure for home,"Monrovia, CA 91016",2020-11-02
PXL_20201102_155743197.jpg,Electric Work,lighting,LED strip lighting under stairs,"Tujunga, CA 91042",2020-11-02
PXL_20201102_155746342.jpg,Electric Work,lighting,Pendant light installation over island,"Sun Valley, CA 91352",2020-11-02
PXL_20201102_155833483.jpg,Electric Work,ev-charger,Hardwired EV charging station installation,"Canoga Park, CA 91303",2020-11-02
PXL_20201102_155835609.jpg,Electric Work,ev-charger,EV charging infrastructure for home,"Mission Viejo, CA 92691",2020-11-02
PXL_20201102_155952158.jpg,Electric Work,repair,Wire damage repair in wall,"West Covina, CA 91790",2020-11-02
PXL_20201102_155957335.jpg,Electric Work,panel-upgrade,Circuit breaker panel replacement,"Glendale, CA 91201",2020-11-02
PXL_20201106_164020592.jpg,Electric Work,repair,Ground fault repair,"Hermosa Beach, CA 90254",2020-11-06
PXL_20201106_164028803.jpg,Electric Work,ev-charger,Level 2 EV charger installation,"Van Nuys, CA 91405",2020-11-06
PXL_20201106_164036237.jpg,Electric Work,repair,Electrical outlet repair,"Sherman Oaks, CA 91423",2020-11-06
PXL_20201112_185645579.MP.jpg,Electric Work,lighting,LED strip lighting under stairs,"Glendale, CA 91201",2020-11-12
PXL_20201112_185645579.jpg,Electric Work,lighting,LED strip lighting under stairs,"Northridge, CA 91324",2020-11-12
PXL_20201112_185654253.jpg,Electric Work,lighting,Under-cabinet LED lighting setup,"Torrance, CA 90501",2020-11-12
PXL_20201117_230715919.jpg,Electric Work,ev-charger,Tesla Wall Connector installation,"Northridge, CA 91324",2020-11-17
PXL_20201117_230717600.jpg,Electric Work,repair,Circuit breaker repair,"Chatsworth, CA 91311",2020-11-17
PXL_20201117_230724754.jpg,Electric Work,lighting,Pendant light installation over island,"Torrance, CA 90501",2020-11-17
PXL_20201117_230736494.jpg,Electric Work,lighting,Pendant light installation over island,"Hollywood, CA 90028",2020-11-17
PXL_20201125_164813606.jpg,Electric Work,ev-charger,EV charging infrastructure for home,"Culver City, CA 90232",2020-11-25
PXL_20201125_164817764.jpg,Electric Work,repair,Ground fault repair,"Inglewood, CA 90301",2020-11-25
PXL_20201125_164825194.jpg,Electric Work,panel-upgrade,New breaker installation for dedicated circuits,"Winnetka, CA 91306",2020-11-25
PXL_20201125_165515710.jpg,Electric Work,panel-upgrade,Panel cover installation with labeled breakers,"Van Nuys, CA 91405",2020-11-25
PXL_20201125_165519048.jpg,Electric Work,panel-upgrade,Panel cover installation with labeled breakers,"Santa Ana, CA 92701",2020-11-25
PXL_20201125_165523795.jpg,Electric Work,panel-upgrade,Old fuse box to modern breaker panel conversion,"Covina, CA 91722",2020-11-25
PXL_20201207_182304216.jpg,Electric Work,repair,Flickering light repair,"Sherman Oaks, CA 91423",2020-12-07
PXL_20201207_182312558.jpg,Electric Work,repair,Flickering light repair,"Pacoima, CA 91331",2020-12-07
PXL_20201207_182321648.jpg,Electric Work,ev-charger,EV charging infrastructure for home,"Laguna Beach, CA 92651",2020-12-07
PXL_20201207_182405230.jpg,Electric Work,panel-upgrade,New breaker installation for dedicated circuits,"Malibu, CA 90265",2020-12-07
PXL_20201207_182410507.jpg,Electric Work,ev-charger,EV charging infrastructure for home,"Manhattan Beach, CA 90266",2020-12-07
PXL_20201207_182423334.jpg,Electric Work,ev-charger,Outdoor-rated EV charger installation,"Torrance, CA 90501",2020-12-07
PXL_20201207_182428446.jpg,Electric Work,repair,Electrical outlet repair,"Carson, CA 90745",2020-12-07
PXL_20201207_182438367.jpg,Electric Work,panel-upgrade,Circuit breaker panel replacement,"Ontario, CA 91764",2020-12-07
PXL_20201207_182443832.jpg,Electric Work,lighting,Recessed lighting installation in kitchen,"Culver City, CA 90232",2020-12-07
PXL_20201211_195632342.jpg,Electric Work,repair,Electrical outlet repair,"Hollywood, CA 90028",2020-12-11
PXL_20201211_195839296.MP.jpg,Electric Work,repair,Circuit breaker repair,"Gardena, CA 90247",2020-12-11
PXL_20201217_153918305.MP.jpg,Electric Work,lighting,Wall sconce installation in hallway,"Rancho Cucamonga, CA 91730",2020-12-17
PXL_20201217_153921741.MP.jpg,Electric Work,lighting,Pendant light installation over island,"Mission Viejo, CA 92691",2020-12-17
PXL_20201217_153926556.jpg,Electric Work,ev-charger,Level 2 EV charger installation,"La Crescenta, CA 91214",2020-12-17
PXL_20201218_175612137.jpg,Electric Work,repair,Flickering light repair,"Inglewood, CA 90301",2020-12-18
PXL_20201218_175615997.jpg,Electric Work,panel-upgrade,Old fuse box to modern breaker panel conversion,"Glendale, CA 91201",2020-12-18
PXL_20201218_175624927.jpg,Electric Work,repair,Flickering light repair,"Torrance, CA 90501",2020-12-18
PXL_20201218_185255703.MP.jpg,Electric Work,panel-upgrade,New breaker installation for dedicated circuits,"Studio City, CA 91604",2020-12-18
PXL_20201218_185304683.jpg,Electric Work,lighting,Recessed lighting installation in kitchen,"North Hollywood, CA 91601",2020-12-18
PXL_20201218_185309955.jpg,Electric Work,ev-charger,Level 2 EV charger installation,"North Hollywood, CA 91601",2020-12-18
PXL_20201224_185700859.jpg,Electric Work,panel-upgrade,Circuit breaker panel replacement,"Arcadia, CA 91006",2020-12-24
PXL_20201224_185704971.jpg,Electric Work,repair,Electrical outlet repair,"Covina, CA 91722",2020-12-24
PXL_20210113_175017542.jpg,Electric Work,switch,Low-voltage switch installation,"Laguna Beach, CA 92651",2021-01-13
PXL_20210113_175024633.jpg,Electric Work,rewiring,New circuit installation for kitchen remodel,"Hollywood, CA 90028",2021-01-13
PXL_20210113_175027357.jpg,Electric Work,outlet,USB outlet installation in bedroom,"Redondo Beach, CA 90277",2021-01-13
PXL_20210113_175036701.jpg,Electric Work,rewiring,Wire management and organization,"Inglewood, CA 90301",2021-01-13
PXL_20210113_175040355.MP.jpg,Electric Work,safety,Code compliance upgrade,"West Hollywood, CA 90069",2021-01-13
PXL_20210113_175042103.jpg,Electric Work,safety,Emergency lighting installation,"Santa Ana, CA 92701",2021-01-13
PXL_20210219_024412140.MP.jpg,Electric Work,outlet,Outlet with integrated night light,"Encino, CA 91436",2021-02-19
PXL_20210219_024413910.MP.jpg,Electric Work,rewiring,Romex wire installation through walls,"Tarzana, CA 91356",2021-02-19
PXL_20210219_024422853.jpg,Electric Work,rewiring,New circuit installation for kitchen remodel,"La Canada Flintridge, CA 91011",2021-02-19
PXL_20210219_024425694.jpg,Electric Work,rewiring,Romex wire installation through walls,"Sun Valley, CA 91352",2021-02-19
PXL_20210219_024426946.jpg,Electric Work,safety,Emergency lighting installation,"Hermosa Beach, CA 90254",2021-02-19
PXL_20210219_024607051.MP.jpg,Electric Work,safety,Whole-house surge protector installation,"Encino, CA 91436",2021-02-19
PXL_20210219_024610556.jpg,Electric Work,outlet,Dedicated outlet for major appliance,"Northridge, CA 91324",2021-02-19
PXL_20210729_193805323.jpg,Electric Work,safety,Lightning protection system,"Sierra Madre, CA 91024",2021-07-29
PXL_20210729_193811348.jpg,Electric Work,rewiring,Electrical rough-in for new construction,"Canoga Park, CA 91303",2021-07-29
PXL_20210729_193813447.jpg,Electric Work,switch,Dimmer switch installation in living room,"Redondo Beach, CA 90277",2021-07-29
PXL_20210729_193816607.jpg,Electric Work,rewiring,Complete home rewiring from panel to outlets,"Newport Beach, CA 92660",2021-07-29
PXL_20210804_202730794.jpg,Electric Work,switch,Master switch for whole-room lighting,"Anaheim, CA 92801",2021-08-04
PXL_20210804_202733691.MP.jpg,Electric Work,rewiring,Electrical rough-in for new construction,"Hawthorne, CA 90250",2021-08-04
PXL_20210804_203149053.jpg,Electric Work,rewiring,Complete home rewiring from panel to outlets,"Anaheim, CA 92801",2021-08-04
PXL_20210804_203150686.jpg,Electric Work,outlet,USB outlet installation in bedroom,"Torrance, CA 90501",2021-08-04
PXL_20210811_140243237.MP.jpg,Electric Work,switch,Dimmer switch installation in living room,"Northridge, CA 91324",2021-08-11
PXL_20210811_140246737.jpg,Electric Work,rewiring,Electrical rough-in for new construction,"Burbank, CA 91502",2021-08-11
PXL_20210811_140741043.jpg,Electric Work,safety,Lightning protection system,"Santa Monica, CA 90401",2021-08-11
PXL_20210811_232037771.MP.jpg,Electric Work,safety,Lightning protection system,"Mission Hills, CA 91345",2021-08-11
PXL_20210811_232042273.jpg,Electric Work,safety,Whole-house surge protector installation,"Long Beach, CA 90802",2021-08-11
PXL_20210811_232044775.jpg,Electric Work,rewiring,Complete home rewiring from panel to outlets,"Monrovia, CA 91016",2021-08-11
PXL_20210811_232047857.jpg,Electric Work,switch,Smart switch installation with app control,"Orange, CA 92866",2021-08-11
PXL_20211005_145004050-PANO.jpg,Electric Work,rewiring,Wire management and organization,"Rancho Cucamonga, CA 91730",2021-10-05
PXL_20211005_145004050.jpg,Electric Work,outlet,Outlet relocation during renovation,"Redondo Beach, CA 90277",2021-10-05
PXL_20211005_145006407.jpg,Electric Work,rewiring,New circuit installation for kitchen remodel,"Northridge, CA 91324",2021-10-05
PXL_20211005_145007948.jpg,Electric Work,rewiring,Romex wire installation through walls,"La Canada Flintridge, CA 91011",2021-10-05
PXL_20211005_145008208.jpg,Electric Work,safety,Arc fault breaker installation for bedrooms,"Mission Viejo, CA 92691",2021-10-05
PXL_20211005_145010394.jpg,Electric Work,safety,Emergency lighting installation,"Carson, CA 90745",2021-10-05
PXL_20211005_152013531.jpg,Electric Work,rewiring,Wire management and organization,"Mission Hills, CA 91345",2021-10-05
PXL_20211005_152021792.jpg,Electric Work,outlet,Floor outlet installation in living room,"La Canada Flintridge, CA 91011",2021-10-05
PXL_20211005_162336140.jpg,Electric Work,rewiring,Electrical rough-in for new construction,"Carson, CA 90745",2021-10-05
PXL_20211005_162339267.jpg,Electric Work,rewiring,Romex wire installation through walls,"Canoga Park, CA 91303",2021-10-05
PXL_20211005_183536116.MP.jpg,Electric Work,switch,Low-voltage switch installation,"North Hollywood, CA 91601",2021-10-05
PXL_20211005_183547960.MP.jpg,Electric Work,outlet,Outlet relocation during renovation,"Tarzana, CA 91356",2021-10-05
PXL_20211005_183549248.MP.jpg,Electric Work,safety,Arc fault breaker installation for bedrooms,"Sierra Madre, CA 91024",2021-10-05
PXL_20211005_204030491.MP.jpg,Electric Work,rewiring,Electrical rough-in for new construction,"Santa Ana, CA 92701",2021-10-05
PXL_20211005_204041467.jpg,Electric Work,rewiring,Complete home rewiring from panel to outlets,"Culver City, CA 90232",2021-10-05
PXL_20211005_204058692.jpg,Electric Work,safety,Code compliance upgrade,"North Hollywood, CA 91601",2021-10-05
PXL_20211005_204101519.jpg,Electric Work,safety,Code compliance upgrade,"Mission Hills, CA 91345",2021-10-05
PXL_20211005_204150200.MP.jpg,Electric Work,outlet,Outlet with integrated night light,"Downey, CA 90241",2021-10-05
PXL_20211005_204155595.jpg,Electric Work,rewiring,Wire management and organization,"Costa Mesa, CA 92626",2021-10-05
PXL_20211005_204158854.jpg,Electric Work,rewiring,Electrical rough-in for new construction,"Malibu, CA 90265",2021-10-05
PXL_20211006_145858555.jpg,Electric Work,safety,Lightning protection system,"Newport Beach, CA 92660",2021-10-06
PXL_20211006_145906474.MP.jpg,Electric Work,switch,Timer switch for outdoor lighting,"Glendale, CA 91201",2021-10-06
PXL_20211006_153318904.PORTRAIT.jpg,Electric Work,safety,Code compliance upgrade,"Whittier, CA 90601",2021-10-06
PXL_20211006_153324580.PORTRAIT.jpg,Electric Work,safety,Code compliance upgrade,"Sylmar, CA 91342",2021-10-06
PXL_20211006_153423649.jpg,Electric Work,rewiring,Romex wire installation through walls,"San Clemente, CA 92672",2021-10-06
PXL_20211006_153424682.jpg,Electric Work,switch,Master switch for whole-room lighting,"Santa Ana, CA 92701",2021-10-06
PXL_20211011_164525422.jpg,Electric Work,rewiring,Wire management and organization,"Pacoima, CA 91331",2021-10-11
PXL_20211011_164532570.jpg,Electric Work,switch,Timer switch for outdoor lighting,"Laguna Beach, CA 92651",2021-10-11
PXL_20211011_164538964.jpg,Electric Work,rewiring,New circuit installation for kitchen remodel,"Beverly Hills, CA 90210",2021-10-11
PXL_20211011_164655637.jpg,Electric Work,rewiring,Romex wire installation through walls,"West Covina, CA 91790",2021-10-11
PXL_20211011_164704614.jpg,Electric Work,switch,Timer switch for outdoor lighting,"Covina, CA 91722",2021-10-11
PXL_20211011_164712593.jpg,Electric Work,switch,Dimmer switch installation in living room,"Manhattan Beach, CA 90266",2021-10-11
PXL_20211011_164836723.jpg,Electric Work,switch,Low-voltage switch installation,"Canoga Park, CA 91303",2021-10-11
PXL_20211011_165146660.jpg,Electric Work,outlet,Floor outlet installation in living room,"Malibu, CA 90265",2021-10-11
PXL_20211011_165150222.jpg,Electric Work,rewiring,New circuit installation for kitchen remodel,"Santa Ana, CA 92701",2021-10-11
PXL_20211011_165156478.jpg,Electric Work,safety,Emergency lighting installation,"Manhattan Beach, CA 90266",2021-10-11
PXL_20211011_165210962.jpg,Electric Work,switch,Master switch for whole-room lighting,"Chatsworth, CA 91311",2021-10-11
PXL_20211011_165216599.jpg,Electric Work,safety,Arc fault breaker installation for bedrooms,"Orange, CA 92866",2021-10-11
PXL_20211011_165455978.jpg,Electric Work,switch,Low-voltage switch installation,"Mission Hills, CA 91345",2021-10-11
PXL_20211011_165508753.jpg,Electric Work,safety,Emergency lighting installation,"Encino, CA 91436",2021-10-11
PXL_20211011_165514748.jpg,Electric Work,outlet,Outlet with integrated night light,"Costa Mesa, CA 92626",2021-10-11
PXL_20211011_165524267.jpg,Electric Work,safety,Lightning protection system,"Mission Hills, CA 91345",2021-10-11
PXL_20211011_165528240.jpg,Electric Work,safety,Lightning protection system,"Pasadena, CA 91101",2021-10-11
PXL_20211011_170049400.jpg,Electric Work,safety,Arc fault breaker installation for bedrooms,"Encino, CA 91436",2021-10-11
PXL_20211011_170103730.jpg,Electric Work,safety,Emergency lighting installation,"Northridge, CA 91324",2021-10-11
PXL_20211011_170133065.jpg,Electric Work,switch,Timer switch for outdoor lighting,"Woodland Hills, CA 91367",2021-10-11
PXL_20211011_170611046.MP.jpg,Electric Work,switch,Master switch for whole-room lighting,"Sherman Oaks, CA 91423",2021-10-11
PXL_20211011_170616601.jpg,Electric Work,safety,Arc fault breaker installation for bedrooms,"Inglewood, CA 90301",2021-10-11
PXL_20211011_170629546.jpg,Electric Work,switch,Timer switch for outdoor lighting,"Winnetka, CA 91306",2021-10-11
PXL_20211011_170832690.jpg,Electric Work,safety,Whole-house surge protector installation,"Van Nuys, CA 91405",2021-10-11
PXL_20211011_170845603.MP.jpg,Electric Work,safety,Whole-house surge protector installation,"Downey, CA 90241",2021-10-11
PXL_20211011_170947029.jpg,Electric Work,outlet,Floor outlet installation in living room,"Winnetka, CA 91306",2021-10-11
PXL_20211011_170958636.jpg,Electric Work,rewiring,Romex wire installation through walls,"Gardena, CA 90247",2021-10-11
PXL_20211011_171203893.jpg,Electric Work,safety,Whole-house surge protector installation,"Inglewood, CA 90301",2021-10-11
PXL_20211011_171211754.jpg,Electric Work,rewiring,Complete home rewiring from panel to outlets,"Woodland Hills, CA 91367",2021-10-11
PXL_20211011_171224808.jpg,Electric Work,outlet,Outlet relocation during renovation,"Hermosa Beach, CA 90254",2021-10-11
PXL_20211011_171235435.MP.jpg,Electric Work,switch,Low-voltage switch installation,"Costa Mesa, CA 92626",2021-10-11
PXL_20211011_171612940.jpg,Electric Work,rewiring,New circuit installation for kitchen remodel,"Hawthorne, CA 90250",2021-10-11
PXL_20211011_171616640.jpg,Electric Work,switch,Low-voltage switch installation,"Pasadena, CA 91101",2021-10-11
PXL_20211102_211951738.jpg,Electric Work,outlet,Outlet with integrated night light,"Canoga Park, CA 91303",2021-11-02
PXL_20211102_211953614.jpg,Electric Work,outlet,USB outlet installation in bedroom,"Laguna Beach, CA 92651",2021-11-02
PXL_20211102_213635736.MP.jpg,Electric Work,outlet,Dedicated outlet for major appliance,"Ontario, CA 91764",2021-11-02
PXL_20211102_213642423.jpg,Electric Work,safety,Arc fault breaker installation for bedrooms,"Burbank, CA 91502",2021-11-02
PXL_20211102_213642865.jpg,Electric Work,outlet,USB outlet installation in bedroom,"Hawthorne, CA 90250",2021-11-02
PXL_20211102_213643413.jpg,Electric Work,rewiring,Romex wire installation through walls,"Hawthorne, CA 90250",2021-11-02
PXL_20211118_183004385.jpg,Electric Work,outlet,USB outlet installation in bedroom,"Sierra Madre, CA 91024",2021-11-18
PXL_20211118_183009642.jpg,Electric Work,outlet,Floor outlet installation in living room,"Winnetka, CA 91306",2021-11-18
PXL_20211118_183011447.jpg,Electric Work,safety,Emergency lighting installation,"Woodland Hills, CA 91367",2021-11-18
PXL_20211122_172034401.MP.jpg,Electric Work,outlet,Floor outlet installation in living room,"Northridge, CA 91324",2021-11-22
PXL_20211122_172038252.MP.jpg,Electric Work,rewiring,Wire management and organization,"Reseda, CA 91335",2021-11-22
PXL_20211123_165819783.jpg,Electric Work,outlet,Outlet with integrated night light,"West Covina, CA 91790",2021-11-23
PXL_20211123_165832800.jpg,Electric Work,switch,Timer switch for outdoor lighting,"Beverly Hills, CA 90210",2021-11-23
PXL_20211123_165838900.jpg,Electric Work,outlet,Outlet relocation during renovation,"Laguna Beach, CA 92651",2021-11-23
PXL_20211123_165845120.jpg,Electric Work,rewiring,New circuit installation for kitchen remodel,"Glendale, CA 91201",2021-11-23
PXL_20211123_170016390.jpg,Electric Work,outlet,Outlet with integrated night light,"Sherman Oaks, CA 91423",2021-11-23
PXL_20211123_170021726.jpg,Electric Work,rewiring,New circuit installation for kitchen remodel,"Covina, CA 91722",2021-11-23
PXL_20211209_173502870.MP.jpg,Electric Work,switch,Master switch for whole-room lighting,"Arcadia, CA 91006",2021-12-09
PXL_20211209_173510344.jpg,Electric Work,rewiring,New circuit installation for kitchen remodel,"Upland, CA 91786",2021-12-09
PXL_20211216_180946922.jpg,Electric Work,outlet,Floor outlet installation in living room,"Laguna Beach, CA 92651",2021-12-16
PXL_20211216_181155971.MP.jpg,Electric Work,safety,Lightning protection system,"Glendale, CA 91201",2021-12-16
PXL_20211216_181159663.jpg,Electric Work,safety,Lightning protection system,"Torrance, CA 90501",2021-12-16
PXL_20211216_181211072.MP.jpg,Electric Work,outlet,Dedicated outlet for major appliance,"Laguna Beach, CA 92651",2021-12-16
PXL_20211216_181217120.MP.jpg,Electric Work,safety,Lightning protection system,"Mission Hills, CA 91345",2021-12-16
PXL_20211216_181753615.jpg,Electric Work,switch,Low-voltage switch installation,"Newport Beach, CA 92660",2021-12-16
PXL_20211216_181801429.jpg,Electric Work,outlet,Outlet relocation during renovation,"Torrance, CA 90501",2021-12-16
PXL_20211216_181834830.jpg,Electric Work,rewiring,Romex wire installation through walls,"West Hollywood, CA 90069",2021-12-16
PXL_20211216_181841172.MP.jpg,Electric Work,switch,Master switch for whole-room lighting,"West Hollywood, CA 90069",2021-12-16
PXL_20211216_181843272.jpg,Electric Work,outlet,USB outlet installation in bedroom,"Pacoima, CA 91331",2021-12-16
PXL_20211216_181846523.jpg,Electric Work,safety,Arc fault breaker installation for bedrooms,"Whittier, CA 90601",2021-12-16
PXL_20211216_182124203.MP.jpg,Electric Work,safety,Code compliance upgrade,"Fullerton, CA 92831",2021-12-16
PXL_20211216_182125875.jpg,Electric Work,rewiring,Electrical rough-in for new construction,"Granada Hills, CA 91344",2021-12-16
PXL_20211216_182132117.MP.jpg,Electric Work,outlet,USB outlet installation in bedroom,"La Crescenta, CA 91214",2021-12-16
PXL_20211216_203352674.jpg,Electric Work,safety,Code compliance upgrade,"Gardena, CA 90247",2021-12-16
PXL_20211216_203400930.jpg,Electric Work,safety,Lightning protection system,"Tujunga, CA 91042",2021-12-16
PXL_20211216_205546406.jpg,Electric Work,safety,Lightning protection system,"Long Beach, CA 90802",2021-12-16
PXL_20211221_153009107.MP.jpg,Electric Work,switch,Timer switch for outdoor lighting,"Granada Hills, CA 91344",2021-12-21
PXL_20211221_194306631.jpg,Electric Work,safety,Lightning protection system,"Torrance, CA 90501",2021-12-21
PXL_20211221_194320419.jpg,Electric Work,safety,Code compliance upgrade,"Tujunga, CA 91042",2021-12-21
PXL_20211221_195305599.jpg,Electric Work,switch,Dimmer switch installation in living room,"Carson, CA 90745",2021-12-21
PXL_20211221_195311582.jpg,Electric Work,switch,Smart switch installation with app control,"Canoga Park, CA 91303",2021-12-21
PXL_20220106_170926676.MP.jpg,Electric Work,panel-upgrade,Panel wiring and circuit organization,"Covina, CA 91722",2022-01-06
PXL_20220106_170935361.MP.jpg,Electric Work,generator,Standby generator wiring,"Mission Viejo, CA 92691",2022-01-06
PXL_20220106_170937504.jpg,Electric Work,panel-upgrade,Panel wiring and circuit organization,"Sun Valley, CA 91352",2022-01-06
PXL_20220106_170949275.jpg,Electric Work,ev-charger,EV charger circuit installation from panel,"Upland, CA 91786",2022-01-06
PXL_20220106_170953125.MP.jpg,Electric Work,ev-charger,EV charger with smart scheduling capability,"Tujunga, CA 91042",2022-01-06
PXL_20220106_173234764.jpg,Electric Work,generator,Standby generator wiring,"Irvine, CA 92618",2022-01-06
PXL_20220106_173240824.jpg,Electric Work,ev-charger,EV charger circuit installation from panel,"Covina, CA 91722",2022-01-06
PXL_20220106_173242868.jpg,Electric Work,ev-charger,Dedicated 50-amp circuit for EV charger,"Norwalk, CA 90650",2022-01-06
PXL_20220118_194823936.jpg,Electric Work,lighting,Wall sconce installation in hallway,"Upland, CA 91786",2022-01-18
PXL_20220118_194826691.jpg,Electric Work,lighting,LED strip lighting under stairs,"Costa Mesa, CA 92626",2022-01-18
PXL_20220118_194845850.jpg,Electric Work,lighting,LED strip lighting under stairs,"Hollywood, CA 90028",2022-01-18
PXL_20220118_194848321.MP.jpg,Electric Work,lighting,Wall sconce installation in hallway,"Woodland Hills, CA 91367",2022-01-18
PXL_20220127_182456344.jpg,Electric Work,generator,Emergency power system installation,"Arcadia, CA 91006",2022-01-27
PXL_20220127_182501413.jpg,Electric Work,lighting,Recessed lighting installation in kitchen,"Mission Hills, CA 91345",2022-01-27
PXL_20220127_223358531.jpg,Electric Work,lighting,Under-cabinet LED lighting setup,"Pacoima, CA 91331",2022-01-27
PXL_20220127_223404302.jpg,Electric Work,ev-charger,240V NEMA 14-50 outlet for EV charging,"Costa Mesa, CA 92626",2022-01-27
PXL_20220127_223444833.MP.jpg,Electric Work,generator,Generator fuel line installation,"Tarzana, CA 91356",2022-01-27
PXL_20220127_223501324.jpg,Electric Work,lighting,Under-cabinet LED lighting setup,"Burbank, CA 91502",2022-01-27
PXL_20220127_223503154.jpg,Electric Work,ev-charger,240V NEMA 14-50 outlet for EV charging,"Laguna Beach, CA 92651",2022-01-27
PXL_20220128_195514434.jpg,Electric Work,panel-upgrade,Sub-panel installation for additional circuits,"Sylmar, CA 91342",2022-01-28
PXL_20220128_195529584.MP.jpg,Electric Work,lighting,Wall sconce installation in hallway,"Beverly Hills, CA 90210",2022-01-28
PXL_20220201_194809155.jpg,Electric Work,ev-charger,240V NEMA 14-50 outlet for EV charging,"Downey, CA 90241",2022-02-01
PXL_20220201_201034406.jpg,Electric Work,lighting,LED strip lighting under stairs,"Sun Valley, CA 91352",2022-02-01
PXL_20220201_201036879.MP.jpg,Electric Work,lighting,Wall sconce installation in hallway,"Glendale, CA 91201",2022-02-01
PXL_20220304_163111346.MP.jpg,Electric Work,ev-charger,Wall-mounted EV charger setup,"Newport Beach, CA 92660",2022-03-04
PXL_20220304_163113994.jpg,Electric Work,ev-charger,EV charger circuit installation from panel,"Norwalk, CA 90650",2022-03-04
PXL_20220420_164942961.jpg,Electric Work,panel-upgrade,Panel wiring and circuit organization,"Mission Hills, CA 91345",2022-04-20
PXL_20220420_164944761.MP.jpg,Electric Work,generator,Emergency power system installation,"Orange, CA 92866",2022-04-20
PXL_20220420_165004826.jpg,Electric Work,panel-upgrade,Sub-panel installation for additional circuits,"Northridge, CA 91324",2022-04-20
PXL_20220420_165013046.jpg,Electric Work,ev-charger,EV charger circuit installation from panel,"West Covina, CA 91790",2022-04-20
PXL_20220420_165015886.MP.jpg,Electric Work,lighting,Pendant light installation over island,"Inglewood, CA 90301",2022-04-20
PXL_20220420_165303786.jpg,Electric Work,panel-upgrade,Sub-panel installation for additional circuits,"Azusa, CA 91702",2022-04-20
PXL_20220420_165307755.MP.jpg,Electric Work,generator,Transfer switch installation for generator,"Whittier, CA 90601",2022-04-20
PXL_20220420_165310172.jpg,Electric Work,ev-charger,EV charger with smart scheduling capability,"Woodland Hills, CA 91367",2022-04-20
PXL_20220420_165348627.jpg,Electric Work,generator,Emergency power system installation,"San Clemente, CA 92672",2022-04-20
PXL_20220420_172328213.jpg,Electric Work,ev-charger,Wall-mounted EV charger setup,"Laguna Beach, CA 92651",2022-04-20
PXL_20220420_172330049.jpg,Electric Work,lighting,Under-cabinet LED lighting setup,"Covina, CA 91722",2022-04-20
PXL_20220420_175744935.MP.jpg,Electric Work,ev-charger,Dedicated 50-amp circuit for EV charger,"Lake Forest, CA 92630",2022-04-20
PXL_20220420_175751832.jpg,Electric Work,panel-upgrade,Panel wiring and circuit organization,"Whittier, CA 90601",2022-04-20
PXL_20220506_174936165.jpg,Electric Work,panel-upgrade,Panel grounding and bonding work,"Lake Forest, CA 92630",2022-05-06
PXL_20220506_174939064.jpg,Electric Work,lighting,Under-cabinet LED lighting setup,"Gardena, CA 90247",2022-05-06
PXL_20220506_174947881.MP.jpg,Electric Work,generator,Standby generator wiring,"Costa Mesa, CA 92626",2022-05-06
PXL_20220506_174954040.jpg,Electric Work,panel-upgrade,Electrical panel relocation and upgrade,"Granada Hills, CA 91344",2022-05-06
PXL_20220506_175005017.jpg,Electric Work,ev-charger,EV charger with smart scheduling capability,"Costa Mesa, CA 92626",2022-05-06
PXL_20220506_175012662.jpg,Electric Work,lighting,LED strip lighting under stairs,"Northridge, CA 91324",2022-05-06
PXL_20220506_175016799.jpg,Electric Work,ev-charger,Dedicated 50-amp circuit for EV charger,"La Canada Flintridge, CA 91011",2022-05-06
PXL_20220506_175025650.jpg,Electric Work,lighting,Pendant light installation over island,"Woodland Hills, CA 91367",2022-05-06
PXL_20220506_175030752.jpg,Electric Work,panel-upgrade,Panel grounding and bonding work,"Reseda, CA 91335",2022-05-06
PXL_20220507_021651522.jpg,Electric Work,ev-charger,EV charger circuit installation from panel,"Lake Forest, CA 92630",2022-05-07
PXL_20220527_145858790.jpg,Electric Work,lighting,LED strip lighting under stairs,"Norwalk, CA 90650",2022-05-27
PXL_20220527_145903221.jpg,Electric Work,generator,Emergency power system installation,"San Clemente, CA 92672",2022-05-27
PXL_20220527_145905852.jpg,Electric Work,panel-upgrade,Main electrical panel upgrade with new 200-amp service,"Van Nuys, CA 91405",2022-05-27
PXL_20220527_145909608.jpg,Electric Work,panel-upgrade,Main electrical panel upgrade with new 200-amp service,"Mission Viejo, CA 92691",2022-05-27
PXL_20220527_173627108.jpg,Electric Work,panel-upgrade,Panel wiring and circuit organization,"Costa Mesa, CA 92626",2022-05-27
PXL_20220527_173639019.jpg,Electric Work,ev-charger,EV charger with smart scheduling capability,"Monrovia, CA 91016",2022-05-27
PXL_20220527_173642835.jpg,Electric Work,lighting,Under-cabinet LED lighting setup,"Tarzana, CA 91356",2022-05-27
PXL_20220527_173647647.jpg,Electric Work,generator,Transfer switch installation for generator,"Altadena, CA 91001",2022-05-27
PXL_20220527_173649896.jpg,Electric Work,generator,Generator fuel line installation,"Azusa, CA 91702",2022-05-27
PXL_20220527_173653188.MP.jpg,Electric Work,lighting,LED strip lighting under stairs,"La Canada Flintridge, CA 91011",2022-05-27
PXL_20220527_174443220.MP.jpg,Electric Work,panel-upgrade,Panel grounding and bonding work,"Culver City, CA 90232",2022-05-27
PXL_20220527_174445836.jpg,Electric Work,lighting,Under-cabinet LED lighting setup,"Woodland Hills, CA 91367",2022-05-27
PXL_20220527_174450886.MP.jpg,Electric Work,ev-charger,240V NEMA 14-50 outlet for EV charging,"Tarzana, CA 91356",2022-05-27
PXL_20220527_174456132.jpg,Electric Work,lighting,Recessed lighting installation in kitchen,"Northridge, CA 91324",2022-05-27
PXL_20220527_174459303.jpg,Electric Work,generator,Transfer switch installation for generator,"Mission Viejo, CA 92691",2022-05-27
PXL_20220602_180957505.MP.jpg,Electric Work,panel-upgrade,Panel wiring and circuit organization,"Whittier, CA 90601",2022-06-02
PXL_20220602_181004900.jpg,Electric Work,lighting,LED strip lighting under stairs,"Inglewood, CA 90301",2022-06-02
PXL_20220602_181014962.jpg,Electric Work,lighting,Wall sconce installation in hallway,"Sylmar, CA 91342",2022-06-02
PXL_20220602_181027530.jpg,Electric Work,generator,Standby generator wiring,"Burbank, CA 91502",2022-06-02
PXL_20220602_181040909.jpg,Electric Work,generator,Transfer switch installation for generator,"Sherman Oaks, CA 91423",2022-06-02
PXL_20220602_181042728.MP.jpg,Electric Work,lighting,LED strip lighting under stairs,"Laguna Beach, CA 92651",2022-06-02
PXL_20220603_151640478.jpg,Electric Work,lighting,Recessed lighting installation in kitchen,"Upland, CA 91786",2022-06-03
PXL_20220603_151643290.jpg,Electric Work,panel-upgrade,Panel grounding and bonding work,"La Canada Flintridge, CA 91011",2022-06-03
PXL_20220603_151650809.jpg,Electric Work,panel-upgrade,Panel wiring and circuit organization,"Anaheim, CA 92801",2022-06-03
PXL_20220603_151654671.jpg,Electric Work,ev-charger,240V NEMA 14-50 outlet for EV charging,"Winnetka, CA 91306",2022-06-03
PXL_20220603_151700764.jpg,Electric Work,generator,Transfer switch installation for generator,"Pasadena, CA 91101",2022-06-03
PXL_20220603_151702711.MP.jpg,Electric Work,ev-charger,240V NEMA 14-50 outlet for EV charging,"Reseda, CA 91335",2022-06-03
PXL_20220603_151709166.jpg,Electric Work,panel-upgrade,Main electrical panel upgrade with new 200-amp service,"Chatsworth, CA 91311",2022-06-03
PXL_20220603_151916287.jpg,Electric Work,panel-upgrade,Panel grounding and bonding work,"Santa Monica, CA 90401",2022-06-03
PXL_20220603_151922644.jpg,Electric Work,generator,Generator fuel line installation,"Arcadia, CA 91006",2022-06-03
PXL_20220603_151929815.jpg,Electric Work,lighting,Recessed lighting installation in kitchen,"Whittier, CA 90601",2022-06-03
PXL_20220603_175020114.jpg,Electric Work,generator,Standby generator wiring,"Woodland Hills, CA 91367",2022-06-03
PXL_20220603_175027851.MP.jpg,Electric Work,generator,Standby generator wiring,"North Hollywood, CA 91601",2022-06-03
PXL_20220603_175055440.jpg,Electric Work,panel-upgrade,Electrical panel relocation and upgrade,"Santa Ana, CA 92701",2022-06-03
PXL_20220603_175059961.jpg,Electric Work,ev-charger,Wall-mounted EV charger setup,"Winnetka, CA 91306",2022-06-03
PXL_20220616_212032710.jpg,Electric Work,generator,Generator fuel line installation,"Reseda, CA 91335",2022-06-16
PXL_20220616_212045038.MP.jpg,Electric Work,generator,Standby generator wiring,"Mission Viejo, CA 92691",2022-06-16
PXL_20220616_212048343.jpg,Electric Work,generator,Generator circuit breaker installation,"Culver City, CA 90232",2022-06-16
PXL_20220616_214311049.jpg,Electric Work,ev-charger,240V NEMA 14-50 outlet for EV charging,"Arcadia, CA 91006",2022-06-16
PXL_20220616_214314787.jpg,Electric Work,ev-charger,EV charger circuit installation from panel,"Torrance, CA 90501",2022-06-16
PXL_20220617_212044006.jpg,Electric Work,ev-charger,240V NEMA 14-50 outlet for EV charging,"Inglewood, CA 90301",2022-06-17
PXL_20220617_212052217.MP.jpg,Electric Work,ev-charger,Wall-mounted EV charger setup,"Covina, CA 91722",2022-06-17
PXL_20220617_212103981.MP.jpg,Electric Work,generator,Standby generator wiring,"Costa Mesa, CA 92626",2022-06-17
PXL_20220617_212202629.jpg,Electric Work,ev-charger,EV charger circuit installation from panel,"Fullerton, CA 92831",2022-06-17
PXL_20220617_212223666.MP.jpg,Electric Work,lighting,Wall sconce installation in hallway,"Monrovia, CA 91016",2022-06-17
PXL_20220707_232532141.jpg,Electric Work,generator,Standby generator wiring,"Downey, CA 90241",2022-07-07
PXL_20220707_232540383.jpg,Electric Work,generator,Generator circuit breaker installation,"Northridge, CA 91324",2022-07-07
PXL_20220707_232544646.jpg,Electric Work,lighting,Recessed lighting installation in kitchen,"Rancho Cucamonga, CA 91730",2022-07-07
PXL_20220707_232545030.MP.jpg,Electric Work,lighting,Wall sconce installation in hallway,"Ontario, CA 91764",2022-07-07
PXL_20220707_232547621.MP.jpg,Electric Work,ev-charger,EV charger circuit installation from panel,"Mission Viejo, CA 92691",2022-07-07
PXL_20220707_232555255.MP.jpg,Electric Work,ev-charger,Wall-mounted EV charger setup,"Whittier, CA 90601",2022-07-07
PXL_20220707_235655584.jpg,Electric Work,panel-upgrade,Panel grounding and bonding work,"Whittier, CA 90601",2022-07-07
PXL_20220707_235701015.jpg,Electric Work,lighting,Pendant light installation over island,"Azusa, CA 91702",2022-07-07
PXL_20220707_235720891.jpg,Electric Work,ev-charger,240V NEMA 14-50 outlet for EV charging,"Northridge, CA 91324",2022-07-07
PXL_20220707_235740895.MP.jpg,Electric Work,ev-charger,240V NEMA 14-50 outlet for EV charging,"Pasadena, CA 91101",2022-07-07
PXL_20220707_235743010.MP.jpg,Electric Work,generator,Transfer switch installation for generator,"Granada Hills, CA 91344",2022-07-07
PXL_20220708_002159218.MP.jpg,Electric Work,ev-charger,EV charger circuit installation from panel,"Covina, CA 91722",2022-07-08
PXL_20220708_002210821.MP.jpg,Electric Work,generator,Generator circuit breaker installation,"Sun Valley, CA 91352",2022-07-08
PXL_20220708_002221008.MP.jpg,Electric Work,ev-charger,240V NEMA 14-50 outlet for EV charging,"Irvine, CA 92618",2022-07-08
PXL_20220708_002227891.jpg,Electric Work,panel-upgrade,Electrical panel relocation and upgrade,"Burbank, CA 91502",2022-07-08
PXL_20220708_002231827.jpg,Electric Work,panel-upgrade,Main electrical panel upgrade with new 200-amp service,"Monrovia, CA 91016",2022-07-08
PXL_20220708_002236956.jpg,Electric Work,lighting,Pendant light installation over island,"Covina, CA 91722",2022-07-08
PXL_20220708_002246311.MP.jpg,Electric Work,generator,Emergency power system installation,"Arcadia, CA 91006",2022-07-08
PXL_20220708_002252507.jpg,Electric Work,generator,Standby generator wiring,"La Canada Flintridge, CA 91011",2022-07-08
PXL_20220708_002300454.jpg,Electric Work,generator,Transfer switch installation for generator,"Torrance, CA 90501",2022-07-08
PXL_20220708_002303201.jpg,Electric Work,panel-upgrade,Electrical panel relocation and upgrade,"Rancho Cucamonga, CA 91730",2022-07-08
PXL_20220708_003116249.jpg,Electric Work,panel-upgrade,Panel grounding and bonding work,"Redondo Beach, CA 90277",2022-07-08
PXL_20220708_003121076.jpg,Electric Work,panel-upgrade,Panel wiring and circuit organization,"San Clemente, CA 92672",2022-07-08
PXL_20220708_003125100.jpg,Electric Work,panel-upgrade,Panel grounding and bonding work,"Manhattan Beach, CA 90266",2022-07-08
PXL_20220708_003128947.jpg,Electric Work,lighting,Wall sconce installation in hallway,"Lake Forest, CA 92630",2022-07-08
PXL_20220708_141155846.jpg,Electric Work,lighting,LED strip lighting under stairs,"Sylmar, CA 91342",2022-07-08
PXL_20220708_190522142.MP.jpg,Electric Work,lighting,Under-cabinet LED lighting setup,"Studio City, CA 91604",2022-07-08
PXL_20220708_190524957.MP.jpg,Electric Work,lighting,Under-cabinet LED lighting setup,"Pacoima, CA 91331",2022-07-08
PXL_20220708_190527736.MP.jpg,Electric Work,generator,Standby generator wiring,"Hollywood, CA 90028",2022-07-08
PXL_20220708_190535165.jpg,Electric Work,lighting,Wall sconce installation in hallway,"Hollywood, CA 90028",2022-07-08
PXL_20220708_190538556.MP.jpg,Electric Work,ev-charger,240V NEMA 14-50 outlet for EV charging,"Anaheim, CA 92801",2022-07-08
PXL_20220708_191857134.MP.jpg,Electric Work,ev-charger,EV charger circuit installation from panel,"Newport Beach, CA 92660",2022-07-08
PXL_20220708_191910371.MP.jpg,Electric Work,ev-charger,Dedicated 50-amp circuit for EV charger,"Mission Viejo, CA 92691",2022-07-08
PXL_20220708_191918213.MP.jpg,Electric Work,generator,Generator circuit breaker installation,"Carson, CA 90745",2022-07-08
PXL_20220708_193941990.MP.jpg,Electric Work,ev-charger,240V NEMA 14-50 outlet for EV charging,"Pacoima, CA 91331",2022-07-08
PXL_20220708_193943239.MP.jpg,Electric Work,lighting,LED strip lighting under stairs,"Glendale, CA 91201",2022-07-08
PXL_20220708_194013198.MP.jpg,Electric Work,panel-upgrade,Electrical panel relocation and upgrade,"Newport Beach, CA 92660",2022-07-08
PXL_20220708_194021079.MP.jpg,Electric Work,panel-upgrade,Sub-panel installation for additional circuits,"Woodland Hills, CA 91367",2022-07-08
PXL_20220708_194024568.MP.jpg,Electric Work,lighting,Recessed lighting installation in kitchen,"West Covina, CA 91790",2022-07-08
PXL_20220708_194026970.jpg,Electric Work,generator,Generator fuel line installation,"Downey, CA 90241",2022-07-08
PXL_20220708_194033836.jpg,Electric Work,lighting,LED strip lighting under stairs,"Covina, CA 91722",2022-07-08
PXL_20220708_194040366.jpg,Electric Work,lighting,Recessed lighting installation in kitchen,"Reseda, CA 91335",2022-07-08
PXL_20220708_194042218.jpg,Electric Work,lighting,Wall sconce installation in hallway,"Norwalk, CA 90650",2022-07-08
PXL_20220708_194046997.MP.jpg,Electric Work,lighting,Wall sconce installation in hallway,"Tarzana, CA 91356",2022-07-08
PXL_20220708_194053271.jpg,Electric Work,generator,Standby generator wiring,"Sun Valley, CA 91352",2022-07-08
PXL_20220708_194055459.MP.jpg,Electric Work,panel-upgrade,Main electrical panel upgrade with new 200-amp service,"Mission Hills, CA 91345",2022-07-08
PXL_20220708_194909328.MP.jpg,Electric Work,panel-upgrade,Main electrical panel upgrade with new 200-amp service,"Ontario, CA 91764",2022-07-08
PXL_20220708_194915722.MP.jpg,Electric Work,generator,Generator fuel line installation,"Sylmar, CA 91342",2022-07-08
PXL_20220708_194918279.MP.jpg,Electric Work,ev-charger,240V NEMA 14-50 outlet for EV charging,"Mission Hills, CA 91345",2022-07-08
PXL_20220708_195240282.MP.jpg,Electric Work,panel-upgrade,Panel wiring and circuit organization,"Pasadena, CA 91101",2022-07-08
PXL_20220708_195244264.jpg,Electric Work,lighting,LED strip lighting under stairs,"Pasadena, CA 91101",2022-07-08
PXL_20220708_200448611.MP.jpg,Electric Work,lighting,Pendant light installation over island,"Tujunga, CA 91042",2022-07-08
PXL_20220708_200454706.jpg,Electric Work,generator,Generator circuit breaker installation,"Fullerton, CA 92831",2022-07-08
PXL_20220708_200639185.jpg,Electric Work,lighting,LED strip lighting under stairs,"Hermosa Beach, CA 90254",2022-07-08
PXL_20220708_200913660.MP.jpg,Electric Work,panel-upgrade,Main electrical panel upgrade with new 200-amp service,"Pacoima, CA 91331",2022-07-08
PXL_20220708_200919161.MP.jpg,Electric Work,panel-upgrade,Panel wiring and circuit organization,"Santa Ana, CA 92701",2022-07-08
PXL_20220708_200925475.MP.jpg,Electric Work,panel-upgrade,Sub-panel installation for additional circuits,"Glendale, CA 91201",2022-07-08
PXL_20220708_200927574.jpg,Electric Work,generator,Generator circuit breaker installation,"Sierra Madre, CA 91024",2022-07-08
PXL_20220708_201823403.jpg,Electric Work,lighting,Recessed lighting installation in kitchen,"Sherman Oaks, CA 91423",2022-07-08
PXL_20220708_201830700.jpg,Electric Work,panel-upgrade,Panel grounding and bonding work,"Hawthorne, CA 90250",2022-07-08
PXL_20220708_203026001.jpg,Electric Work,lighting,Recessed lighting installation in kitchen,"Anaheim, CA 92801",2022-07-08
PXL_20220708_203029730.jpg,Electric Work,lighting,Recessed lighting installation in kitchen,"Ontario, CA 91764",2022-07-08
PXL_20220708_203033477.jpg,Electric Work,generator,Standby generator wiring,"Fullerton, CA 92831",2022-07-08
PXL_20220708_203153214.MP.jpg,Electric Work,ev-charger,Wall-mounted EV charger setup,"Manhattan Beach, CA 90266",2022-07-08
PXL_20220708_203155764.jpg,Electric Work,generator,Generator circuit breaker installation,"Sierra Madre, CA 91024",2022-07-08
PXL_20220708_203218863.jpg,Electric Work,ev-charger,EV charger with smart scheduling capability,"Covina, CA 91722",2022-07-08
PXL_20220708_203220794.MP.jpg,Electric Work,lighting,Under-cabinet LED lighting setup,"West Hollywood, CA 90069",2022-07-08
PXL_20220708_203224028.jpg,Electric Work,ev-charger,240V NEMA 14-50 outlet for EV charging,"Altadena, CA 91001",2022-07-08
PXL_20220708_204525973.jpg,Electric Work,panel-upgrade,Electrical panel relocation and upgrade,"La Canada Flintridge, CA 91011",2022-07-08
PXL_20220708_204539704.jpg,Electric Work,panel-upgrade,Panel grounding and bonding work,"Mission Hills, CA 91345",2022-07-08
PXL_20220708_204541051.jpg,Electric Work,lighting,Recessed lighting installation in kitchen,"Inglewood, CA 90301",2022-07-08
PXL_20220708_204544417.PORTRAIT.jpg,Electric Work,generator,Generator fuel line installation,"La Canada Flintridge, CA 91011",2022-07-08
PXL_20220708_204604794.PORTRAIT.jpg,Electric Work,generator,Transfer switch installation for generator,"West Covina, CA 91790",2022-07-08
PXL_20220708_204639010.NIGHT.jpg,Electric Work,panel-upgrade,Sub-panel installation for additional circuits,"Norwalk, CA 90650",2022-07-08
PXL_20220708_204727117.NIGHT.jpg,Electric Work,panel-upgrade,Sub-panel installation for additional circuits,"Gardena, CA 90247",2022-07-08
PXL_20220708_204844313.MP.jpg,Electric Work,panel-upgrade,Main electrical panel upgrade with new 200-amp service,"Chatsworth, CA 91311",2022-07-08
PXL_20220708_204848070.MP.jpg,Electric Work,lighting,Recessed lighting installation in kitchen,"Sierra Madre, CA 91024",2022-07-08
PXL_20220708_213445541.MP.jpg,Electric Work,lighting,Recessed lighting installation in kitchen,"Culver City, CA 90232",2022-07-08
PXL_20220708_233955380.jpg,Electric Work,generator,Emergency power system installation,"Hollywood, CA 90028",2022-07-08
PXL_20220708_234000006.MP.jpg,Electric Work,ev-charger,Wall-mounted EV charger setup,"Culver City, CA 90232",2022-07-08
PXL_20220708_234104252.MP.jpg,Electric Work,lighting,Under-cabinet LED lighting setup,"Woodland Hills, CA 91367",2022-07-08
PXL_20220708_234107070.MP.jpg,Electric Work,lighting,Wall sconce installation in hallway,"Irvine, CA 92618",2022-07-08
PXL_20220708_234109090.MP.jpg,Electric Work,generator,Emergency power system installation,"Monrovia, CA 91016",2022-07-08
PXL_20220708_235927438.jpg,Electric Work,lighting,Under-cabinet LED lighting setup,"Mission Hills, CA 91345",2022-07-08
PXL_20220708_235928969.jpg,Electric Work,lighting,LED strip lighting under stairs,"Van Nuys, CA 91405",2022-07-08
PXL_20220708_235935377.jpg,Electric Work,panel-upgrade,Panel grounding and bonding work,"Azusa, CA 91702",2022-07-08
PXL_20220708_235938059.MP.jpg,Electric Work,panel-upgrade,Sub-panel installation for additional circuits,"West Hollywood, CA 90069",2022-07-08
PXL_20220708_235939815.jpg,Electric Work,generator,Transfer switch installation for generator,"Inglewood, CA 90301",2022-07-08
PXL_20220709_000348533.MP.jpg,Electric Work,generator,Generator circuit breaker installation,"Covina, CA 91722",2022-07-09
PXL_20220709_000353825.jpg,Electric Work,generator,Generator circuit breaker installation,"Sherman Oaks, CA 91423",2022-07-09
PXL_20220709_000356423.jpg,Electric Work,generator,Generator circuit breaker installation,"Pasadena, CA 91101",2022-07-09
PXL_20220709_000402524.jpg,Electric Work,ev-charger,Dedicated 50-amp circuit for EV charger,"Sun Valley, CA 91352",2022-07-09
PXL_20220710_151011068.jpg,Electric Work,lighting,Recessed lighting installation in kitchen,"Encino, CA 91436",2022-07-10
PXL_20220710_151014442.MP.jpg,Electric Work,lighting,LED strip lighting under stairs,"Granada Hills, CA 91344",2022-07-10
PXL_20220711_211709647.jpg,Electric Work,generator,Generator fuel line installation,"Fullerton, CA 92831",2022-07-11
PXL_20220711_211711782.jpg,Electric Work,lighting,LED strip lighting under stairs,"Sherman Oaks, CA 91423",2022-07-11
PXL_20220711_211713822.jpg,Electric Work,panel-upgrade,Main electrical panel upgrade with new 200-amp service,"North Hollywood, CA 91601",2022-07-11
PXL_20220711_211734960.MP.jpg,Electric Work,panel-upgrade,Main electrical panel upgrade with new 200-amp service,"Costa Mesa, CA 92626",2022-07-11
PXL_20220711_215303301.MP.jpg,Electric Work,ev-charger,Wall-mounted EV charger setup,"Newport Beach, CA 92660",2022-07-11
PXL_20220711_215306882.jpg,Electric Work,lighting,Pendant light installation over island,"Culver City, CA 90232",2022-07-11
PXL_20220711_215310410.MP.jpg,Electric Work,ev-charger,Wall-mounted EV charger setup,"Mission Hills, CA 91345",2022-07-11
PXL_20220711_215312779.jpg,Electric Work,ev-charger,EV charger with smart scheduling capability,"Laguna Beach, CA 92651",2022-07-11
PXL_20220711_215314908.jpg,Electric Work,panel-upgrade,Panel grounding and bonding work,"Hawthorne, CA 90250",2022-07-11
PXL_20220712_153141897.jpg,Electric Work,ev-charger,240V NEMA 14-50 outlet for EV charging,"Santa Monica, CA 90401",2022-07-12
PXL_20220712_153145234.jpg,Electric Work,panel-upgrade,Main electrical panel upgrade with new 200-amp service,"Mission Hills, CA 91345",2022-07-12
PXL_20220715_132515511.jpg,Electric Work,panel-upgrade,Sub-panel installation for additional circuits,"Manhattan Beach, CA 90266",2022-07-15
PXL_20220715_145755371.jpg,Electric Work,generator,Generator fuel line installation,"Downey, CA 90241",2022-07-15
PXL_20220715_145757560.jpg,Electric Work,ev-charger,EV charger with smart scheduling capability,"Canoga Park, CA 91303",2022-07-15
PXL_20220715_145801850.jpg,Electric Work,generator,Emergency power system installation,"Hermosa Beach, CA 90254",2022-07-15
PXL_20220722_160549688.MP.jpg,Electric Work,ev-charger,EV charger with smart scheduling capability,"Mission Viejo, CA 92691",2022-07-22
PXL_20220722_160552886.jpg,Electric Work,panel-upgrade,Panel wiring and circuit organization,"Winnetka, CA 91306",2022-07-22
PXL_20220722_204627315.jpg,Electric Work,panel-upgrade,Electrical panel relocation and upgrade,"Torrance, CA 90501",2022-07-22
PXL_20220722_204632597.jpg,Electric Work,panel-upgrade,Panel wiring and circuit organization,"San Clemente, CA 92672",2022-07-22
PXL_20220722_204635767.jpg,Electric Work,ev-charger,Wall-mounted EV charger setup,"Sierra Madre, CA 91024",2022-07-22
PXL_20220722_204639188.MP.jpg,Electric Work,lighting,Pendant light installation over island,"Ontario, CA 91764",2022-07-22
PXL_20220722_204642095.jpg,Electric Work,generator,Generator circuit breaker installation,"Northridge, CA 91324",2022-07-22
PXL_20220722_204644610.jpg,Electric Work,generator,Standby generator wiring,"Arcadia, CA 91006",2022-07-22
PXL_20220722_204706961.jpg,Electric Work,panel-upgrade,Electrical panel relocation and upgrade,"Redondo Beach, CA 90277",2022-07-22
PXL_20220722_204711240.MP.jpg,Electric Work,generator,Generator circuit breaker installation,"Irvine, CA 92618",2022-07-22
PXL_20220722_204713085.jpg,Electric Work,generator,Transfer switch installation for generator,"Norwalk, CA 90650",2022-07-22
PXL_20220722_204715670.jpg,Electric Work,ev-charger,EV charger with smart scheduling capability,"Whittier, CA 90601",2022-07-22
PXL_20220722_204726782.MP.jpg,Electric Work,ev-charger,240V NEMA 14-50 outlet for EV charging,"Azusa, CA 91702",2022-07-22
PXL_20220722_204729910.jpg,Electric Work,panel-upgrade,Sub-panel installation for additional circuits,"Hermosa Beach, CA 90254",2022-07-22
PXL_20220722_204734521.jpg,Electric Work,lighting,Wall sconce installation in hallway,"Sierra Madre, CA 91024",2022-07-22
PXL_20220722_204737893.jpg,Electric Work,lighting,Pendant light installation over island,"Whittier, CA 90601",2022-07-22
PXL_20220722_204746198.jpg,Electric Work,generator,Generator fuel line installation,"Studio City, CA 91604",2022-07-22
PXL_20220722_204752978.jpg,Electric Work,lighting,Pendant light installation over island,"Laguna Beach, CA 92651",2022-07-22
PXL_20220722_204754955.jpg,Electric Work,ev-charger,Wall-mounted EV charger setup,"Sylmar, CA 91342",2022-07-22
PXL_20220722_204757444.jpg,Electric Work,generator,Standby generator wiring,"Culver City, CA 90232",2022-07-22
PXL_20220722_204804926.jpg,Electric Work,ev-charger,Wall-mounted EV charger setup,"Pacoima, CA 91331",2022-07-22
PXL_20220722_204811767.jpg,Electric Work,generator,Standby generator wiring,"Sherman Oaks, CA 91423",2022-07-22
PXL_20220722_204819015.jpg,Electric Work,generator,Emergency power system installation,"San Clemente, CA 92672",2022-07-22
PXL_20220722_204825523.jpg,Electric Work,generator,Emergency power system installation,"Beverly Hills, CA 90210",2022-07-22
PXL_20220804_165512063.jpg,Electric Work,lighting,Under-cabinet LED lighting setup,"Malibu, CA 90265",2022-08-04
PXL_20220804_165518910.jpg,Electric Work,generator,Emergency power system installation,"West Covina, CA 91790",2022-08-04
PXL_20220804_165534071.jpg,Electric Work,lighting,Pendant light installation over island,"Gardena, CA 90247",2022-08-04
PXL_20220804_170007437.jpg,Electric Work,generator,Transfer switch installation for generator,"Norwalk, CA 90650",2022-08-04
PXL_20220804_170710052.jpg,Electric Work,ev-charger,EV charger circuit installation from panel,"Culver City, CA 90232",2022-08-04
PXL_20220804_170712820.MP.jpg,Electric Work,panel-upgrade,Panel wiring and circuit organization,"Reseda, CA 91335",2022-08-04
PXL_20220804_180443693.MP.jpg,Electric Work,ev-charger,240V NEMA 14-50 outlet for EV charging,"Pacoima, CA 91331",2022-08-04
PXL_20220804_180449573.MP.jpg,Electric Work,panel-upgrade,Electrical panel relocation and upgrade,"Norwalk, CA 90650",2022-08-04
PXL_20220804_180454850.MP.jpg,Electric Work,generator,Emergency power system installation,"Hawthorne, CA 90250",2022-08-04
PXL_20220804_210328363.MP.jpg,Electric Work,ev-charger,Wall-mounted EV charger setup,"Covina, CA 91722",2022-08-04
PXL_20220804_210332620.jpg,Electric Work,ev-charger,EV charger circuit installation from panel,"Long Beach, CA 90802",2022-08-04
PXL_20220804_210639591.jpg,Electric Work,generator,Emergency power system installation,"Arcadia, CA 91006",2022-08-04
PXL_20220804_210641072.jpg,Electric Work,panel-upgrade,Panel grounding and bonding work,"Altadena, CA 91001",2022-08-04
PXL_20220804_211108013.jpg,Electric Work,generator,Emergency power system installation,"Culver City, CA 90232",2022-08-04
PXL_20220804_211110208.jpg,Electric Work,ev-charger,EV charger with smart scheduling capability,"Costa Mesa, CA 92626",2022-08-04
PXL_20220804_211115433.MP.jpg,Electric Work,ev-charger,EV charger with smart scheduling capability,"Sylmar, CA 91342",2022-08-04
PXL_20220804_211125473.jpg,Electric Work,panel-upgrade,Sub-panel installation for additional circuits,"Culver City, CA 90232",2022-08-04
PXL_20220804_211128368.MP.jpg,Electric Work,generator,Emergency power system installation,"Studio City, CA 91604",2022-08-04
PXL_20220804_211135508.jpg,Electric Work,panel-upgrade,Panel wiring and circuit organization,"Whittier, CA 90601",2022-08-04
PXL_20220804_211148214.MP.jpg,Electric Work,ev-charger,240V NEMA 14-50 outlet for EV charging,"Sylmar, CA 91342",2022-08-04
PXL_20220804_212020525.MP.jpg,Electric Work,lighting,Pendant light installation over island,"West Hollywood, CA 90069",2022-08-04
PXL_20220804_212024700.MP.jpg,Electric Work,panel-upgrade,Sub-panel installation for additional circuits,"Monrovia, CA 91016",2022-08-04
PXL_20220808_143530770.jpg,Electric Work,panel-upgrade,Sub-panel installation for additional circuits,"Ontario, CA 91764",2022-08-08
PXL_20220808_143536901.jpg,Electric Work,ev-charger,240V NEMA 14-50 outlet for EV charging,"Anaheim, CA 92801",2022-08-08
PXL_20220808_143617140.jpg,Electric Work,generator,Transfer switch installation for generator,"Pasadena, CA 91101",2022-08-08
PXL_20220808_143625968.jpg,Electric Work,panel-upgrade,Panel wiring and circuit organization,"Tarzana, CA 91356",2022-08-08
PXL_20220808_150717895.MP.jpg,Electric Work,lighting,Under-cabinet LED lighting setup,"Burbank, CA 91502",2022-08-08
PXL_20220808_161958123.jpg,Electric Work,ev-charger,EV charger circuit installation from panel,"Arcadia, CA 91006",2022-08-08
PXL_20220808_162007030.jpg,Electric Work,generator,Generator circuit breaker installation,"North Hollywood, CA 91601",2022-08-08
PXL_20220808_162011164.jpg,Electric Work,panel-upgrade,Panel wiring and circuit organization,"Winnetka, CA 91306",2022-08-08
PXL_20220808_162013756.jpg,Electric Work,lighting,Wall sconce installation in hallway,"Costa Mesa, CA 92626",2022-08-08
PXL_20220808_162019649.jpg,Electric Work,panel-upgrade,Main electrical panel upgrade with new 200-amp service,"Culver City, CA 90232",2022-08-08
PXL_20220808_162021447.jpg,Electric Work,lighting,Under-cabinet LED lighting setup,"Woodland Hills, CA 91367",2022-08-08
PXL_20220808_162027452.jpg,Electric Work,panel-upgrade,Main electrical panel upgrade with new 200-amp service,"Granada Hills, CA 91344",2022-08-08
PXL_20220808_162029991.jpg,Electric Work,panel-upgrade,Panel grounding and bonding work,"Santa Ana, CA 92701",2022-08-08
PXL_20220808_162037628.jpg,Electric Work,generator,Emergency power system installation,"Orange, CA 92866",2022-08-08
PXL_20220808_162046342.MP.jpg,Electric Work,panel-upgrade,Electrical panel relocation and upgrade,"Hermosa Beach, CA 90254",2022-08-08
PXL_20220808_162050025.MP.jpg,Electric Work,lighting,Wall sconce installation in hallway,"Rancho Cucamonga, CA 91730",2022-08-08
PXL_20220809_152234033.jpg,Electric Work,lighting,LED strip lighting under stairs,"La Crescenta, CA 91214",2022-08-09
PXL_20220809_163618386.jpg,Electric Work,panel-upgrade,Panel wiring and circuit organization,"Woodland Hills, CA 91367",2022-08-09
PXL_20220809_163623113.MP.jpg,Electric Work,lighting,Recessed lighting installation in kitchen,"Sylmar, CA 91342",2022-08-09
PXL_20220809_163627343.jpg,Electric Work,panel-upgrade,Electrical panel relocation and upgrade,"West Hollywood, CA 90069",2022-08-09
PXL_20220809_182250573.jpg,Electric Work,lighting,LED strip lighting under stairs,"Arcadia, CA 91006",2022-08-09
PXL_20220809_211314299.jpg,Electric Work,lighting,Recessed lighting installation in kitchen,"Pacoima, CA 91331",2022-08-09
PXL_20220809_211317211.jpg,Electric Work,ev-charger,Dedicated 50-amp circuit for EV charger,"Newport Beach, CA 92660",2022-08-09
PXL_20220809_211320099.jpg,Electric Work,ev-charger,Dedicated 50-amp circuit for EV charger,"Laguna Beach, CA 92651",2022-08-09
PXL_20220810_151013183.jpg,Electric Work,lighting,LED strip lighting under stairs,"Arcadia, CA 91006",2022-08-10
PXL_20220810_151125523.jpg,Electric Work,generator,Generator fuel line installation,"Mission Viejo, CA 92691",2022-08-10
PXL_20220810_192807209.jpg,Electric Work,ev-charger,EV charger circuit installation from panel,"Whittier, CA 90601",2022-08-10
PXL_20220810_192809101.jpg,Electric Work,generator,Standby generator wiring,"Whittier, CA 90601",2022-08-10
PXL_20220810_192815005.jpg,Electric Work,generator,Generator fuel line installation,"Covina, CA 91722",2022-08-10
PXL_20220810_192819652.jpg,Electric Work,lighting,Recessed lighting installation in kitchen,"Pasadena, CA 91101",2022-08-10
PXL_20220810_192840047.jpg,Electric Work,ev-charger,Dedicated 50-amp circuit for EV charger,"Ontario, CA 91764",2022-08-10
PXL_20220810_192847785.jpg,Electric Work,panel-upgrade,Panel wiring and circuit organization,"Hermosa Beach, CA 90254",2022-08-10
PXL_20220810_192850381.jpg,Electric Work,panel-upgrade,Sub-panel installation for additional circuits,"Studio City, CA 91604",2022-08-10
PXL_20220810_192908795.jpg,Electric Work,generator,Transfer switch installation for generator,"Orange, CA 92866",2022-08-10
PXL_20220810_192910137.jpg,Electric Work,ev-charger,EV charger with smart scheduling capability,"Rancho Cucamonga, CA 91730",2022-08-10
PXL_20220810_192937263.MP.jpg,Electric Work,lighting,Under-cabinet LED lighting setup,"Tujunga, CA 91042",2022-08-10
PXL_20220810_192938965.jpg,Electric Work,generator,Emergency power system installation,"Culver City, CA 90232",2022-08-10
PXL_20220810_192945754.MP.jpg,Electric Work,panel-upgrade,Main electrical panel upgrade with new 200-amp service,"Northridge, CA 91324",2022-08-10
PXL_20220819_195354301.MP.jpg,Electric Work,panel-upgrade,Main electrical panel upgrade with new 200-amp service,"Sylmar, CA 91342",2022-08-19
PXL_20220819_195407519.MP.jpg,Electric Work,ev-charger,Dedicated 50-amp circuit for EV charger,"Rancho Cucamonga, CA 91730",2022-08-19
PXL_20220819_195521297.jpg,Electric Work,generator,Transfer switch installation for generator,"Torrance, CA 90501",2022-08-19
PXL_20220819_195533102.jpg,Electric Work,generator,Standby generator wiring,"North Hollywood, CA 91601",2022-08-19
PXL_20220822_150005751.jpg,Electric Work,ev-charger,Dedicated 50-amp circuit for EV charger,"La Crescenta, CA 91214",2022-08-22
PXL_20220822_150008583.jpg,Electric Work,lighting,Pendant light installation over island,"Malibu, CA 90265",2022-08-22
PXL_20220822_150013513.MP.jpg,Electric Work,panel-upgrade,Sub-panel installation for additional circuits,"Sierra Madre, CA 91024",2022-08-22
PXL_20220828_161543284.jpg,Electric Work,panel-upgrade,Panel wiring and circuit organization,"Mission Hills, CA 91345",2022-08-28
PXL_20220828_161553337.jpg,Electric Work,generator,Generator fuel line installation,"Arcadia, CA 91006",2022-08-28
PXL_20220902_151830139.jpg,Electric Work,lighting,Wall sconce installation in hallway,"Manhattan Beach, CA 90266",2022-09-02
PXL_20220902_151842927.jpg,Electric Work,ev-charger,Dedicated 50-amp circuit for EV charger,"Sylmar, CA 91342",2022-09-02
PXL_20220902_153142644.jpg,Electric Work,generator,Generator fuel line installation,"Pacoima, CA 91331",2022-09-02
PXL_20220902_153204814.MP.jpg,Electric Work,lighting,LED strip lighting under stairs,"Encino, CA 91436",2022-09-02
PXL_20220905_213014170.jpg,Electric Work,lighting,Under-cabinet LED lighting setup,"Monrovia, CA 91016",2022-09-05
PXL_20220919_150119023.jpg,Electric Work,ev-charger,Dedicated 50-amp circuit for EV charger,"Azusa, CA 91702",2022-09-19
PXL_20220919_150120802.MP.jpg,Electric Work,generator,Transfer switch installation for generator,"Costa Mesa, CA 92626",2022-09-19
PXL_20220919_152326483.MP.jpg,Electric Work,generator,Standby generator wiring,"Tujunga, CA 91042",2022-09-19
PXL_20220919_190733839.MP.jpg,Electric Work,lighting,Under-cabinet LED lighting setup,"Hollywood, CA 90028",2022-09-19
PXL_20220919_190737801.jpg,Electric Work,panel-upgrade,Panel grounding and bonding work,"Inglewood, CA 90301",2022-09-19
PXL_20220919_192349350.jpg,Electric Work,ev-charger,Dedicated 50-amp circuit for EV charger,"Studio City, CA 91604",2022-09-19
PXL_20220919_192351037.jpg,Electric Work,panel-upgrade,Sub-panel installation for additional circuits,"Orange, CA 92866",2022-09-19
PXL_20220919_213734399.jpg,Electric Work,generator,Generator circuit breaker installation,"Northridge, CA 91324",2022-09-19
PXL_20220919_213908655.jpg,Electric Work,generator,Transfer switch installation for generator,"Hermosa Beach, CA 90254",2022-09-19
PXL_20220919_213917827.jpg,Electric Work,lighting,Wall sconce installation in hallway,"West Covina, CA 91790",2022-09-19
PXL_20220920_165134799.jpg,Electric Work,panel-upgrade,Electrical panel relocation and upgrade,"Covina, CA 91722",2022-09-20
PXL_20220920_165139392.jpg,Electric Work,ev-charger,EV charger with smart scheduling capability,"Hollywood, CA 90028",2022-09-20
PXL_20220928_164814985.jpg,Electric Work,generator,Transfer switch installation for generator,"Fullerton, CA 92831",2022-09-28
PXL_20220928_164818234.jpg,Electric Work,lighting,LED strip lighting under stairs,"Newport Beach, CA 92660",2022-09-28
PXL_20220928_202035795.MP.jpg,Electric Work,ev-charger,EV charger circuit installation from panel,"Tujunga, CA 91042",2022-09-28
PXL_20220928_202038767.jpg,Electric Work,ev-charger,EV charger circuit installation from panel,"Downey, CA 90241",2022-09-28
PXL_20220928_202057644.jpg,Electric Work,generator,Standby generator wiring,"Rancho Cucamonga, CA 91730",2022-09-28
PXL_20220928_202059159.MP.jpg,Electric Work,lighting,Recessed lighting installation in kitchen,"Studio City, CA 91604",2022-09-28
PXL_20220928_202115626.jpg,Electric Work,panel-upgrade,Main electrical panel upgrade with new 200-amp service,"La Crescenta, CA 91214",2022-09-28
PXL_20220928_202116997.jpg,Electric Work,lighting,Recessed lighting installation in kitchen,"La Crescenta, CA 91214",2022-09-28
PXL_20220928_202143294.MP.jpg,Electric Work,ev-charger,Wall-mounted EV charger setup,"Long Beach, CA 90802",2022-09-28
PXL_20220928_202144554.MP.jpg,Electric Work,panel-upgrade,Sub-panel installation for additional circuits,"Culver City, CA 90232",2022-09-28
PXL_20220929_021301001.MP.jpg,Electric Work,panel-upgrade,Main electrical panel upgrade with new 200-amp service,"Malibu, CA 90265",2022-09-29
PXL_20220929_181225532.MP.jpg,Electric Work,ev-charger,Dedicated 50-amp circuit for EV charger,"Torrance, CA 90501",2022-09-29
PXL_20220929_181229445.MP.jpg,Electric Work,generator,Transfer switch installation for generator,"Pacoima, CA 91331",2022-09-29
PXL_20220929_181233982.jpg,Electric Work,generator,Emergency power system installation,"Costa Mesa, CA 92626",2022-09-29
PXL_20220929_181251818.jpg,Electric Work,lighting,Recessed lighting installation in kitchen,"Santa Ana, CA 92701",2022-09-29
PXL_20220929_181257897.jpg,Electric Work,ev-charger,240V NEMA 14-50 outlet for EV charging,"La Crescenta, CA 91214",2022-09-29
PXL_20220929_181301569.jpg,Electric Work,panel-upgrade,Panel grounding and bonding work,"Torrance, CA 90501",2022-09-29
PXL_20220929_183127892.jpg,Electric Work,lighting,Under-cabinet LED lighting setup,"Sun Valley, CA 91352",2022-09-29
PXL_20220929_183129956.jpg,Electric Work,ev-charger,240V NEMA 14-50 outlet for EV charging,"Orange, CA 92866",2022-09-29
PXL_20220929_183136959.jpg,Electric Work,ev-charger,EV charger circuit installation from panel,"Laguna Beach, CA 92651",2022-09-29
PXL_20220929_183636059.MP.jpg,Electric Work,lighting,Pendant light installation over island,"Northridge, CA 91324",2022-09-29
PXL_20221101_160752237.jpg,Electric Work,panel-upgrade,Panel grounding and bonding work,"Norwalk, CA 90650",2022-11-01
PXL_20221101_160754393.jpg,Electric Work,generator,Emergency power system installation,"Gardena, CA 90247",2022-11-01
PXL_20221108_161141773.jpg,Electric Work,ev-charger,240V NEMA 14-50 outlet for EV charging,"Pasadena, CA 91101",2022-11-08
PXL_20221108_161143025.jpg,Electric Work,lighting,Recessed lighting installation in kitchen,"Costa Mesa, CA 92626",2022-11-08
PXL_20221108_162215677.MP.jpg,Electric Work,panel-upgrade,Panel grounding and bonding work,"Orange, CA 92866",2022-11-08
PXL_20221108_162217425.MP.jpg,Electric Work,generator,Transfer switch installation for generator,"West Hollywood, CA 90069",2022-11-08
PXL_20221129_163932088.jpg,Electric Work,generator,Standby generator wiring,"La Canada Flintridge, CA 91011",2022-11-29
PXL_20221129_163934791.jpg,Electric Work,ev-charger,Wall-mounted EV charger setup,"Costa Mesa, CA 92626",2022-11-29
PXL_20221129_172625420.jpg,Electric Work,generator,Generator circuit breaker installation,"Costa Mesa, CA 92626",2022-11-29
PXL_20221213_183848427.MP.jpg,Electric Work,ev-charger,Wall-mounted EV charger setup,"Hawthorne, CA 90250",2022-12-13
PXL_20221213_183851937.jpg,Electric Work,ev-charger,240V NEMA 14-50 outlet for EV charging,"West Hollywood, CA 90069",2022-12-13
PXL_20221227_181044289.jpg,Electric Work,lighting,Wall sconce installation in hallway,"Santa Ana, CA 92701",2022-12-27
PXL_20221227_181048318.jpg,Electric Work,lighting,Recessed lighting installation in kitchen,"Mission Viejo, CA 92691",2022-12-27
PXL_20230103_160830153.jpg,Electric Work,safety,Code compliance upgrade,"Irvine, CA 92618",2023-01-03
PXL_20230103_160837012.jpg,Electric Work,inspection,Permit inspection preparation,"Woodland Hills, CA 91367",2023-01-03
PXL_20230104_182838539.jpg,Electric Work,inspection,Panel inspection and testing,"Malibu, CA 90265",2023-01-04
PXL_20230104_182843022.MP.jpg,Electric Work,safety,Whole-house surge protector installation,"Encino, CA 91436",2023-01-04
PXL_20230104_182845185.MP.jpg,Electric Work,safety,Arc fault breaker installation for bedrooms,"Pasadena, CA 91101",2023-01-04
PXL_20230104_182908743.MP.jpg,Electric Work,repair,Loose connection repair in panel,"Sun Valley, CA 91352",2023-01-04
PXL_20230104_182913653.jpg,Electric Work,inspection,Circuit labeling and documentation,"Santa Ana, CA 92701",2023-01-04
PXL_20230104_182922716.jpg,Electric Work,repair,Panel bus bar repair,"Chatsworth, CA 91311",2023-01-04
PXL_20230104_182927916.jpg,Electric Work,inspection,Panel inspection and testing,"La Canada Flintridge, CA 91011",2023-01-04
PXL_20230125_175541102.MP.jpg,Electric Work,safety,Emergency lighting installation,"Hawthorne, CA 90250",2023-01-25
PXL_20230125_175545163.jpg,Electric Work,safety,Lightning protection system,"Woodland Hills, CA 91367",2023-01-25
PXL_20230125_175552619.MP.jpg,Electric Work,repair,Tripped breaker investigation,"Covina, CA 91722",2023-01-25
PXL_20230126_172805787.jpg,Electric Work,safety,Code compliance upgrade,"Ontario, CA 91764",2023-01-26
PXL_20230126_193116290.jpg,Electric Work,safety,Whole-house surge protector installation,"Rancho Cucamonga, CA 91730",2023-01-26
PXL_20230130_160003939.jpg,Electric Work,inspection,Load calculation and panel assessment,"Granada Hills, CA 91344",2023-01-30
PXL_20230130_160008582.jpg,Electric Work,safety,Whole-house surge protector installation,"Torrance, CA 90501",2023-01-30
PXL_20230130_160020256.jpg,Electric Work,rewiring,Wire management and organization,"Lake Forest, CA 92630",2023-01-30
PXL_20230130_160025551.jpg,Electric Work,safety,Code compliance upgrade,"Ontario, CA 91764",2023-01-30
PXL_20230130_160033585.jpg,Electric Work,repair,Switch malfunction repair,"Santa Monica, CA 90401",2023-01-30
PXL_20230130_160052551.jpg,Electric Work,safety,Lightning protection system,"Sylmar, CA 91342",2023-01-30
PXL_20230130_160059282.jpg,Electric Work,rewiring,New circuit installation for kitchen remodel,"Ontario, CA 91764",2023-01-30
PXL_20230130_160107892.jpg,Electric Work,inspection,Permit inspection preparation,"Studio City, CA 91604",2023-01-30
PXL_20230215_234340599.jpg,Electric Work,repair,Loose connection repair in panel,"West Covina, CA 91790",2023-02-15
PXL_20230215_234345305.jpg,Electric Work,safety,Lightning protection system,"Covina, CA 91722",2023-02-15
PXL_20230215_234348063.jpg,Electric Work,inspection,Circuit labeling and documentation,"La Crescenta, CA 91214",2023-02-15
PXL_20230215_234356661.jpg,Electric Work,inspection,Panel inspection and testing,"Irvine, CA 92618",2023-02-15
PXL_20230215_234359995.MP.jpg,Electric Work,inspection,Panel inspection and testing,"Canoga Park, CA 91303",2023-02-15
PXL_20230215_234429681.jpg,Electric Work,inspection,Permit inspection preparation,"Tarzana, CA 91356",2023-02-15
PXL_20230215_234437909.jpg,Electric Work,inspection,Safety compliance verification,"North Hollywood, CA 91601",2023-02-15
PXL_20230215_234706122.jpg,Electric Work,rewiring,New circuit installation for kitchen remodel,"Sierra Madre, CA 91024",2023-02-15
PXL_20230215_234834465.jpg,Electric Work,inspection,Safety compliance verification,"Orange, CA 92866",2023-02-15
PXL_20230215_234845348.jpg,Electric Work,rewiring,Electrical rough-in for new construction,"Newport Beach, CA 92660",2023-02-15
PXL_20230215_234931722.jpg,Electric Work,repair,Tripped breaker investigation,"Manhattan Beach, CA 90266",2023-02-15
PXL_20230706_153455218.jpg,Electric Work,inspection,Circuit labeling and documentation,"Van Nuys, CA 91405",2023-07-06
PXL_20230706_153500604.jpg,Electric Work,repair,Tripped breaker investigation,"Studio City, CA 91604",2023-07-06
PXL_20230706_153514059.jpg,Electric Work,rewiring,New circuit installation for kitchen remodel,"Van Nuys, CA 91405",2023-07-06
PXL_20230706_153528321.jpg,Electric Work,inspection,Permit inspection preparation,"Sylmar, CA 91342",2023-07-06
PXL_20230706_153531455.MP.jpg,Electric Work,safety,Code compliance upgrade,"Chatsworth, CA 91311",2023-07-06
PXL_20230710_173242120.jpg,Electric Work,repair,Tripped breaker investigation,"Mission Hills, CA 91345",2023-07-10
PXL_20230710_173251253.jpg,Electric Work,rewiring,Romex wire installation through walls,"West Covina, CA 91790",2023-07-10
PXL_20230710_173255678.jpg,Electric Work,rewiring,Electrical rough-in for new construction,"Hollywood, CA 90028",2023-07-10
PXL_20230710_173320194.jpg,Electric Work,inspection,Circuit labeling and documentation,"Pacoima, CA 91331",2023-07-10
PXL_20230710_173328037.jpg,Electric Work,rewiring,Complete home rewiring from panel to outlets,"Pacoima, CA 91331",2023-07-10
PXL_20230710_173333612.jpg,Electric Work,rewiring,Electrical rough-in for new construction,"Sun Valley, CA 91352",2023-07-10
PXL_20230725_154141607.jpg,Electric Work,inspection,Safety compliance verification,"Granada Hills, CA 91344",2023-07-25
PXL_20230725_154143302.jpg,Electric Work,inspection,Circuit labeling and documentation,"Carson, CA 90745",2023-07-25
PXL_20230906_184200892.jpg,Electric Work,safety,Code compliance upgrade,"Downey, CA 90241",2023-09-06
PXL_20230906_184204411.jpg,Electric Work,inspection,Permit inspection preparation,"Glendale, CA 91201",2023-09-06
PXL_20230906_184217273.jpg,Electric Work,rewiring,Electrical rough-in for new construction,"Lake Forest, CA 92630",2023-09-06
PXL_20230906_184220119.jpg,Electric Work,inspection,Circuit labeling and documentation,"Carson, CA 90745",2023-09-06
QVZjM09GdUNOV1VMY21BTA.jpeg,Electric Work,residential,Residential electrical service installation,"Hollywood, CA 90028",
QVZjN09ZSThwNXE4ZE5ERg.jpeg,Electric Work,residential,Home office electrical installation,"Granada Hills, CA 91344",
QVZjVUJkRnFLNnhCQklHVQ.jpeg,Electric Work,residential,Home office electrical installation,"Winnetka, CA 91306",
QVZjZ1VOc3dkY20tNUNZbQ.jpeg,Electric Work,residential,Home theater electrical setup,"Hollywood, CA 90028",
QVZjakthVlBkYW1jQjYwRA.jpeg,Electric Work,residential,Home office electrical installation,"Redondo Beach, CA 90277",
QVZkcURYZEw4SmdwYTluUA.jpeg,Electric Work,residential,Electrical system modernization,"Sherman Oaks, CA 91423",
QVZkdEdfSVVIY1czUHZxQw.jpeg,Electric Work,residential,Home theater electrical setup,"Covina, CA 91722",
QVZlbHRlVUtPalotcmprTg.jpeg,Electric Work,residential,New home electrical construction,"Mission Hills, CA 91345",
QVZlcVo5MzNjb1BNSnpFUw.jpeg,Electric Work,residential,Home office electrical installation,"Sun Valley, CA 91352",
QVZmOExFNE5fY1BjaGJkbg.jpeg,Electric Work,residential,Electrical maintenance and inspection,"Whittier, CA 90601",
QVZmOFgwdGxUZFFSckl0QQ.jpeg,Electric Work,residential,Home renovation electrical work,"Santa Monica, CA 90401",
QVZmRDdsWVNVQlVjSU1OWQ.jpeg,Electric Work,residential,Home renovation electrical work,"Azusa, CA 91702",
QVZmX0E3Ti02QXl3M1Z6Rg.jpeg,Electric Work,residential,New home electrical construction,"Granada Hills, CA 91344",
QVZmakdhbFpxdmFyaV9xdQ.jpeg,Electric Work,residential,Electrical maintenance and inspection,"Azusa, CA 91702",
QVZmcFE3SU9fT0ItU2htSQ.jpeg,Electric Work,residential,New home electrical construction,"Sherman Oaks, CA 91423",
IMG_20260202_082109672.jpg,Upgrade Electrical Panel Winnetka,panel-upgrade,Panel cover installation with labeled breakers,"Tarzana, CA 91356",2026-02-02
IMG_20260202_082119428.jpg,Upgrade Electrical Panel Winnetka,panel-upgrade,Electrical panel relocation and upgrade,"Arcadia, CA 91006",2026-02-02
IMG_20260202_082135205.jpg,Upgrade Electrical Panel Winnetka,panel-upgrade,Sub-panel installation for additional circuits,"Glendale, CA 91201",2026-02-02
IMG_20260202_082738476.jpg,Upgrade Electrical Panel Winnetka,panel-upgrade,Panel cover installation with labeled breakers,"Azusa, CA 91702",2026-02-02
IMG_20260202_082744482.jpg,Upgrade Electrical Panel Winnetka,panel-upgrade,Electrical panel relocation and upgrade,"La Crescenta, CA 91214",2026-02-02
IMG_20260202_084806773.jpg,Upgrade Electrical Panel Winnetka,panel-upgrade,Panel wiring and circuit organization,"Chatsworth, CA 91311",2026-02-02
IMG_20260202_084810762.jpg,Upgrade Electrical Panel Winnetka,panel-upgrade,Electrical panel relocation and upgrade,"Downey, CA 90241",2026-02-02
IMG_20260203_081520870_HDR.jpg,Upgrade Electrical Panel Winnetka,panel-upgrade,Panel wiring and circuit organization,"Lake Forest, CA 92630",2026-02-03
IMG_20260203_081530487.jpg,Upgrade Electrical Panel Winnetka,panel-upgrade,Panel wiring and circuit organization,"Redondo Beach, CA 90277",2026-02-03
IMG_20260203_081541762.jpg,Upgrade Electrical Panel Winnetka,panel-upgrade,200-amp panel upgrade for home addition,"Anaheim, CA 92801",2026-02-03
IMG_20260203_081549782_HDR.jpg,Upgrade Electrical Panel Winnetka,panel-upgrade,Panel wiring and circuit organization,"Hawthorne, CA 90250",2026-02-03
IMG_20260203_081607731_HDR.jpg,Upgrade Electrical Panel Winnetka,panel-upgrade,Electrical panel relocation and upgrade,"Reseda, CA 91335",2026-02-03
IMG_20260203_081621916_HDR.jpg,Upgrade Electrical Panel Winnetka,panel-upgrade,Panel cover installation with labeled breakers,"Reseda, CA 91335",2026-02-03
IMG_20260203_081627383_HDR.jpg,Upgrade Electrical Panel Winnetka,panel-upgrade,200-amp panel upgrade for home addition,"Sierra Madre, CA 91024",2026-02-03
IMG_20260203_152316530.jpg,Upgrade Electrical Panel Winnetka,panel-upgrade,Circuit breaker panel replacement,"Hollywood, CA 90028",2026-02-03
IMG_20260203_152333218.jpg,Upgrade Electrical Panel Winnetka,panel-upgrade,Panel grounding and bonding work,"Irvine, CA 92618",2026-02-03
IMG_20260203_152336118_HDR.jpg,Upgrade Electrical Panel Winnetka,panel-upgrade,200-amp panel upgrade for home addition,"Lake Forest, CA 92630",2026-02-03
IMG_20260209_130728727.jpg,Upgrade Electrical Panel Winnetka,panel-upgrade,Sub-panel installation for additional circuits,"Woodland Hills, CA 91367",2026-02-09
IMG_20260209_130741612_HDR.jpg,Upgrade Electrical Panel Winnetka,panel-upgrade,Panel cover installation with labeled breakers,"Reseda, CA 91335",2026-02-09
